INFO 2024-07-10 09:13:07,141 autoreload Watching for file changes with StatReloader
DEBUG 2024-07-10 09:13:07,141 autoreload Waiting for apps ready_event.
DEBUG 2024-07-10 09:13:07,190 autoreload Apps ready_event triggered. Sending autoreload_started signal.
DEBUG 2024-07-10 09:13:07,198 autoreload Watching dir /app/apps/users/templates with glob **/*.
DEBUG 2024-07-10 09:13:07,198 autoreload Watching dir /app/templates with glob **/*.
DEBUG 2024-07-10 09:13:07,199 autoreload Watching dir /app/apps/options/templates with glob **/*.
DEBUG 2024-07-10 09:13:07,199 autoreload Watching dir /usr/local/lib/python3.9/site-packages/drf_yasg/templates with glob **/*.
DEBUG 2024-07-10 09:13:07,200 autoreload Watching dir /app/apps/entry/templates with glob **/*.
DEBUG 2024-07-10 09:13:07,200 autoreload Watching dir /usr/local/lib/python3.9/site-packages/rest_framework/templates with glob **/*.
DEBUG 2024-07-10 09:13:07,201 autoreload Watching dir /app/apps/info/templates with glob **/*.
DEBUG 2024-07-10 09:13:07,203 autoreload Watching dir /app/locale with glob **/*.mo.
DEBUG 2024-07-10 09:13:07,203 autoreload Watching dir /usr/local/lib/python3.9/site-packages/rest_framework/locale with glob **/*.mo.
DEBUG 2024-07-10 09:13:07,203 autoreload Watching dir /usr/local/lib/python3.9/site-packages/requests/locale with glob **/*.mo.
DEBUG 2024-07-10 09:13:07,203 autoreload Watching dir /usr/local/lib/python3.9/site-packages/drf_yasg/locale with glob **/*.mo.
DEBUG 2024-07-10 09:13:07,204 autoreload Watching dir /usr/local/lib/python3.9/site-packages/rest_framework_simplejwt/token_blacklist/locale with glob **/*.mo.
DEBUG 2024-07-10 09:13:07,204 autoreload Watching dir /app/apps/users/locale with glob **/*.mo.
DEBUG 2024-07-10 09:13:07,204 autoreload Watching dir /app/apps/entry/locale with glob **/*.mo.
DEBUG 2024-07-10 09:13:07,236 autoreload File /usr/local/lib/python3.9/site-packages/django/db/backends/base/creation.py first seen with mtime 1720597118.397671
DEBUG 2024-07-10 09:13:07,236 autoreload File /usr/local/lib/python3.9/urllib/parse.py first seen with mtime 1719959277.0
DEBUG 2024-07-10 09:13:07,237 autoreload File /usr/local/lib/python3.9/wsgiref/handlers.py first seen with mtime 1719959277.0
DEBUG 2024-07-10 09:13:07,237 autoreload File /usr/local/lib/python3.9/lib-dynload/_csv.cpython-39-aarch64-linux-gnu.so first seen with mtime 1719959266.0
DEBUG 2024-07-10 09:13:07,237 autoreload File /usr/local/lib/python3.9/site-packages/django/core/checks/security/csrf.py first seen with mtime 1720597118.389671
DEBUG 2024-07-10 09:13:07,238 autoreload File /usr/local/lib/python3.9/keyword.py first seen with mtime 1719959275.0
DEBUG 2024-07-10 09:13:07,238 autoreload File /usr/local/lib/python3.9/site-packages/django/urls/base.py first seen with mtime 1720597118.429671
DEBUG 2024-07-10 09:13:07,238 autoreload File /usr/local/lib/python3.9/email/headerregistry.py first seen with mtime 1719959277.0
DEBUG 2024-07-10 09:13:07,238 autoreload File /usr/local/lib/python3.9/plistlib.py first seen with mtime 1719959275.0
DEBUG 2024-07-10 09:13:07,238 autoreload File /usr/local/lib/python3.9/lib-dynload/_posixsubprocess.cpython-39-aarch64-linux-gnu.so first seen with mtime 1719959266.0
DEBUG 2024-07-10 09:13:07,239 autoreload File /usr/local/lib/python3.9/site-packages/yaml/_yaml.cpython-39-aarch64-linux-gnu.so first seen with mtime 1720597112.287671
DEBUG 2024-07-10 09:13:07,239 autoreload File /usr/local/lib/python3.9/site-packages/django/db/backends/mysql/creation.py first seen with mtime 1720597118.399671
DEBUG 2024-07-10 09:13:07,239 autoreload File /usr/local/lib/python3.9/site-packages/pkg_resources/_vendor/packaging/utils.py first seen with mtime 1719989270.0
DEBUG 2024-07-10 09:13:07,239 autoreload File /usr/local/lib/python3.9/site-packages/jinja2/lexer.py first seen with mtime 1720597114.191671
DEBUG 2024-07-10 09:13:07,240 autoreload File /usr/local/lib/python3.9/site-packages/pkg_resources/_vendor/packaging/_compat.py first seen with mtime 1719989270.0
DEBUG 2024-07-10 09:13:07,240 autoreload File /usr/local/lib/python3.9/site-packages/jinja2/async_utils.py first seen with mtime 1720597114.189671
DEBUG 2024-07-10 09:13:07,240 autoreload File /usr/local/lib/python3.9/site-packages/django/template/autoreload.py first seen with mtime 1720597118.424671
DEBUG 2024-07-10 09:13:07,240 autoreload File /usr/local/lib/python3.9/site-packages/django/contrib/admin/utils.py first seen with mtime 1720597118.068671
DEBUG 2024-07-10 09:13:07,241 autoreload File /usr/local/lib/python3.9/site-packages/django/template/__init__.py first seen with mtime 1720597118.424671
DEBUG 2024-07-10 09:13:07,241 autoreload File /usr/local/lib/python3.9/site-packages/django/templatetags/cache.py first seen with mtime 1720597118.427671
DEBUG 2024-07-10 09:13:07,241 autoreload File /usr/local/lib/python3.9/_compat_pickle.py first seen with mtime 1719959275.0
DEBUG 2024-07-10 09:13:07,241 autoreload File /usr/local/lib/python3.9/email/errors.py first seen with mtime 1719959277.0
DEBUG 2024-07-10 09:13:07,242 autoreload File /usr/local/lib/python3.9/encodings/latin_1.py first seen with mtime 1719959277.0
DEBUG 2024-07-10 09:13:07,242 autoreload File /usr/local/lib/python3.9/site-packages/django/utils/functional.py first seen with mtime 1720597118.432671
DEBUG 2024-07-10 09:13:07,242 autoreload File /usr/local/lib/python3.9/site-packages/drf_yasg/views.py first seen with mtime 1720597120.054671
DEBUG 2024-07-10 09:13:07,242 autoreload File /usr/local/lib/python3.9/site-packages/django/db/migrations/utils.py first seen with mtime 1720597118.4056711
DEBUG 2024-07-10 09:13:07,243 autoreload File /usr/local/lib/python3.9/site-packages/pkg_resources/__init__.py first seen with mtime 1719989270.0
DEBUG 2024-07-10 09:13:07,243 autoreload File /usr/local/lib/python3.9/site-packages/django/http/request.py first seen with mtime 1720597118.423671
DEBUG 2024-07-10 09:13:07,243 autoreload File /usr/local/lib/python3.9/lzma.py first seen with mtime 1719959275.0
DEBUG 2024-07-10 09:13:07,243 autoreload File /usr/local/lib/python3.9/site-packages/django/db/models/functions/math.py first seen with mtime 1720597118.411671
DEBUG 2024-07-10 09:13:07,243 autoreload File /usr/local/lib/python3.9/site-packages/yaml/resolver.py first seen with mtime 1720597112.288671
DEBUG 2024-07-10 09:13:07,244 autoreload File /usr/local/lib/python3.9/io.py first seen with mtime 1719959275.0
DEBUG 2024-07-10 09:13:07,244 autoreload File /usr/local/lib/python3.9/site-packages/django/urls/utils.py first seen with mtime 1720597118.430671
DEBUG 2024-07-10 09:13:07,244 autoreload File /usr/local/lib/python3.9/site-packages/markupsafe/_speedups.cpython-39-aarch64-linux-gnu.so first seen with mtime 1720597113.920671
DEBUG 2024-07-10 09:13:07,244 autoreload File /usr/local/lib/python3.9/site-packages/coreapi/client.py first seen with mtime 1720597119.3266711
DEBUG 2024-07-10 09:13:07,245 autoreload File /usr/local/lib/python3.9/email/feedparser.py first seen with mtime 1719959277.0
DEBUG 2024-07-10 09:13:07,245 autoreload File /usr/local/lib/python3.9/site-packages/django/contrib/auth/hashers.py first seen with mtime 1720597118.174671
DEBUG 2024-07-10 09:13:07,245 autoreload File /usr/local/lib/python3.9/operator.py first seen with mtime 1719959275.0
DEBUG 2024-07-10 09:13:07,245 autoreload File /usr/local/lib/python3.9/site-packages/django/contrib/postgres/forms/array.py first seen with mtime 1720597118.305671
DEBUG 2024-07-10 09:13:07,246 autoreload File /usr/local/lib/python3.9/site-packages/requests/cookies.py first seen with mtime 1720597114.121671
DEBUG 2024-07-10 09:13:07,246 autoreload File /usr/local/lib/python3.9/site-packages/rest_framework_simplejwt/models.py first seen with mtime 1720597120.162671
DEBUG 2024-07-10 09:13:07,246 autoreload File /usr/local/lib/python3.9/site-packages/django/core/cache/backends/base.py first seen with mtime 1720597118.386671
DEBUG 2024-07-10 09:13:07,246 autoreload File /usr/local/lib/python3.9/site-packages/django/core/files/base.py first seen with mtime 1720597118.389671
DEBUG 2024-07-10 09:13:07,247 autoreload File /usr/local/lib/python3.9/site-packages/django/contrib/postgres/validators.py first seen with mtime 1720597118.304671
DEBUG 2024-07-10 09:13:07,247 autoreload File /usr/local/lib/python3.9/site-packages/rest_framework_simplejwt/authentication.py first seen with mtime 1720597120.162671
DEBUG 2024-07-10 09:13:07,247 autoreload File /usr/local/lib/python3.9/site-packages/yaml/__init__.py first seen with mtime 1720597112.288671
DEBUG 2024-07-10 09:13:07,247 autoreload File /usr/local/lib/python3.9/site-packages/urllib3/filepost.py first seen with mtime 1720597112.084671
DEBUG 2024-07-10 09:13:07,248 autoreload File /usr/local/lib/python3.9/site-packages/django/db/backends/mysql/features.py first seen with mtime 1720597118.399671
DEBUG 2024-07-10 09:13:07,248 autoreload File /usr/local/lib/python3.9/site-packages/django/utils/text.py first seen with mtime 1720597118.434671
DEBUG 2024-07-10 09:13:07,248 autoreload File /usr/local/lib/python3.9/site-packages/pkg_resources/_vendor/packaging/_structures.py first seen with mtime 1719989270.0
DEBUG 2024-07-10 09:13:07,248 autoreload File /usr/local/lib/python3.9/site-packages/rest_framework/utils/formatting.py first seen with mtime 1720597119.236671
DEBUG 2024-07-10 09:13:07,248 autoreload File /usr/local/lib/python3.9/site-packages/charset_normalizer/md.cpython-39-aarch64-linux-gnu.so first seen with mtime 1720597114.053671
DEBUG 2024-07-10 09:13:07,249 autoreload File /usr/local/lib/python3.9/site-packages/urllib3/util/ssltransport.py first seen with mtime 1720597112.087671
DEBUG 2024-07-10 09:13:07,249 autoreload File /usr/local/lib/python3.9/site-packages/idna/idnadata.py first seen with mtime 1720597113.932671
DEBUG 2024-07-10 09:13:07,249 autoreload File /usr/local/lib/python3.9/xml/dom/minidom.py first seen with mtime 1719959277.0
DEBUG 2024-07-10 09:13:07,249 autoreload File /usr/local/lib/python3.9/site-packages/django/db/models/manager.py first seen with mtime 1720597118.408671
DEBUG 2024-07-10 09:13:07,250 autoreload File /usr/local/lib/python3.9/site-packages/django/core/files/utils.py first seen with mtime 1720597118.389671
DEBUG 2024-07-10 09:13:07,250 autoreload File /usr/local/lib/python3.9/asyncio/tasks.py first seen with mtime 1719959277.0
DEBUG 2024-07-10 09:13:07,250 autoreload File /usr/local/lib/python3.9/email/mime/nonmultipart.py first seen with mtime 1719959277.0
DEBUG 2024-07-10 09:13:07,250 autoreload File /usr/local/lib/python3.9/site-packages/rest_framework/reverse.py first seen with mtime 1720597119.204671
DEBUG 2024-07-10 09:13:07,250 autoreload File /usr/local/lib/python3.9/zoneinfo/_common.py first seen with mtime 1719959277.0
DEBUG 2024-07-10 09:13:07,251 autoreload File /usr/local/lib/python3.9/lib-dynload/_bz2.cpython-39-aarch64-linux-gnu.so first seen with mtime 1719959268.0
DEBUG 2024-07-10 09:13:07,251 autoreload File /usr/local/lib/python3.9/copy.py first seen with mtime 1719959275.0
DEBUG 2024-07-10 09:13:07,251 autoreload File /usr/local/lib/python3.9/lib-dynload/_datetime.cpython-39-aarch64-linux-gnu.so first seen with mtime 1719959266.0
DEBUG 2024-07-10 09:13:07,251 autoreload File /usr/local/lib/python3.9/token.py first seen with mtime 1719959275.0
DEBUG 2024-07-10 09:13:07,252 autoreload File /usr/local/lib/python3.9/site-packages/yaml/representer.py first seen with mtime 1720597112.288671
DEBUG 2024-07-10 09:13:07,252 autoreload File /usr/local/lib/python3.9/site-packages/asgiref/current_thread_executor.py first seen with mtime 1720597114.313671
DEBUG 2024-07-10 09:13:07,252 autoreload File /usr/local/lib/python3.9/site-packages/coreschema/formats.py first seen with mtime 1720597119.180671
DEBUG 2024-07-10 09:13:07,252 autoreload File /usr/local/lib/python3.9/site-packages/coreapi/transports/base.py first seen with mtime 1720597119.328671
DEBUG 2024-07-10 09:13:07,252 autoreload File /usr/local/lib/python3.9/lib-dynload/_ssl.cpython-39-aarch64-linux-gnu.so first seen with mtime 1719959268.0
DEBUG 2024-07-10 09:13:07,253 autoreload File /usr/local/lib/python3.9/site-packages/sqlparse/lexer.py first seen with mtime 1720597112.218671
DEBUG 2024-07-10 09:13:07,253 autoreload File /usr/local/lib/python3.9/http/cookiejar.py first seen with mtime 1719959277.0
DEBUG 2024-07-10 09:13:07,253 autoreload File /usr/local/lib/python3.9/site-packages/django/db/migrations/state.py first seen with mtime 1720597118.4056711
DEBUG 2024-07-10 09:13:07,254 autoreload File /usr/local/lib/python3.9/site-packages/jinja2/runtime.py first seen with mtime 1720597114.192671
DEBUG 2024-07-10 09:13:07,254 autoreload File /usr/local/lib/python3.9/xml/__init__.py first seen with mtime 1719959277.0
DEBUG 2024-07-10 09:13:07,254 autoreload File /usr/local/lib/python3.9/xml/dom/NodeFilter.py first seen with mtime 1719959277.0
DEBUG 2024-07-10 09:13:07,254 autoreload File /usr/local/lib/python3.9/lib-dynload/_zoneinfo.cpython-39-aarch64-linux-gnu.so first seen with mtime 1719959265.0
DEBUG 2024-07-10 09:13:07,254 autoreload File /usr/local/lib/python3.9/site-packages/django/core/checks/translation.py first seen with mtime 1720597118.388671
DEBUG 2024-07-10 09:13:07,255 autoreload File /usr/local/lib/python3.9/calendar.py first seen with mtime 1719959275.0
DEBUG 2024-07-10 09:13:07,255 autoreload File /usr/local/lib/python3.9/site-packages/itypes.py first seen with mtime 1720597112.048671
DEBUG 2024-07-10 09:13:07,255 autoreload File /usr/local/lib/python3.9/argparse.py first seen with mtime 1719959275.0
DEBUG 2024-07-10 09:13:07,255 autoreload File /usr/local/lib/python3.9/site-packages/sqlparse/keywords.py first seen with mtime 1720597112.218671
DEBUG 2024-07-10 09:13:07,255 autoreload File /usr/local/lib/python3.9/site-packages/uritemplate/__init__.py first seen with mtime 1720597112.131671
DEBUG 2024-07-10 09:13:07,256 autoreload File /usr/local/lib/python3.9/site-packages/django/forms/boundfield.py first seen with mtime 1720597118.414671
DEBUG 2024-07-10 09:13:07,256 autoreload File /usr/local/lib/python3.9/site-packages/environ/fileaware_mapping.py first seen with mtime 1720597114.042671
DEBUG 2024-07-10 09:13:07,256 autoreload File /usr/local/lib/python3.9/asyncio/runners.py first seen with mtime 1719959277.0
DEBUG 2024-07-10 09:13:07,256 autoreload File /usr/local/lib/python3.9/site-packages/django/core/files/uploadhandler.py first seen with mtime 1720597118.389671
DEBUG 2024-07-10 09:13:07,256 autoreload File /usr/local/lib/python3.9/site-packages/asgiref/sync.py first seen with mtime 1720597114.313671
DEBUG 2024-07-10 09:13:07,257 autoreload File /usr/local/lib/python3.9/http/__init__.py first seen with mtime 1719959277.0
DEBUG 2024-07-10 09:13:07,257 autoreload File /usr/local/lib/python3.9/site-packages/certifi/__init__.py first seen with mtime 1720597114.076671
DEBUG 2024-07-10 09:13:07,257 autoreload File /usr/local/lib/python3.9/site-packages/django/core/serializers/__init__.py first seen with mtime 1720597118.395671
DEBUG 2024-07-10 09:13:07,257 autoreload File /usr/local/lib/python3.9/site-packages/django/db/migrations/operations/fields.py first seen with mtime 1720597118.4056711
DEBUG 2024-07-10 09:13:07,258 autoreload File /usr/local/lib/python3.9/site-packages/django/db/models/constraints.py first seen with mtime 1720597118.407671
DEBUG 2024-07-10 09:13:07,258 autoreload File /usr/local/lib/python3.9/site-packages/django/forms/renderers.py first seen with mtime 1720597118.415671
DEBUG 2024-07-10 09:13:07,258 autoreload File /usr/local/lib/python3.9/lib-dynload/grp.cpython-39-aarch64-linux-gnu.so first seen with mtime 1719959265.0
DEBUG 2024-07-10 09:13:07,258 autoreload File /usr/local/lib/python3.9/importlib/metadata.py first seen with mtime 1719959276.0
DEBUG 2024-07-10 09:13:07,258 autoreload File /usr/local/lib/python3.9/site-packages/requests/sessions.py first seen with mtime 1720597114.122671
DEBUG 2024-07-10 09:13:07,259 autoreload File /usr/local/lib/python3.9/site-packages/django/contrib/postgres/forms/hstore.py first seen with mtime 1720597118.305671
DEBUG 2024-07-10 09:13:07,259 autoreload File /usr/local/lib/python3.9/site-packages/django/middleware/csrf.py first seen with mtime 1720597118.424671
DEBUG 2024-07-10 09:13:07,259 autoreload File /usr/local/lib/python3.9/site-packages/rest_framework/apps.py first seen with mtime 1720597119.2016711
DEBUG 2024-07-10 09:13:07,259 autoreload File /usr/local/lib/python3.9/site-packages/coreapi/transports/http.py first seen with mtime 1720597119.328671
DEBUG 2024-07-10 09:13:07,260 autoreload File /usr/local/lib/python3.9/site-packages/django/core/files/__init__.py first seen with mtime 1720597118.389671
DEBUG 2024-07-10 09:13:07,260 autoreload File /usr/local/lib/python3.9/site-packages/requests/adapters.py first seen with mtime 1720597114.120671
DEBUG 2024-07-10 09:13:07,260 autoreload File /usr/local/lib/python3.9/site-packages/django/core/checks/templates.py first seen with mtime 1720597118.388671
DEBUG 2024-07-10 09:13:07,260 autoreload File /usr/local/lib/python3.9/site-packages/django/contrib/staticfiles/utils.py first seen with mtime 1720597118.384671
DEBUG 2024-07-10 09:13:07,261 autoreload File /usr/local/lib/python3.9/site-packages/django/db/models/fields/json.py first seen with mtime 1720597118.410671
DEBUG 2024-07-10 09:13:07,261 autoreload File /usr/local/lib/python3.9/site-packages/django/shortcuts.py first seen with mtime 1720597118.008671
DEBUG 2024-07-10 09:13:07,261 autoreload File /usr/local/lib/python3.9/site-packages/django/template/loader_tags.py first seen with mtime 1720597118.426671
DEBUG 2024-07-10 09:13:07,261 autoreload File /usr/local/lib/python3.9/asyncio/futures.py first seen with mtime 1719959277.0
DEBUG 2024-07-10 09:13:07,262 autoreload File /usr/local/lib/python3.9/site-packages/django/core/validators.py first seen with mtime 1720597118.386671
DEBUG 2024-07-10 09:13:07,262 autoreload File /usr/local/lib/python3.9/site-packages/django/db/models/query.py first seen with mtime 1720597118.408671
DEBUG 2024-07-10 09:13:07,262 autoreload File /usr/local/lib/python3.9/site-packages/django/db/utils.py first seen with mtime 1720597118.396671
DEBUG 2024-07-10 09:13:07,262 autoreload File /usr/local/lib/python3.9/site-packages/django/contrib/sessions/apps.py first seen with mtime 1720597118.341671
DEBUG 2024-07-10 09:13:07,263 autoreload File /usr/local/lib/python3.9/site-packages/urllib3/poolmanager.py first seen with mtime 1720597112.084671
DEBUG 2024-07-10 09:13:07,263 autoreload File /usr/local/lib/python3.9/site-packages/rest_framework/serializers.py first seen with mtime 1720597119.205671
DEBUG 2024-07-10 09:13:07,263 autoreload File /usr/local/lib/python3.9/warnings.py first seen with mtime 1719959275.0
DEBUG 2024-07-10 09:13:07,263 autoreload File /usr/local/lib/python3.9/site-packages/pkg_resources/_vendor/packaging/specifiers.py first seen with mtime 1719989270.0
DEBUG 2024-07-10 09:13:07,263 autoreload File /usr/local/lib/python3.9/gettext.py first seen with mtime 1719959275.0
DEBUG 2024-07-10 09:13:07,264 autoreload File /usr/local/lib/python3.9/asyncio/events.py first seen with mtime 1719959277.0
DEBUG 2024-07-10 09:13:07,264 autoreload File /usr/local/lib/python3.9/tokenize.py first seen with mtime 1719959275.0
DEBUG 2024-07-10 09:13:07,264 autoreload File /usr/local/lib/python3.9/decimal.py first seen with mtime 1719959275.0
DEBUG 2024-07-10 09:13:07,264 autoreload File /usr/local/lib/python3.9/contextvars.py first seen with mtime 1719959275.0
DEBUG 2024-07-10 09:13:07,265 autoreload File /usr/local/lib/python3.9/site-packages/uritemplate/orderedset.py first seen with mtime 1720597112.131671
DEBUG 2024-07-10 09:13:07,265 autoreload File /usr/local/lib/python3.9/site-packages/django/utils/timezone.py first seen with mtime 1720597118.434671
DEBUG 2024-07-10 09:13:07,265 autoreload File /usr/local/lib/python3.9/site-packages/django/core/management/commands/runserver.py first seen with mtime 1720597118.394671
DEBUG 2024-07-10 09:13:07,265 autoreload File /usr/local/lib/python3.9/site-packages/urllib3/util/response.py first seen with mtime 1720597112.086671
DEBUG 2024-07-10 09:13:07,265 autoreload File /usr/local/lib/python3.9/json/__init__.py first seen with mtime 1719959277.0
DEBUG 2024-07-10 09:13:07,266 autoreload File /usr/local/lib/python3.9/site-packages/django/contrib/admin/views/decorators.py first seen with mtime 1720597118.147671
DEBUG 2024-07-10 09:13:07,266 autoreload File /usr/local/lib/python3.9/xml/dom/__init__.py first seen with mtime 1719959277.0
DEBUG 2024-07-10 09:13:07,266 autoreload File /usr/local/lib/python3.9/email/charset.py first seen with mtime 1719959277.0
DEBUG 2024-07-10 09:13:07,266 autoreload File /usr/local/lib/python3.9/site-packages/rest_framework_simplejwt/settings.py first seen with mtime 1720597120.163671
DEBUG 2024-07-10 09:13:07,267 autoreload File /usr/local/lib/python3.9/site-packages/django/core/mail/utils.py first seen with mtime 1720597118.391671
DEBUG 2024-07-10 09:13:07,267 autoreload File /usr/local/lib/python3.9/site-packages/jinja2/environment.py first seen with mtime 1720597114.190671
DEBUG 2024-07-10 09:13:07,267 autoreload File /usr/local/lib/python3.9/lib-dynload/pyexpat.cpython-39-aarch64-linux-gnu.so first seen with mtime 1719959269.0
DEBUG 2024-07-10 09:13:07,267 autoreload File /usr/local/lib/python3.9/site-packages/rest_framework/schemas/__init__.py first seen with mtime 1720597119.216671
DEBUG 2024-07-10 09:13:07,267 autoreload File /usr/local/lib/python3.9/encodings/idna.py first seen with mtime 1719959277.0
DEBUG 2024-07-10 09:13:07,268 autoreload File /usr/local/lib/python3.9/site-packages/django/core/handlers/__init__.py first seen with mtime 1720597118.390671
DEBUG 2024-07-10 09:13:07,268 autoreload File /usr/local/lib/python3.9/site-packages/django/core/checks/async_checks.py first seen with mtime 1720597118.387671
DEBUG 2024-07-10 09:13:07,268 autoreload File /usr/local/lib/python3.9/site-packages/coreapi/transports/__init__.py first seen with mtime 1720597119.328671
DEBUG 2024-07-10 09:13:07,268 autoreload File /usr/local/lib/python3.9/site-packages/django/conf/locale/__init__.py first seen with mtime 1720597118.009671
DEBUG 2024-07-10 09:13:07,268 autoreload File /usr/local/lib/python3.9/site-packages/rest_framework/utils/representation.py first seen with mtime 1720597119.236671
DEBUG 2024-07-10 09:13:07,269 autoreload File /usr/local/lib/python3.9/site-packages/rest_framework/utils/urls.py first seen with mtime 1720597119.236671
DEBUG 2024-07-10 09:13:07,269 autoreload File /usr/local/lib/python3.9/site-packages/django/contrib/auth/tokens.py first seen with mtime 1720597118.175671
DEBUG 2024-07-10 09:13:07,269 autoreload File /usr/local/lib/python3.9/uu.py first seen with mtime 1719959275.0
DEBUG 2024-07-10 09:13:07,269 autoreload File /usr/local/lib/python3.9/site-packages/coreschema/encodings/__init__.py first seen with mtime 1720597119.181671
DEBUG 2024-07-10 09:13:07,270 autoreload File /usr/local/lib/python3.9/site-packages/django/core/files/storage/base.py first seen with mtime 1720597118.390671
DEBUG 2024-07-10 09:13:07,270 autoreload File /usr/local/lib/python3.9/email/mime/message.py first seen with mtime 1719959277.0
DEBUG 2024-07-10 09:13:07,270 autoreload File /usr/local/lib/python3.9/site-packages/django/utils/translation/trans_real.py first seen with mtime 1720597118.435671
DEBUG 2024-07-10 09:13:07,270 autoreload File /usr/local/lib/python3.9/site-packages/urllib3/contrib/__init__.py first seen with mtime 1720597112.085671
DEBUG 2024-07-10 09:13:07,270 autoreload File /usr/local/lib/python3.9/lib-dynload/_opcode.cpython-39-aarch64-linux-gnu.so first seen with mtime 1719959265.0
DEBUG 2024-07-10 09:13:07,271 autoreload File /usr/local/lib/python3.9/site-packages/django/forms/widgets.py first seen with mtime 1720597118.415671
DEBUG 2024-07-10 09:13:07,271 autoreload File /usr/local/lib/python3.9/site-packages/django/contrib/auth/admin.py first seen with mtime 1720597118.173671
DEBUG 2024-07-10 09:13:07,271 autoreload File /usr/local/lib/python3.9/site-packages/django/utils/formats.py first seen with mtime 1720597118.432671
DEBUG 2024-07-10 09:13:07,271 autoreload File /usr/local/lib/python3.9/site-packages/django/contrib/auth/decorators.py first seen with mtime 1720597118.174671
DEBUG 2024-07-10 09:13:07,272 autoreload File /usr/local/lib/python3.9/_markupbase.py first seen with mtime 1719959275.0
DEBUG 2024-07-10 09:13:07,272 autoreload File /usr/local/lib/python3.9/site-packages/django/db/models/fields/reverse_related.py first seen with mtime 1720597118.411671
DEBUG 2024-07-10 09:13:07,272 autoreload File /usr/local/lib/python3.9/email/_header_value_parser.py first seen with mtime 1719959277.0
DEBUG 2024-07-10 09:13:07,272 autoreload File /usr/local/lib/python3.9/glob.py first seen with mtime 1719959275.0
DEBUG 2024-07-10 09:13:07,272 autoreload File /usr/local/lib/python3.9/site-packages/django/contrib/staticfiles/management/commands/runserver.py first seen with mtime 1720597118.385671
DEBUG 2024-07-10 09:13:07,273 autoreload File /usr/local/lib/python3.9/site-packages/django/utils/timesince.py first seen with mtime 1720597118.434671
DEBUG 2024-07-10 09:13:07,273 autoreload File /usr/local/lib/python3.9/pprint.py first seen with mtime 1719959275.0
DEBUG 2024-07-10 09:13:07,273 autoreload File /usr/local/lib/python3.9/stringprep.py first seen with mtime 1719959275.0
DEBUG 2024-07-10 09:13:07,273 autoreload File /usr/local/lib/python3.9/site-packages/django/db/models/sql/where.py first seen with mtime 1720597118.413671
DEBUG 2024-07-10 09:13:07,274 autoreload File /usr/local/lib/python3.9/site-packages/django/http/response.py first seen with mtime 1720597118.423671
DEBUG 2024-07-10 09:13:07,274 autoreload File /usr/local/lib/python3.9/site-packages/django/contrib/staticfiles/__init__.py first seen with mtime 1720597118.384671
DEBUG 2024-07-10 09:13:07,274 autoreload File /usr/local/lib/python3.9/site-packages/django/views/decorators/__init__.py first seen with mtime 1720597118.436671
DEBUG 2024-07-10 09:13:07,274 autoreload File /usr/local/lib/python3.9/lib-dynload/_struct.cpython-39-aarch64-linux-gnu.so first seen with mtime 1719959265.0
DEBUG 2024-07-10 09:13:07,275 autoreload File /usr/local/lib/python3.9/site-packages/django/views/decorators/cache.py first seen with mtime 1720597118.436671
DEBUG 2024-07-10 09:13:07,275 autoreload File /app/manage.py first seen with mtime 1720164569.09217
DEBUG 2024-07-10 09:13:07,275 autoreload File /usr/local/lib/python3.9/site-packages/django/utils/itercompat.py first seen with mtime 1720597118.433671
DEBUG 2024-07-10 09:13:07,275 autoreload File /usr/local/lib/python3.9/site-packages/urllib3/util/util.py first seen with mtime 1720597112.087671
DEBUG 2024-07-10 09:13:07,276 autoreload File /usr/local/lib/python3.9/site-packages/django/db/__init__.py first seen with mtime 1720597118.396671
DEBUG 2024-07-10 09:13:07,276 autoreload File /usr/local/lib/python3.9/site-packages/rest_framework/parsers.py first seen with mtime 1720597119.203671
DEBUG 2024-07-10 09:13:07,276 autoreload File /usr/local/lib/python3.9/encodings/utf_8.py first seen with mtime 1719959277.0
DEBUG 2024-07-10 09:13:07,276 autoreload File /usr/local/lib/python3.9/site-packages/yaml/parser.py first seen with mtime 1720597112.289671
DEBUG 2024-07-10 09:13:07,277 autoreload File /usr/local/lib/python3.9/site-packages/django/http/cookie.py first seen with mtime 1720597118.422671
DEBUG 2024-07-10 09:13:07,277 autoreload File /usr/local/lib/python3.9/subprocess.py first seen with mtime 1719959275.0
DEBUG 2024-07-10 09:13:07,277 autoreload File /app/apps/entry/views.py first seen with mtime 1720513188.6477406
DEBUG 2024-07-10 09:13:07,277 autoreload File /usr/local/lib/python3.9/site-packages/MySQLdb/constants/__init__.py first seen with mtime 1720597113.906671
DEBUG 2024-07-10 09:13:07,277 autoreload File /usr/local/lib/python3.9/site-packages/django/contrib/admin/views/__init__.py first seen with mtime 1720597118.147671
DEBUG 2024-07-10 09:13:07,278 autoreload File /usr/local/lib/python3.9/site-packages/jinja2/compiler.py first seen with mtime 1720597114.190671
DEBUG 2024-07-10 09:13:07,278 autoreload File /usr/local/lib/python3.9/sysconfig.py first seen with mtime 1719959275.0
DEBUG 2024-07-10 09:13:07,278 autoreload File /usr/local/lib/python3.9/wsgiref/simple_server.py first seen with mtime 1719959277.0
DEBUG 2024-07-10 09:13:07,278 autoreload File /usr/local/lib/python3.9/lib-dynload/fcntl.cpython-39-aarch64-linux-gnu.so first seen with mtime 1719959266.0
DEBUG 2024-07-10 09:13:07,279 autoreload File /usr/local/lib/python3.9/site-packages/django/core/handlers/wsgi.py first seen with mtime 1720597118.391671
DEBUG 2024-07-10 09:13:07,279 autoreload File /usr/local/lib/python3.9/site-packages/django/contrib/admin/views/main.py first seen with mtime 1720597118.147671
DEBUG 2024-07-10 09:13:07,279 autoreload File /usr/local/lib/python3.9/site-packages/yaml/emitter.py first seen with mtime 1720597112.289671
DEBUG 2024-07-10 09:13:07,279 autoreload File /usr/local/lib/python3.9/site-packages/django/db/models/functions/window.py first seen with mtime 1720597118.412671
DEBUG 2024-07-10 09:13:07,280 autoreload File /usr/local/lib/python3.9/site-packages/django/contrib/admin/templatetags/base.py first seen with mtime 1720597118.147671
DEBUG 2024-07-10 09:13:07,280 autoreload File /usr/local/lib/python3.9/asyncio/constants.py first seen with mtime 1719959277.0
DEBUG 2024-07-10 09:13:07,280 autoreload File /usr/local/lib/python3.9/site-packages/django/db/models/query_utils.py first seen with mtime 1720597118.409671
DEBUG 2024-07-10 09:13:07,280 autoreload File /usr/local/lib/python3.9/site-packages/urllib3/contrib/socks.py first seen with mtime 1720597112.085671
DEBUG 2024-07-10 09:13:07,280 autoreload File /usr/local/lib/python3.9/__future__.py first seen with mtime 1719959275.0
DEBUG 2024-07-10 09:13:07,281 autoreload File /usr/local/lib/python3.9/site-packages/django/contrib/sessions/base_session.py first seen with mtime 1720597118.341671
DEBUG 2024-07-10 09:13:07,281 autoreload File /usr/local/lib/python3.9/traceback.py first seen with mtime 1719959275.0
DEBUG 2024-07-10 09:13:07,281 autoreload File /usr/local/lib/python3.9/site-packages/django/core/mail/__init__.py first seen with mtime 1720597118.391671
DEBUG 2024-07-10 09:13:07,281 autoreload File /usr/local/lib/python3.9/site-packages/rest_framework/metadata.py first seen with mtime 1720597119.203671
DEBUG 2024-07-10 09:13:07,282 autoreload File /usr/local/lib/python3.9/unittest/util.py first seen with mtime 1719959277.0
DEBUG 2024-07-10 09:13:07,282 autoreload File /usr/local/lib/python3.9/site-packages/django/db/models/enums.py first seen with mtime 1720597118.407671
DEBUG 2024-07-10 09:13:07,282 autoreload File /usr/local/lib/python3.9/site-packages/django/core/signing.py first seen with mtime 1720597118.386671
DEBUG 2024-07-10 09:13:07,282 autoreload File /usr/local/lib/python3.9/site-packages/django/contrib/messages/apps.py first seen with mtime 1720597118.302671
DEBUG 2024-07-10 09:13:07,282 autoreload File /usr/local/lib/python3.9/site-packages/rest_framework/response.py first seen with mtime 1720597119.204671
DEBUG 2024-07-10 09:13:07,283 autoreload File /usr/local/lib/python3.9/lib-dynload/_sha512.cpython-39-aarch64-linux-gnu.so first seen with mtime 1719959267.0
DEBUG 2024-07-10 09:13:07,283 autoreload File /usr/local/lib/python3.9/site-packages/django/contrib/auth/base_user.py first seen with mtime 1720597118.173671
DEBUG 2024-07-10 09:13:07,283 autoreload File /usr/local/lib/python3.9/site-packages/django/contrib/admindocs/utils.py first seen with mtime 1720597118.148671
DEBUG 2024-07-10 09:13:07,283 autoreload File /usr/local/lib/python3.9/site-packages/django/utils/ipv6.py first seen with mtime 1720597118.433671
DEBUG 2024-07-10 09:13:07,284 autoreload File /usr/local/lib/python3.9/site-packages/django/contrib/auth/__init__.py first seen with mtime 1720597118.173671
DEBUG 2024-07-10 09:13:07,284 autoreload File /usr/local/lib/python3.9/reprlib.py first seen with mtime 1719959275.0
DEBUG 2024-07-10 09:13:07,284 autoreload File /usr/local/lib/python3.9/site-packages/requests/__init__.py first seen with mtime 1720597114.120671
DEBUG 2024-07-10 09:13:07,284 autoreload File /usr/local/lib/python3.9/site-packages/django/core/handlers/asgi.py first seen with mtime 1720597118.390671
DEBUG 2024-07-10 09:13:07,284 autoreload File /usr/local/lib/python3.9/site-packages/django/core/serializers/python.py first seen with mtime 1720597118.396671
DEBUG 2024-07-10 09:13:07,285 autoreload File /app/apps/users/serializers.py first seen with mtime 1720602786.2349288
DEBUG 2024-07-10 09:13:07,285 autoreload File /usr/local/lib/python3.9/site-packages/MySQLdb/release.py first seen with mtime 1720597113.906671
DEBUG 2024-07-10 09:13:07,285 autoreload File /usr/local/lib/python3.9/site-packages/django/core/checks/__init__.py first seen with mtime 1720597118.387671
DEBUG 2024-07-10 09:13:07,285 autoreload File /usr/local/lib/python3.9/site-packages/asgiref/local.py first seen with mtime 1720597114.313671
DEBUG 2024-07-10 09:13:07,286 autoreload File /usr/local/lib/python3.9/site-packages/django/contrib/__init__.py first seen with mtime 1720597118.066671
DEBUG 2024-07-10 09:13:07,286 autoreload File /usr/local/lib/python3.9/site-packages/jinja2/defaults.py first seen with mtime 1720597114.190671
DEBUG 2024-07-10 09:13:07,286 autoreload File /usr/local/lib/python3.9/site-packages/coreapi/document.py first seen with mtime 1720597119.327671
DEBUG 2024-07-10 09:13:07,286 autoreload File /usr/local/lib/python3.9/site-packages/django/core/checks/model_checks.py first seen with mtime 1720597118.388671
DEBUG 2024-07-10 09:13:07,286 autoreload File /usr/local/lib/python3.9/site-packages/django/core/checks/security/sessions.py first seen with mtime 1720597118.389671
DEBUG 2024-07-10 09:13:07,287 autoreload File /usr/local/lib/python3.9/asyncio/unix_events.py first seen with mtime 1719959277.0
DEBUG 2024-07-10 09:13:07,287 autoreload File /usr/local/lib/python3.9/site-packages/django/contrib/postgres/search.py first seen with mtime 1720597118.3036711
DEBUG 2024-07-10 09:13:07,287 autoreload File /usr/local/lib/python3.9/wsgiref/util.py first seen with mtime 1719959277.0
DEBUG 2024-07-10 09:13:07,287 autoreload File /usr/local/lib/python3.9/site-packages/environ/environ.py first seen with mtime 1720597114.042671
DEBUG 2024-07-10 09:13:07,288 autoreload File /usr/local/lib/python3.9/site-packages/drf_yasg/inspectors/base.py first seen with mtime 1720597120.055671
DEBUG 2024-07-10 09:13:07,288 autoreload File /usr/local/lib/python3.9/asyncio/log.py first seen with mtime 1719959277.0
DEBUG 2024-07-10 09:13:07,288 autoreload File /usr/local/lib/python3.9/site-packages/django/core/files/storage/__init__.py first seen with mtime 1720597118.390671
DEBUG 2024-07-10 09:13:07,288 autoreload File /usr/local/lib/python3.9/site-packages/pkg_resources/_vendor/packaging/_typing.py first seen with mtime 1719989270.0
DEBUG 2024-07-10 09:13:07,289 autoreload File /usr/local/lib/python3.9/site-packages/rest_framework/schemas/openapi.py first seen with mtime 1720597119.217671
DEBUG 2024-07-10 09:13:07,289 autoreload File /usr/local/lib/python3.9/site-packages/django/core/files/move.py first seen with mtime 1720597118.389671
DEBUG 2024-07-10 09:13:07,289 autoreload File /usr/local/lib/python3.9/_collections_abc.py first seen with mtime 1719959275.0
DEBUG 2024-07-10 09:13:07,289 autoreload File /usr/local/lib/python3.9/site-packages/django/db/models/functions/datetime.py first seen with mtime 1720597118.411671
DEBUG 2024-07-10 09:13:07,289 autoreload File /usr/local/lib/python3.9/site-packages/django/contrib/auth/management/__init__.py first seen with mtime 1720597118.201671
DEBUG 2024-07-10 09:13:07,290 autoreload File /usr/local/lib/python3.9/site-packages/django/template/loaders/filesystem.py first seen with mtime 1720597118.427671
DEBUG 2024-07-10 09:13:07,290 autoreload File /usr/local/lib/python3.9/site-packages/MySQLdb/_mysql.cpython-39-aarch64-linux-gnu.so first seen with mtime 1720597113.9056711
DEBUG 2024-07-10 09:13:07,290 autoreload File /usr/local/lib/python3.9/site-packages/django/utils/dates.py first seen with mtime 1720597118.431671
DEBUG 2024-07-10 09:13:07,290 autoreload File /usr/local/lib/python3.9/site-packages/django/contrib/sites/shortcuts.py first seen with mtime 1720597118.364671
DEBUG 2024-07-10 09:13:07,291 autoreload File /usr/local/lib/python3.9/bz2.py first seen with mtime 1719959275.0
DEBUG 2024-07-10 09:13:07,291 autoreload File /app/config/__init__.py first seen with mtime 1720164569.0897193
DEBUG 2024-07-10 09:13:07,291 autoreload File /usr/local/lib/python3.9/linecache.py first seen with mtime 1719959275.0
DEBUG 2024-07-10 09:13:07,291 autoreload File /usr/local/lib/python3.9/shutil.py first seen with mtime 1719959275.0
DEBUG 2024-07-10 09:13:07,291 autoreload File /usr/local/lib/python3.9/site-packages/django/db/backends/base/client.py first seen with mtime 1720597118.397671
DEBUG 2024-07-10 09:13:07,292 autoreload File /usr/local/lib/python3.9/string.py first seen with mtime 1719959275.0
DEBUG 2024-07-10 09:13:07,292 autoreload File /usr/local/lib/python3.9/site-packages/charset_normalizer/md__mypyc.cpython-39-aarch64-linux-gnu.so first seen with mtime 1720597114.053671
DEBUG 2024-07-10 09:13:07,292 autoreload File /usr/local/lib/python3.9/site-packages/drf_yasg/openapi.py first seen with mtime 1720597120.054671
DEBUG 2024-07-10 09:13:07,292 autoreload File /usr/local/lib/python3.9/http/server.py first seen with mtime 1719959277.0
DEBUG 2024-07-10 09:13:07,292 autoreload File /usr/local/lib/python3.9/site-packages/urllib3/util/__init__.py first seen with mtime 1720597112.086671
DEBUG 2024-07-10 09:13:07,293 autoreload File /usr/local/lib/python3.9/site-packages/django/core/checks/security/base.py first seen with mtime 1720597118.388671
DEBUG 2024-07-10 09:13:07,293 autoreload File /usr/local/lib/python3.9/xml/parsers/__init__.py first seen with mtime 1719959277.0
DEBUG 2024-07-10 09:13:07,293 autoreload File /usr/local/lib/python3.9/lib-dynload/termios.cpython-39-aarch64-linux-gnu.so first seen with mtime 1719959268.0
DEBUG 2024-07-10 09:13:07,293 autoreload File /usr/local/lib/python3.9/site-packages/django/db/backends/mysql/client.py first seen with mtime 1720597118.399671
DEBUG 2024-07-10 09:13:07,294 autoreload File /usr/local/lib/python3.9/site-packages/jinja2/nodes.py first seen with mtime 1720597114.192671
DEBUG 2024-07-10 09:13:07,294 autoreload File /usr/local/lib/python3.9/logging/handlers.py first seen with mtime 1719959277.0
DEBUG 2024-07-10 09:13:07,294 autoreload File /usr/local/lib/python3.9/site-packages/django/db/models/fields/related.py first seen with mtime 1720597118.410671
DEBUG 2024-07-10 09:13:07,294 autoreload File /usr/local/lib/python3.9/site-packages/urllib3/util/request.py first seen with mtime 1720597112.086671
DEBUG 2024-07-10 09:13:07,295 autoreload File /usr/local/lib/python3.9/pathlib.py first seen with mtime 1719959275.0
DEBUG 2024-07-10 09:13:07,295 autoreload File /usr/local/lib/python3.9/site-packages/charset_normalizer/version.py first seen with mtime 1720597114.054671
DEBUG 2024-07-10 09:13:07,295 autoreload File /usr/local/lib/python3.9/site-packages/coreapi/codecs/text.py first seen with mtime 1720597119.327671
DEBUG 2024-07-10 09:13:07,295 autoreload File /usr/local/lib/python3.9/site-packages/urllib3/exceptions.py first seen with mtime 1720597112.084671
DEBUG 2024-07-10 09:13:07,295 autoreload File /usr/local/lib/python3.9/site-packages/django/contrib/admin/templatetags/log.py first seen with mtime 1720597118.147671
DEBUG 2024-07-10 09:13:07,296 autoreload File /usr/local/lib/python3.9/site-packages/coreschema/__init__.py first seen with mtime 1720597119.180671
DEBUG 2024-07-10 09:13:07,296 autoreload File /usr/local/lib/python3.9/site-packages/inflection/__init__.py first seen with mtime 1720597113.926671
DEBUG 2024-07-10 09:13:07,296 autoreload File /usr/local/lib/python3.9/asyncio/trsock.py first seen with mtime 1719959277.0
DEBUG 2024-07-10 09:13:07,296 autoreload File /usr/local/lib/python3.9/site-packages/pkg_resources/_vendor/__init__.py first seen with mtime 1719989270.0
DEBUG 2024-07-10 09:13:07,297 autoreload File /usr/local/lib/python3.9/site-packages/django/db/backends/base/schema.py first seen with mtime 1720597118.398671
DEBUG 2024-07-10 09:13:07,297 autoreload File /usr/local/lib/python3.9/site-packages/django/contrib/admindocs/__init__.py first seen with mtime 1720597118.148671
DEBUG 2024-07-10 09:13:07,297 autoreload File /usr/local/lib/python3.9/site-packages/django/core/files/images.py first seen with mtime 1720597118.389671
DEBUG 2024-07-10 09:13:07,297 autoreload File /usr/local/lib/python3.9/site-packages/django/urls/conf.py first seen with mtime 1720597118.429671
DEBUG 2024-07-10 09:13:07,298 autoreload File /usr/local/lib/python3.9/site-packages/django/db/models/fields/mixins.py first seen with mtime 1720597118.410671
DEBUG 2024-07-10 09:13:07,298 autoreload File /usr/local/lib/python3.9/site-packages/django/contrib/contenttypes/models.py first seen with mtime 1720597118.204671
DEBUG 2024-07-10 09:13:07,298 autoreload File /usr/local/lib/python3.9/site-packages/packaging/version.py first seen with mtime 1720597112.355671
DEBUG 2024-07-10 09:13:07,298 autoreload File /usr/local/lib/python3.9/site-packages/django/contrib/admin/templatetags/__init__.py first seen with mtime 1720597118.146671
DEBUG 2024-07-10 09:13:07,298 autoreload File /usr/local/lib/python3.9/site-packages/django/utils/version.py first seen with mtime 1720597118.435671
DEBUG 2024-07-10 09:13:07,299 autoreload File /usr/local/lib/python3.9/site-packages/coreapi/codecs/jsondata.py first seen with mtime 1720597119.327671
DEBUG 2024-07-10 09:13:07,299 autoreload File /usr/local/lib/python3.9/email/base64mime.py first seen with mtime 1719959277.0
DEBUG 2024-07-10 09:13:07,299 autoreload File /usr/local/lib/python3.9/unittest/__init__.py first seen with mtime 1719959277.0
DEBUG 2024-07-10 09:13:07,299 autoreload File /usr/local/lib/python3.9/socketserver.py first seen with mtime 1719959275.0
DEBUG 2024-07-10 09:13:07,299 autoreload File /usr/local/lib/python3.9/site-packages/django/contrib/auth/apps.py first seen with mtime 1720597118.173671
DEBUG 2024-07-10 09:13:07,300 autoreload File /app/apps/entry/urls.py first seen with mtime 1720512557.4511504
DEBUG 2024-07-10 09:13:07,300 autoreload File /usr/local/lib/python3.9/unittest/main.py first seen with mtime 1719959277.0
DEBUG 2024-07-10 09:13:07,300 autoreload File /usr/local/lib/python3.9/site-packages/coreapi/exceptions.py first seen with mtime 1720597119.327671
DEBUG 2024-07-10 09:13:07,300 autoreload File /usr/local/lib/python3.9/site-packages/django/contrib/auth/forms.py first seen with mtime 1720597118.174671
DEBUG 2024-07-10 09:13:07,300 autoreload File /usr/local/lib/python3.9/_sitebuiltins.py first seen with mtime 1719959275.0
DEBUG 2024-07-10 09:13:07,301 autoreload File /usr/local/lib/python3.9/site-packages/rest_framework/permissions.py first seen with mtime 1720597119.203671
DEBUG 2024-07-10 09:13:07,301 autoreload File /usr/local/lib/python3.9/site-packages/django/contrib/auth/signals.py first seen with mtime 1720597118.175671
DEBUG 2024-07-10 09:13:07,301 autoreload File /usr/local/lib/python3.9/site-packages/rest_framework/schemas/inspectors.py first seen with mtime 1720597119.217671
DEBUG 2024-07-10 09:13:07,301 autoreload File /usr/local/lib/python3.9/asyncio/base_events.py first seen with mtime 1719959277.0
DEBUG 2024-07-10 09:13:07,301 autoreload File /usr/local/lib/python3.9/lib-dynload/_contextvars.cpython-39-aarch64-linux-gnu.so first seen with mtime 1719959264.0
DEBUG 2024-07-10 09:13:07,302 autoreload File /usr/local/lib/python3.9/asyncio/base_futures.py first seen with mtime 1719959277.0
DEBUG 2024-07-10 09:13:07,302 autoreload File /usr/local/lib/python3.9/site-packages/django/http/__init__.py first seen with mtime 1720597118.422671
DEBUG 2024-07-10 09:13:07,302 autoreload File /usr/local/lib/python3.9/lib-dynload/math.cpython-39-aarch64-linux-gnu.so first seen with mtime 1719959265.0
DEBUG 2024-07-10 09:13:07,302 autoreload File /usr/local/lib/python3.9/unittest/result.py first seen with mtime 1719959277.0
DEBUG 2024-07-10 09:13:07,302 autoreload File /usr/local/lib/python3.9/concurrent/futures/_base.py first seen with mtime 1719959277.0
DEBUG 2024-07-10 09:13:07,303 autoreload File /usr/local/lib/python3.9/site-packages/django/core/management/sql.py first seen with mtime 1720597118.392671
DEBUG 2024-07-10 09:13:07,303 autoreload File /usr/local/lib/python3.9/site-packages/idna/package_data.py first seen with mtime 1720597113.932671
DEBUG 2024-07-10 09:13:07,303 autoreload File /usr/local/lib/python3.9/site-packages/django/core/__init__.py first seen with mtime 1720597118.385671
DEBUG 2024-07-10 09:13:07,303 autoreload File /usr/local/lib/python3.9/email/utils.py first seen with mtime 1719959277.0
DEBUG 2024-07-10 09:13:07,304 autoreload File /usr/local/lib/python3.9/site-packages/django/contrib/auth/models.py first seen with mtime 1720597118.174671
DEBUG 2024-07-10 09:13:07,304 autoreload File /usr/local/lib/python3.9/site-packages/requests/models.py first seen with mtime 1720597114.122671
DEBUG 2024-07-10 09:13:07,304 autoreload File /usr/local/lib/python3.9/site-packages/django/core/serializers/base.py first seen with mtime 1720597118.395671
DEBUG 2024-07-10 09:13:07,304 autoreload File /usr/local/lib/python3.9/site-packages/requests/status_codes.py first seen with mtime 1720597114.122671
DEBUG 2024-07-10 09:13:07,304 autoreload File /usr/local/lib/python3.9/asyncio/streams.py first seen with mtime 1719959277.0
DEBUG 2024-07-10 09:13:07,305 autoreload File /usr/local/lib/python3.9/site-packages/django/conf/__init__.py first seen with mtime 1720597118.008671
DEBUG 2024-07-10 09:13:07,305 autoreload File /usr/local/lib/python3.9/unittest/loader.py first seen with mtime 1719959277.0
DEBUG 2024-07-10 09:13:07,305 autoreload File /usr/local/lib/python3.9/site-packages/requests/exceptions.py first seen with mtime 1720597114.121671
DEBUG 2024-07-10 09:13:07,305 autoreload File /usr/local/lib/python3.9/site-packages/uritemplate/api.py first seen with mtime 1720597112.131671
DEBUG 2024-07-10 09:13:07,306 autoreload File /usr/local/lib/python3.9/site-packages/django/contrib/admin/checks.py first seen with mtime 1720597118.066671
DEBUG 2024-07-10 09:13:07,306 autoreload File /usr/local/lib/python3.9/site-packages/django/utils/decorators.py first seen with mtime 1720597118.432671
DEBUG 2024-07-10 09:13:07,306 autoreload File /usr/local/lib/python3.9/site-packages/django/contrib/admin/actions.py first seen with mtime 1720597118.066671
DEBUG 2024-07-10 09:13:07,306 autoreload File /usr/local/lib/python3.9/site-packages/drf_yasg/inspectors/__init__.py first seen with mtime 1720597120.055671
DEBUG 2024-07-10 09:13:07,306 autoreload File /usr/local/lib/python3.9/_bootlocale.py first seen with mtime 1719959275.0
DEBUG 2024-07-10 09:13:07,307 autoreload File /usr/local/lib/python3.9/lib-dynload/_decimal.cpython-39-aarch64-linux-gnu.so first seen with mtime 1719959275.0
DEBUG 2024-07-10 09:13:07,307 autoreload File /usr/local/lib/python3.9/json/decoder.py first seen with mtime 1719959277.0
DEBUG 2024-07-10 09:13:07,307 autoreload File /usr/local/lib/python3.9/site-packages/rest_framework/utils/breadcrumbs.py first seen with mtime 1720597119.235671
DEBUG 2024-07-10 09:13:07,307 autoreload File /usr/local/lib/python3.9/encodings/aliases.py first seen with mtime 1719959277.0
DEBUG 2024-07-10 09:13:07,308 autoreload File /usr/local/lib/python3.9/site-packages/yaml/dumper.py first seen with mtime 1720597112.288671
DEBUG 2024-07-10 09:13:07,308 autoreload File /usr/local/lib/python3.9/site-packages/django/db/models/sql/constants.py first seen with mtime 1720597118.412671
DEBUG 2024-07-10 09:13:07,308 autoreload File /usr/local/lib/python3.9/site-packages/django/utils/http.py first seen with mtime 1720597118.433671
DEBUG 2024-07-10 09:13:07,308 autoreload File /usr/local/lib/python3.9/site-packages/django/db/backends/ddl_references.py first seen with mtime 1720597118.397671
DEBUG 2024-07-10 09:13:07,308 autoreload File /usr/local/lib/python3.9/site-packages/rest_framework/__init__.py first seen with mtime 1720597119.2016711
DEBUG 2024-07-10 09:13:07,309 autoreload File /usr/local/lib/python3.9/socket.py first seen with mtime 1719959275.0
DEBUG 2024-07-10 09:13:07,309 autoreload File /usr/local/lib/python3.9/site-packages/django/core/servers/basehttp.py first seen with mtime 1720597118.396671
DEBUG 2024-07-10 09:13:07,309 autoreload File /usr/local/lib/python3.9/site-packages/django/contrib/admin/views/autocomplete.py first seen with mtime 1720597118.147671
DEBUG 2024-07-10 09:13:07,309 autoreload File /usr/local/lib/python3.9/site-packages/django/core/checks/registry.py first seen with mtime 1720597118.388671
DEBUG 2024-07-10 09:13:07,310 autoreload File /usr/local/lib/python3.9/configparser.py first seen with mtime 1719959275.0
DEBUG 2024-07-10 09:13:07,310 autoreload File /usr/local/lib/python3.9/site-packages/sqlparse/cli.py first seen with mtime 1720597112.217671
DEBUG 2024-07-10 09:13:07,310 autoreload File /usr/local/lib/python3.9/site-packages/rest_framework/request.py first seen with mtime 1720597119.204671
DEBUG 2024-07-10 09:13:07,310 autoreload File /usr/local/lib/python3.9/asyncio/exceptions.py first seen with mtime 1719959277.0
DEBUG 2024-07-10 09:13:07,310 autoreload File /usr/local/lib/python3.9/site-packages/django/apps/__init__.py first seen with mtime 1720597118.008671
DEBUG 2024-07-10 09:13:07,311 autoreload File /usr/local/lib/python3.9/site-packages/django/core/checks/security/__init__.py first seen with mtime 1720597118.388671
DEBUG 2024-07-10 09:13:07,311 autoreload File /usr/local/lib/python3.9/site-packages/django/contrib/sessions/__init__.py first seen with mtime 1720597118.341671
DEBUG 2024-07-10 09:13:07,311 autoreload File /usr/local/lib/python3.9/site-packages/django/db/backends/base/base.py first seen with mtime 1720597118.397671
DEBUG 2024-07-10 09:13:07,311 autoreload File /usr/local/lib/python3.9/site-packages/django/core/files/locks.py first seen with mtime 1720597118.389671
DEBUG 2024-07-10 09:13:07,311 autoreload File /usr/local/lib/python3.9/site-packages/django/template/library.py first seen with mtime 1720597118.425671
DEBUG 2024-07-10 09:13:07,312 autoreload File /usr/local/lib/python3.9/site-packages/environ/compat.py first seen with mtime 1720597114.042671
DEBUG 2024-07-10 09:13:07,312 autoreload File /usr/local/lib/python3.9/site-packages/rest_framework_simplejwt/token_blacklist/admin.py first seen with mtime 1720597120.168671
DEBUG 2024-07-10 09:13:07,312 autoreload File /usr/local/lib/python3.9/site-packages/yaml/cyaml.py first seen with mtime 1720597112.288671
DEBUG 2024-07-10 09:13:07,312 autoreload File /usr/local/lib/python3.9/site-packages/django/core/wsgi.py first seen with mtime 1720597118.386671
DEBUG 2024-07-10 09:13:07,312 autoreload File /usr/local/lib/python3.9/site-packages/sqlparse/engine/filter_stack.py first seen with mtime 1720597112.218671
DEBUG 2024-07-10 09:13:07,313 autoreload File /usr/local/lib/python3.9/site-packages/urllib3/response.py first seen with mtime 1720597112.085671
DEBUG 2024-07-10 09:13:07,313 autoreload File /usr/local/lib/python3.9/site-packages/jinja2/idtracking.py first seen with mtime 1720597114.191671
DEBUG 2024-07-10 09:13:07,313 autoreload File /usr/local/lib/python3.9/site-packages/charset_normalizer/__init__.py first seen with mtime 1720597114.053671
DEBUG 2024-07-10 09:13:07,313 autoreload File /usr/local/lib/python3.9/site-packages/django/core/handlers/base.py first seen with mtime 1720597118.390671
DEBUG 2024-07-10 09:13:07,313 autoreload File /usr/local/lib/python3.9/xml/dom/domreg.py first seen with mtime 1719959277.0
DEBUG 2024-07-10 09:13:07,314 autoreload File /usr/local/lib/python3.9/codecs.py first seen with mtime 1719959275.0
DEBUG 2024-07-10 09:13:07,314 autoreload File /usr/local/lib/python3.9/site-packages/django/contrib/admin/helpers.py first seen with mtime 1720597118.067671
DEBUG 2024-07-10 09:13:07,314 autoreload File /usr/local/lib/python3.9/site-packages/django/utils/log.py first seen with mtime 1720597118.433671
DEBUG 2024-07-10 09:13:07,314 autoreload File /usr/local/lib/python3.9/unittest/signals.py first seen with mtime 1719959277.0
DEBUG 2024-07-10 09:13:07,314 autoreload File /usr/local/lib/python3.9/email/_policybase.py first seen with mtime 1719959277.0
DEBUG 2024-07-10 09:13:07,315 autoreload File /usr/local/lib/python3.9/site-packages/coreschema/schemas.py first seen with mtime 1720597119.181671
DEBUG 2024-07-10 09:13:07,315 autoreload File /usr/local/lib/python3.9/site-packages/django/test/utils.py first seen with mtime 1720597118.429671
DEBUG 2024-07-10 09:13:07,315 autoreload File /usr/local/lib/python3.9/site-packages/rest_framework/mixins.py first seen with mtime 1720597119.203671
DEBUG 2024-07-10 09:13:07,315 autoreload File /usr/local/lib/python3.9/site-packages/django/contrib/sites/requests.py first seen with mtime 1720597118.364671
DEBUG 2024-07-10 09:13:07,316 autoreload File /usr/local/lib/python3.9/site-packages/django/contrib/messages/api.py first seen with mtime 1720597118.302671
DEBUG 2024-07-10 09:13:07,316 autoreload File /usr/local/lib/python3.9/email/__init__.py first seen with mtime 1719959277.0
DEBUG 2024-07-10 09:13:07,316 autoreload File /usr/local/lib/python3.9/site-packages/django/utils/autoreload.py first seen with mtime 1720597118.430671
DEBUG 2024-07-10 09:13:07,316 autoreload File /usr/local/lib/python3.9/site-packages/rest_framework/utils/json.py first seen with mtime 1720597119.236671
DEBUG 2024-07-10 09:13:07,317 autoreload File /usr/local/lib/python3.9/site-packages/yaml/constructor.py first seen with mtime 1720597112.289671
DEBUG 2024-07-10 09:13:07,317 autoreload File /usr/local/lib/python3.9/site-packages/django/contrib/staticfiles/finders.py first seen with mtime 1720597118.384671
DEBUG 2024-07-10 09:13:07,317 autoreload File /usr/local/lib/python3.9/lib-dynload/_blake2.cpython-39-aarch64-linux-gnu.so first seen with mtime 1719959269.0
DEBUG 2024-07-10 09:13:07,317 autoreload File /usr/local/lib/python3.9/site-packages/django/core/checks/files.py first seen with mtime 1720597118.388671
DEBUG 2024-07-10 09:13:07,317 autoreload File /usr/local/lib/python3.9/site-packages/django/utils/__init__.py first seen with mtime 1720597118.430671
DEBUG 2024-07-10 09:13:07,318 autoreload File /usr/local/lib/python3.9/site-packages/pkg_resources/_vendor/packaging/requirements.py first seen with mtime 1719989270.0
DEBUG 2024-07-10 09:13:07,318 autoreload File /usr/local/lib/python3.9/site-packages/django/contrib/messages/utils.py first seen with mtime 1720597118.302671
DEBUG 2024-07-10 09:13:07,318 autoreload File /usr/local/lib/python3.9/site-packages/django/template/defaulttags.py first seen with mtime 1720597118.425671
DEBUG 2024-07-10 09:13:07,318 autoreload File /usr/local/lib/python3.9/os.py first seen with mtime 1719959275.0
DEBUG 2024-07-10 09:13:07,318 autoreload File /usr/local/lib/python3.9/site-packages/rest_framework/schemas/coreapi.py first seen with mtime 1720597119.216671
DEBUG 2024-07-10 09:13:07,319 autoreload File /usr/local/lib/python3.9/bisect.py first seen with mtime 1719959275.0
DEBUG 2024-07-10 09:13:07,319 autoreload File /usr/local/lib/python3.9/site-packages/django/db/models/sql/__init__.py first seen with mtime 1720597118.412671
DEBUG 2024-07-10 09:13:07,319 autoreload File /usr/local/lib/python3.9/site-packages/rest_framework/schemas/utils.py first seen with mtime 1720597119.217671
DEBUG 2024-07-10 09:13:07,319 autoreload File /usr/local/lib/python3.9/site-packages/django/core/signals.py first seen with mtime 1720597118.386671
DEBUG 2024-07-10 09:13:07,319 autoreload File /usr/local/lib/python3.9/site-packages/django/template/context.py first seen with mtime 1720597118.424671
DEBUG 2024-07-10 09:13:07,320 autoreload File /usr/local/lib/python3.9/site-packages/django/contrib/admin/filters.py first seen with mtime 1720597118.067671
DEBUG 2024-07-10 09:13:07,320 autoreload File /usr/local/lib/python3.9/site-packages/django/contrib/messages/constants.py first seen with mtime 1720597118.302671
DEBUG 2024-07-10 09:13:07,320 autoreload File /usr/local/lib/python3.9/site-packages/django/contrib/postgres/lookups.py first seen with mtime 1720597118.3036711
DEBUG 2024-07-10 09:13:07,320 autoreload File /usr/local/lib/python3.9/site-packages/django/core/files/storage/memory.py first seen with mtime 1720597118.390671
DEBUG 2024-07-10 09:13:07,320 autoreload File /usr/local/lib/python3.9/lib-dynload/_bisect.cpython-39-aarch64-linux-gnu.so first seen with mtime 1719959265.0
DEBUG 2024-07-10 09:13:07,321 autoreload File /usr/local/lib/python3.9/site-packages/django/views/generic/detail.py first seen with mtime 1720597118.437671
DEBUG 2024-07-10 09:13:07,321 autoreload File /usr/local/lib/python3.9/site-packages/drf_yasg/inspectors/view.py first seen with mtime 1720597120.055671
DEBUG 2024-07-10 09:13:07,321 autoreload File /usr/local/lib/python3.9/site-packages/rest_framework/utils/mediatypes.py first seen with mtime 1720597119.236671
DEBUG 2024-07-10 09:13:07,321 autoreload File /usr/local/lib/python3.9/site-packages/django/db/models/fields/files.py first seen with mtime 1720597118.409671
DEBUG 2024-07-10 09:13:07,322 autoreload File /usr/local/lib/python3.9/site-packages/drf_yasg/utils.py first seen with mtime 1720597120.054671
DEBUG 2024-07-10 09:13:07,322 autoreload File /usr/local/lib/python3.9/site-packages/sqlparse/formatter.py first seen with mtime 1720597112.218671
DEBUG 2024-07-10 09:13:07,322 autoreload File /usr/local/lib/python3.9/site-packages/django/utils/inspect.py first seen with mtime 1720597118.433671
DEBUG 2024-07-10 09:13:07,322 autoreload File /usr/local/lib/python3.9/site-packages/django/core/exceptions.py first seen with mtime 1720597118.386671
DEBUG 2024-07-10 09:13:07,322 autoreload File /usr/local/lib/python3.9/random.py first seen with mtime 1719959275.0
DEBUG 2024-07-10 09:13:07,323 autoreload File /usr/local/lib/python3.9/site-packages/django/db/models/options.py first seen with mtime 1720597118.408671
DEBUG 2024-07-10 09:13:07,323 autoreload File /usr/local/lib/python3.9/html/__init__.py first seen with mtime 1719959277.0
DEBUG 2024-07-10 09:13:07,323 autoreload File /usr/local/lib/python3.9/site-packages/pytz/tzinfo.py first seen with mtime 1720597111.984671
DEBUG 2024-07-10 09:13:07,323 autoreload File /usr/local/lib/python3.9/site-packages/rest_framework_simplejwt/token_blacklist/__init__.py first seen with mtime 1720597120.168671
DEBUG 2024-07-10 09:13:07,323 autoreload File /usr/local/lib/python3.9/site-packages/django/template/backends/base.py first seen with mtime 1720597118.426671
DEBUG 2024-07-10 09:13:07,324 autoreload File /usr/local/lib/python3.9/unittest/runner.py first seen with mtime 1719959277.0
DEBUG 2024-07-10 09:13:07,324 autoreload File /usr/local/lib/python3.9/site-packages/django/views/i18n.py first seen with mtime 1720597118.436671
DEBUG 2024-07-10 09:13:07,324 autoreload File /usr/local/lib/python3.9/site-packages/sqlparse/engine/__init__.py first seen with mtime 1720597112.218671
DEBUG 2024-07-10 09:13:07,324 autoreload File /usr/local/lib/python3.9/locale.py first seen with mtime 1719959275.0
DEBUG 2024-07-10 09:13:07,325 autoreload File /usr/local/lib/python3.9/site-packages/urllib3/util/ssl_match_hostname.py first seen with mtime 1720597112.087671
DEBUG 2024-07-10 09:13:07,325 autoreload File /usr/local/lib/python3.9/site-packages/sqlparse/filters/tokens.py first seen with mtime 1720597112.219671
DEBUG 2024-07-10 09:13:07,325 autoreload File /usr/local/lib/python3.9/site-packages/jinja2/filters.py first seen with mtime 1720597114.191671
DEBUG 2024-07-10 09:13:07,325 autoreload File /usr/local/lib/python3.9/site-packages/django/utils/regex_helper.py first seen with mtime 1720597118.434671
DEBUG 2024-07-10 09:13:07,325 autoreload File /usr/local/lib/python3.9/site-packages/django/contrib/messages/storage/__init__.py first seen with mtime 1720597118.302671
DEBUG 2024-07-10 09:13:07,326 autoreload File /usr/local/lib/python3.9/site-packages/django/forms/forms.py first seen with mtime 1720597118.414671
DEBUG 2024-07-10 09:13:07,326 autoreload File /usr/local/lib/python3.9/site-packages/django/test/__init__.py first seen with mtime 1720597118.4286711
DEBUG 2024-07-10 09:13:07,326 autoreload File /usr/local/lib/python3.9/site-packages/coreapi/utils.py first seen with mtime 1720597119.327671
DEBUG 2024-07-10 09:13:07,326 autoreload File /usr/local/lib/python3.9/site-packages/django/contrib/admin/templatetags/admin_urls.py first seen with mtime 1720597118.147671
DEBUG 2024-07-10 09:13:07,327 autoreload File /app/apps/entry/serializers.py first seen with mtime 1720512557.4509146
DEBUG 2024-07-10 09:13:07,327 autoreload File /usr/local/lib/python3.9/site-packages/urllib3/connection.py first seen with mtime 1720597112.084671
DEBUG 2024-07-10 09:13:07,327 autoreload File /usr/local/lib/python3.9/base64.py first seen with mtime 1719959275.0
DEBUG 2024-07-10 09:13:07,327 autoreload File /usr/local/lib/python3.9/site-packages/rest_framework/exceptions.py first seen with mtime 1720597119.202671
DEBUG 2024-07-10 09:13:07,328 autoreload File /usr/local/lib/python3.9/site-packages/django/db/backends/base/__init__.py first seen with mtime 1720597118.397671
DEBUG 2024-07-10 09:13:07,328 autoreload File /usr/local/lib/python3.9/site-packages/rest_framework/schemas/generators.py first seen with mtime 1720597119.216671
DEBUG 2024-07-10 09:13:07,328 autoreload File /usr/local/lib/python3.9/site-packages/django/contrib/messages/__init__.py first seen with mtime 1720597118.302671
DEBUG 2024-07-10 09:13:07,328 autoreload File /usr/local/lib/python3.9/site-packages/django/contrib/sessions/models.py first seen with mtime 1720597118.342671
DEBUG 2024-07-10 09:13:07,328 autoreload File /usr/local/lib/python3.9/fnmatch.py first seen with mtime 1719959275.0
DEBUG 2024-07-10 09:13:07,329 autoreload File /usr/local/lib/python3.9/inspect.py first seen with mtime 1719959275.0
DEBUG 2024-07-10 09:13:07,329 autoreload File /usr/local/lib/python3.9/site-packages/django/contrib/contenttypes/checks.py first seen with mtime 1720597118.203671
DEBUG 2024-07-10 09:13:07,329 autoreload File /usr/local/lib/python3.9/site-packages/django/template/loaders/app_directories.py first seen with mtime 1720597118.427671
DEBUG 2024-07-10 09:13:07,329 autoreload File /usr/local/lib/python3.9/site-packages/django/db/models/functions/text.py first seen with mtime 1720597118.412671
DEBUG 2024-07-10 09:13:07,330 autoreload File /usr/local/lib/python3.9/importlib/util.py first seen with mtime 1719959276.0
DEBUG 2024-07-10 09:13:07,330 autoreload File /usr/local/lib/python3.9/site-packages/requests/api.py first seen with mtime 1720597114.121671
DEBUG 2024-07-10 09:13:07,330 autoreload File /usr/local/lib/python3.9/site-packages/django/contrib/postgres/utils.py first seen with mtime 1720597118.304671
DEBUG 2024-07-10 09:13:07,330 autoreload File /usr/local/lib/python3.9/site-packages/charset_normalizer/models.py first seen with mtime 1720597114.054671
DEBUG 2024-07-10 09:13:07,330 autoreload File /usr/local/lib/python3.9/site-packages/django/core/paginator.py first seen with mtime 1720597118.386671
DEBUG 2024-07-10 09:13:07,331 autoreload File /usr/local/lib/python3.9/zoneinfo/_tzpath.py first seen with mtime 1719959277.0
DEBUG 2024-07-10 09:13:07,331 autoreload File /usr/local/lib/python3.9/posixpath.py first seen with mtime 1719959275.0
DEBUG 2024-07-10 09:13:07,331 autoreload File /usr/local/lib/python3.9/site-packages/django/utils/dateformat.py first seen with mtime 1720597118.431671
DEBUG 2024-07-10 09:13:07,331 autoreload File /usr/local/lib/python3.9/site-packages/requests/utils.py first seen with mtime 1720597114.122671
DEBUG 2024-07-10 09:13:07,331 autoreload File /usr/local/lib/python3.9/site-packages/rest_framework/utils/model_meta.py first seen with mtime 1720597119.236671
DEBUG 2024-07-10 09:13:07,332 autoreload File /usr/local/lib/python3.9/zipfile.py first seen with mtime 1719959275.0
DEBUG 2024-07-10 09:13:07,332 autoreload File /usr/local/lib/python3.9/site-packages/uritemplate/template.py first seen with mtime 1720597112.131671
DEBUG 2024-07-10 09:13:07,332 autoreload File /usr/local/lib/python3.9/site-packages/yaml/serializer.py first seen with mtime 1720597112.289671
DEBUG 2024-07-10 09:13:07,332 autoreload File /usr/local/lib/python3.9/abc.py first seen with mtime 1719959275.0
DEBUG 2024-07-10 09:13:07,333 autoreload File /app/config/settings.py first seen with mtime 1720602786.2317243
DEBUG 2024-07-10 09:13:07,333 autoreload File /usr/local/lib/python3.9/site-packages/sqlparse/engine/grouping.py first seen with mtime 1720597112.219671
DEBUG 2024-07-10 09:13:07,333 autoreload File /usr/local/lib/python3.9/site-packages/drf_yasg/__init__.py first seen with mtime 1720597120.0536711
DEBUG 2024-07-10 09:13:07,333 autoreload File /usr/local/lib/python3.9/site-packages/django/core/mail/message.py first seen with mtime 1720597118.391671
DEBUG 2024-07-10 09:13:07,333 autoreload File /usr/local/lib/python3.9/uuid.py first seen with mtime 1719959275.0
DEBUG 2024-07-10 09:13:07,334 autoreload File /usr/local/lib/python3.9/genericpath.py first seen with mtime 1719959275.0
DEBUG 2024-07-10 09:13:07,334 autoreload File /usr/local/lib/python3.9/site-packages/charset_normalizer/cd.py first seen with mtime 1720597114.054671
DEBUG 2024-07-10 09:13:07,334 autoreload File /usr/local/lib/python3.9/site-packages/django/middleware/__init__.py first seen with mtime 1720597118.423671
DEBUG 2024-07-10 09:13:07,334 autoreload File /usr/local/lib/python3.9/site-packages/django/contrib/contenttypes/fields.py first seen with mtime 1720597118.203671
DEBUG 2024-07-10 09:13:07,335 autoreload File /usr/local/lib/python3.9/site-packages/django/apps/registry.py first seen with mtime 1720597118.008671
DEBUG 2024-07-10 09:13:07,335 autoreload File /usr/local/lib/python3.9/site-packages/django/forms/formsets.py first seen with mtime 1720597118.414671
DEBUG 2024-07-10 09:13:07,335 autoreload File /usr/local/lib/python3.9/site-packages/django/template/loaders/cached.py first seen with mtime 1720597118.427671
DEBUG 2024-07-10 09:13:07,335 autoreload File /usr/local/lib/python3.9/site-packages/django/templatetags/l10n.py first seen with mtime 1720597118.427671
DEBUG 2024-07-10 09:13:07,335 autoreload File /usr/local/lib/python3.9/site-packages/django/db/migrations/operations/__init__.py first seen with mtime 1720597118.4056711
DEBUG 2024-07-10 09:13:07,336 autoreload File /usr/local/lib/python3.9/site-packages/django/views/decorators/csrf.py first seen with mtime 1720597118.436671
DEBUG 2024-07-10 09:13:07,336 autoreload File /usr/local/lib/python3.9/encodings/__init__.py first seen with mtime 1719959277.0
DEBUG 2024-07-10 09:13:07,336 autoreload File /usr/local/lib/python3.9/site-packages/sqlparse/filters/others.py first seen with mtime 1720597112.219671
DEBUG 2024-07-10 09:13:07,336 autoreload File /usr/local/lib/python3.9/site-packages/django/contrib/admin/templatetags/admin_modify.py first seen with mtime 1720597118.147671
DEBUG 2024-07-10 09:13:07,336 autoreload File /usr/local/lib/python3.9/_sysconfigdata__linux_aarch64-linux-gnu.py first seen with mtime 1719959277.0
DEBUG 2024-07-10 09:13:07,337 autoreload File /usr/local/lib/python3.9/asyncio/sslproto.py first seen with mtime 1719959277.0
DEBUG 2024-07-10 09:13:07,337 autoreload File /usr/local/lib/python3.9/site-packages/urllib3/__init__.py first seen with mtime 1720597112.083671
DEBUG 2024-07-10 09:13:07,337 autoreload File /usr/local/lib/python3.9/site-packages/django/utils/lorem_ipsum.py first seen with mtime 1720597118.433671
DEBUG 2024-07-10 09:13:07,337 autoreload File /usr/local/lib/python3.9/site-packages/pkg_resources/extern/__init__.py first seen with mtime 1719989270.0
DEBUG 2024-07-10 09:13:07,338 autoreload File /usr/local/lib/python3.9/site-packages/django/core/management/__init__.py first seen with mtime 1720597118.392671
DEBUG 2024-07-10 09:13:07,338 autoreload File /usr/local/lib/python3.9/site-packages/django/utils/datastructures.py first seen with mtime 1720597118.431671
DEBUG 2024-07-10 09:13:07,338 autoreload File /usr/local/lib/python3.9/site-packages/rest_framework_simplejwt/token_blacklist/apps.py first seen with mtime 1720597120.168671
DEBUG 2024-07-10 09:13:07,338 autoreload File /usr/local/lib/python3.9/stat.py first seen with mtime 1719959275.0
DEBUG 2024-07-10 09:13:07,338 autoreload File /usr/local/lib/python3.9/opcode.py first seen with mtime 1719959275.0
DEBUG 2024-07-10 09:13:07,339 autoreload File /usr/local/lib/python3.9/site-packages/sqlparse/filters/__init__.py first seen with mtime 1720597112.219671
DEBUG 2024-07-10 09:13:07,339 autoreload File /usr/local/lib/python3.9/sre_parse.py first seen with mtime 1719959275.0
DEBUG 2024-07-10 09:13:07,339 autoreload File /usr/local/lib/python3.9/signal.py first seen with mtime 1719959275.0
DEBUG 2024-07-10 09:13:07,339 autoreload File /usr/local/lib/python3.9/xml/dom/xmlbuilder.py first seen with mtime 1719959277.0
DEBUG 2024-07-10 09:13:07,340 autoreload File /usr/local/lib/python3.9/site-packages/django/apps/config.py first seen with mtime 1720597118.008671
DEBUG 2024-07-10 09:13:07,340 autoreload File /usr/local/lib/python3.9/asyncio/staggered.py first seen with mtime 1719959277.0
DEBUG 2024-07-10 09:13:07,340 autoreload File /usr/local/lib/python3.9/site-packages/django/db/models/sql/datastructures.py first seen with mtime 1720597118.412671
DEBUG 2024-07-10 09:13:07,340 autoreload File /usr/local/lib/python3.9/site-packages/typing_extensions.py first seen with mtime 1720597112.201671
DEBUG 2024-07-10 09:13:07,340 autoreload File /usr/local/lib/python3.9/site-packages/django/contrib/admin/apps.py first seen with mtime 1720597118.066671
DEBUG 2024-07-10 09:13:07,341 autoreload File /usr/local/lib/python3.9/site-packages/django/views/__init__.py first seen with mtime 1720597118.435671
DEBUG 2024-07-10 09:13:07,341 autoreload File /usr/local/lib/python3.9/site-packages/yaml/reader.py first seen with mtime 1720597112.288671
DEBUG 2024-07-10 09:13:07,341 autoreload File /usr/local/lib/python3.9/site-packages/urllib3/util/retry.py first seen with mtime 1720597112.086671
DEBUG 2024-07-10 09:13:07,341 autoreload File /usr/local/lib/python3.9/site-packages/coreapi/__init__.py first seen with mtime 1720597119.3266711
DEBUG 2024-07-10 09:13:07,342 autoreload File /usr/local/lib/python3.9/site-packages/django/template/backends/__init__.py first seen with mtime 1720597118.426671
DEBUG 2024-07-10 09:13:07,342 autoreload File /usr/local/lib/python3.9/site-packages/uritemplate/variable.py first seen with mtime 1720597112.132671
DEBUG 2024-07-10 09:13:07,342 autoreload File /usr/local/lib/python3.9/site-packages/django/contrib/staticfiles/handlers.py first seen with mtime 1720597118.384671
DEBUG 2024-07-10 09:13:07,342 autoreload File /usr/local/lib/python3.9/site-packages/yaml/nodes.py first seen with mtime 1720597112.288671
DEBUG 2024-07-10 09:13:07,342 autoreload File /usr/local/lib/python3.9/site-packages/django/urls/resolvers.py first seen with mtime 1720597118.430671
DEBUG 2024-07-10 09:13:07,343 autoreload File /usr/local/lib/python3.9/site-packages/rest_framework/utils/__init__.py first seen with mtime 1720597119.235671
DEBUG 2024-07-10 09:13:07,343 autoreload File /usr/local/lib/python3.9/email/mime/text.py first seen with mtime 1719959277.0
DEBUG 2024-07-10 09:13:07,343 autoreload File /usr/local/lib/python3.9/site-packages/django/test/signals.py first seen with mtime 1720597118.429671
DEBUG 2024-07-10 09:13:07,343 autoreload File /usr/local/lib/python3.9/lib-dynload/unicodedata.cpython-39-aarch64-linux-gnu.so first seen with mtime 1719959266.0
DEBUG 2024-07-10 09:13:07,343 autoreload File /usr/local/lib/python3.9/site-packages/coreschema/utils.py first seen with mtime 1720597119.181671
DEBUG 2024-07-10 09:13:07,344 autoreload File /usr/local/lib/python3.9/site-packages/django/contrib/postgres/__init__.py first seen with mtime 1720597118.3036711
DEBUG 2024-07-10 09:13:07,344 autoreload File /usr/local/lib/python3.9/site-packages/urllib3/util/connection.py first seen with mtime 1720597112.086671
DEBUG 2024-07-10 09:13:07,344 autoreload File /usr/local/lib/python3.9/datetime.py first seen with mtime 1719959275.0
DEBUG 2024-07-10 09:13:07,344 autoreload File /usr/local/lib/python3.9/site-packages/django/utils/tree.py first seen with mtime 1720597118.434671
DEBUG 2024-07-10 09:13:07,344 autoreload File /usr/local/lib/python3.9/site-packages/urllib3/util/wait.py first seen with mtime 1720597112.087671
DEBUG 2024-07-10 09:13:07,345 autoreload File /usr/local/lib/python3.9/site-packages/django/core/checks/compatibility/__init__.py first seen with mtime 1720597118.388671
DEBUG 2024-07-10 09:13:07,345 autoreload File /usr/local/lib/python3.9/site-packages/django/views/generic/dates.py first seen with mtime 1720597118.437671
DEBUG 2024-07-10 09:13:07,345 autoreload File /usr/local/lib/python3.9/site-packages/django/db/models/functions/mixins.py first seen with mtime 1720597118.411671
DEBUG 2024-07-10 09:13:07,345 autoreload File /usr/local/lib/python3.9/site-packages/django/contrib/admin/widgets.py first seen with mtime 1720597118.068671
DEBUG 2024-07-10 09:13:07,346 autoreload File /app/apps/users/models.py first seen with mtime 1720542273.510298
DEBUG 2024-07-10 09:13:07,346 autoreload File /usr/local/lib/python3.9/site-packages/MySQLdb/_exceptions.py first seen with mtime 1720597113.903671
DEBUG 2024-07-10 09:13:07,346 autoreload File /usr/local/lib/python3.9/importlib/__init__.py first seen with mtime 1719959276.0
DEBUG 2024-07-10 09:13:07,346 autoreload File /usr/local/lib/python3.9/email/parser.py first seen with mtime 1719959277.0
DEBUG 2024-07-10 09:13:07,346 autoreload File /usr/local/lib/python3.9/site-packages/requests/hooks.py first seen with mtime 1720597114.121671
DEBUG 2024-07-10 09:13:07,347 autoreload File /usr/local/lib/python3.9/site-packages/requests/structures.py first seen with mtime 1720597114.122671
DEBUG 2024-07-10 09:13:07,347 autoreload File /usr/local/lib/python3.9/site-packages/django/template/loaders/base.py first seen with mtime 1720597118.427671
DEBUG 2024-07-10 09:13:07,347 autoreload File /usr/local/lib/python3.9/email/iterators.py first seen with mtime 1719959277.0
DEBUG 2024-07-10 09:13:07,347 autoreload File /usr/local/lib/python3.9/site-packages/urllib3/_version.py first seen with mtime 1720597112.083671
DEBUG 2024-07-10 09:13:07,347 autoreload File /usr/local/lib/python3.9/site-packages/django/core/handlers/exception.py first seen with mtime 1720597118.390671
DEBUG 2024-07-10 09:13:07,348 autoreload File /usr/local/lib/python3.9/site-packages/django/db/models/fields/__init__.py first seen with mtime 1720597118.409671
DEBUG 2024-07-10 09:13:07,348 autoreload File /usr/local/lib/python3.9/lib-dynload/binascii.cpython-39-aarch64-linux-gnu.so first seen with mtime 1719959269.0
DEBUG 2024-07-10 09:13:07,348 autoreload File /usr/local/lib/python3.9/asyncio/__init__.py first seen with mtime 1719959277.0
DEBUG 2024-07-10 09:13:07,348 autoreload File /usr/local/lib/python3.9/asyncio/coroutines.py first seen with mtime 1719959277.0
DEBUG 2024-07-10 09:13:07,348 autoreload File /usr/local/lib/python3.9/queue.py first seen with mtime 1719959275.0
DEBUG 2024-07-10 09:13:07,349 autoreload File /usr/local/lib/python3.9/site-packages/yaml/composer.py first seen with mtime 1720597112.289671
DEBUG 2024-07-10 09:13:07,349 autoreload File /usr/local/lib/python3.9/site-packages/drf_yasg/renderers.py first seen with mtime 1720597120.054671
DEBUG 2024-07-10 09:13:07,349 autoreload File /usr/local/lib/python3.9/lib-dynload/_random.cpython-39-aarch64-linux-gnu.so first seen with mtime 1719959265.0
DEBUG 2024-07-10 09:13:07,349 autoreload File /usr/local/lib/python3.9/cgi.py first seen with mtime 1719959275.0
DEBUG 2024-07-10 09:13:07,349 autoreload File /usr/local/lib/python3.9/site-packages/yaml/events.py first seen with mtime 1720597112.288671
DEBUG 2024-07-10 09:13:07,350 autoreload File /usr/local/lib/python3.9/html/entities.py first seen with mtime 1719959277.0
DEBUG 2024-07-10 09:13:07,350 autoreload File /usr/local/lib/python3.9/site-packages/django/db/migrations/operations/models.py first seen with mtime 1720597118.406671
DEBUG 2024-07-10 09:13:07,350 autoreload File /usr/local/lib/python3.9/site-packages/django/utils/encoding.py first seen with mtime 1720597118.432671
DEBUG 2024-07-10 09:13:07,350 autoreload File /usr/local/lib/python3.9/html/parser.py first seen with mtime 1719959277.0
DEBUG 2024-07-10 09:13:07,350 autoreload File /usr/local/lib/python3.9/selectors.py first seen with mtime 1719959275.0
DEBUG 2024-07-10 09:13:07,351 autoreload File /usr/local/lib/python3.9/site-packages/django/test/testcases.py first seen with mtime 1720597118.429671
DEBUG 2024-07-10 09:13:07,351 autoreload File /usr/local/lib/python3.9/functools.py first seen with mtime 1719959275.0
DEBUG 2024-07-10 09:13:07,351 autoreload File /usr/local/lib/python3.9/site-packages/django/utils/asyncio.py first seen with mtime 1720597118.430671
DEBUG 2024-07-10 09:13:07,351 autoreload File /usr/local/lib/python3.9/site-packages/django/templatetags/i18n.py first seen with mtime 1720597118.427671
DEBUG 2024-07-10 09:13:07,352 autoreload File /usr/local/lib/python3.9/site-packages/rest_framework/utils/humanize_datetime.py first seen with mtime 1720597119.236671
DEBUG 2024-07-10 09:13:07,352 autoreload File /usr/local/lib/python3.9/ssl.py first seen with mtime 1719959275.0
DEBUG 2024-07-10 09:13:07,352 autoreload File /usr/local/lib/python3.9/lib-dynload/_multibytecodec.cpython-39-aarch64-linux-gnu.so first seen with mtime 1719959269.0
DEBUG 2024-07-10 09:13:07,352 autoreload File /usr/local/lib/python3.9/importlib/abc.py first seen with mtime 1719959276.0
DEBUG 2024-07-10 09:13:07,353 autoreload File /usr/local/lib/python3.9/csv.py first seen with mtime 1719959275.0
DEBUG 2024-07-10 09:13:07,353 autoreload File /usr/local/lib/python3.9/platform.py first seen with mtime 1719959275.0
DEBUG 2024-07-10 09:13:07,353 autoreload File /usr/local/lib/python3.9/site-packages/rest_framework/generics.py first seen with mtime 1720597119.203671
DEBUG 2024-07-10 09:13:07,353 autoreload File /usr/local/lib/python3.9/quopri.py first seen with mtime 1719959275.0
DEBUG 2024-07-10 09:13:07,353 autoreload File /usr/local/lib/python3.9/site-packages/django/views/decorators/debug.py first seen with mtime 1720597118.437671
DEBUG 2024-07-10 09:13:07,354 autoreload File /usr/local/lib/python3.9/site-packages/django/db/backends/postgresql/__init__.py first seen with mtime 1720597118.401671
DEBUG 2024-07-10 09:13:07,354 autoreload File /usr/local/lib/python3.9/site-packages/django/db/backends/mysql/schema.py first seen with mtime 1720597118.400671
DEBUG 2024-07-10 09:13:07,354 autoreload File /usr/local/lib/python3.9/site-packages/django/core/files/storage/handler.py first seen with mtime 1720597118.390671
DEBUG 2024-07-10 09:13:07,354 autoreload File /usr/local/lib/python3.9/site-packages/django/forms/utils.py first seen with mtime 1720597118.415671
DEBUG 2024-07-10 09:13:07,355 autoreload File /usr/local/lib/python3.9/site-packages/charset_normalizer/api.py first seen with mtime 1720597114.054671
DEBUG 2024-07-10 09:13:07,355 autoreload File /usr/local/lib/python3.9/lib-dynload/_uuid.cpython-39-aarch64-linux-gnu.so first seen with mtime 1719959270.0
DEBUG 2024-07-10 09:13:07,355 autoreload File /usr/local/lib/python3.9/site-packages/drf_yasg/inspectors/field.py first seen with mtime 1720597120.055671
DEBUG 2024-07-10 09:13:07,355 autoreload File /usr/local/lib/python3.9/lib-dynload/array.cpython-39-aarch64-linux-gnu.so first seen with mtime 1719959265.0
DEBUG 2024-07-10 09:13:07,355 autoreload File /usr/local/lib/python3.9/site-packages/charset_normalizer/utils.py first seen with mtime 1720597114.054671
DEBUG 2024-07-10 09:13:07,356 autoreload File /usr/local/lib/python3.9/site-packages/django/core/checks/messages.py first seen with mtime 1720597118.388671
DEBUG 2024-07-10 09:13:07,356 autoreload File /usr/local/lib/python3.9/site-packages/coreapi/codecs/corejson.py first seen with mtime 1720597119.327671
DEBUG 2024-07-10 09:13:07,356 autoreload File /usr/local/lib/python3.9/lib-dynload/_asyncio.cpython-39-aarch64-linux-gnu.so first seen with mtime 1719959266.0
DEBUG 2024-07-10 09:13:07,356 autoreload File /usr/local/lib/python3.9/hmac.py first seen with mtime 1719959275.0
DEBUG 2024-07-10 09:13:07,356 autoreload File /usr/local/lib/python3.9/site-packages/django/db/backends/utils.py first seen with mtime 1720597118.397671
DEBUG 2024-07-10 09:13:07,357 autoreload File /usr/local/lib/python3.9/numbers.py first seen with mtime 1719959275.0
DEBUG 2024-07-10 09:13:07,357 autoreload File /usr/local/lib/python3.9/difflib.py first seen with mtime 1719959275.0
DEBUG 2024-07-10 09:13:07,357 autoreload File /usr/local/lib/python3.9/site-packages/django/db/backends/base/operations.py first seen with mtime 1720597118.398671
DEBUG 2024-07-10 09:13:07,357 autoreload File /usr/local/lib/python3.9/site-packages/django/db/models/sql/subqueries.py first seen with mtime 1720597118.413671
DEBUG 2024-07-10 09:13:07,357 autoreload File /usr/local/lib/python3.9/_weakrefset.py first seen with mtime 1719959275.0
DEBUG 2024-07-10 09:13:07,358 autoreload File /usr/local/lib/python3.9/site-packages/coreapi/codecs/__init__.py first seen with mtime 1720597119.327671
DEBUG 2024-07-10 09:13:07,358 autoreload File /usr/local/lib/python3.9/site-packages/django/test/html.py first seen with mtime 1720597118.4286711
DEBUG 2024-07-10 09:13:07,358 autoreload File /usr/local/lib/python3.9/site-packages/django/views/decorators/vary.py first seen with mtime 1720597118.437671
DEBUG 2024-07-10 09:13:07,358 autoreload File /usr/local/lib/python3.9/wsgiref/__init__.py first seen with mtime 1719959277.0
DEBUG 2024-07-10 09:13:07,359 autoreload File /usr/local/lib/python3.9/site-packages/jinja2/optimizer.py first seen with mtime 1720597114.192671
DEBUG 2024-07-10 09:13:07,359 autoreload File /usr/local/lib/python3.9/enum.py first seen with mtime 1719959275.0
DEBUG 2024-07-10 09:13:07,359 autoreload File /usr/local/lib/python3.9/site-packages/markupsafe/__init__.py first seen with mtime 1720597113.920671
DEBUG 2024-07-10 09:13:07,359 autoreload File /usr/local/lib/python3.9/site-packages/django/db/migrations/operations/special.py first seen with mtime 1720597118.406671
DEBUG 2024-07-10 09:13:07,359 autoreload File /usr/local/lib/python3.9/site-packages/pkg_resources/_vendor/packaging/version.py first seen with mtime 1719989270.0
DEBUG 2024-07-10 09:13:07,360 autoreload File /usr/local/lib/python3.9/wsgiref/headers.py first seen with mtime 1719959277.0
DEBUG 2024-07-10 09:13:07,360 autoreload File /usr/local/lib/python3.9/site-packages/jinja2/_identifier.py first seen with mtime 1720597114.189671
DEBUG 2024-07-10 09:13:07,360 autoreload File /usr/local/lib/python3.9/site-packages/django/db/models/lookups.py first seen with mtime 1720597118.407671
DEBUG 2024-07-10 09:13:07,360 autoreload File /usr/local/lib/python3.9/asyncio/subprocess.py first seen with mtime 1719959277.0
DEBUG 2024-07-10 09:13:07,360 autoreload File /usr/local/lib/python3.9/site-packages/sqlparse/exceptions.py first seen with mtime 1720597112.217671
DEBUG 2024-07-10 09:13:07,361 autoreload File /usr/local/lib/python3.9/site-packages/django/core/files/uploadedfile.py first seen with mtime 1720597118.389671
DEBUG 2024-07-10 09:13:07,361 autoreload File /usr/local/lib/python3.9/site-packages/django/utils/hashable.py first seen with mtime 1720597118.433671
DEBUG 2024-07-10 09:13:07,361 autoreload File /usr/local/lib/python3.9/site-packages/socks.py first seen with mtime 1720597112.330671
DEBUG 2024-07-10 09:13:07,361 autoreload File /usr/local/lib/python3.9/site-packages/django/template/loaders/__init__.py first seen with mtime 1720597118.426671
DEBUG 2024-07-10 09:13:07,362 autoreload File /usr/local/lib/python3.9/site-packages/django/utils/numberformat.py first seen with mtime 1720597118.434671
DEBUG 2024-07-10 09:13:07,362 autoreload File /usr/local/lib/python3.9/site-packages/django/utils/connection.py first seen with mtime 1720597118.431671
DEBUG 2024-07-10 09:13:07,362 autoreload File /usr/local/lib/python3.9/email/policy.py first seen with mtime 1719959277.0
DEBUG 2024-07-10 09:13:07,362 autoreload File /usr/local/lib/python3.9/collections/__init__.py first seen with mtime 1719959277.0
DEBUG 2024-07-10 09:13:07,362 autoreload File /usr/local/lib/python3.9/site-packages/django/db/migrations/migration.py first seen with mtime 1720597118.404671
DEBUG 2024-07-10 09:13:07,363 autoreload File /usr/local/lib/python3.9/lib-dynload/select.cpython-39-aarch64-linux-gnu.so first seen with mtime 1719959266.0
DEBUG 2024-07-10 09:13:07,363 autoreload File /usr/local/lib/python3.9/site-packages/django/contrib/auth/password_validation.py first seen with mtime 1720597118.175671
DEBUG 2024-07-10 09:13:07,363 autoreload File /usr/local/lib/python3.9/site-packages/django/utils/duration.py first seen with mtime 1720597118.432671
DEBUG 2024-07-10 09:13:07,363 autoreload File /usr/local/lib/python3.9/importlib/resources.py first seen with mtime 1719959276.0
DEBUG 2024-07-10 09:13:07,363 autoreload File /usr/local/lib/python3.9/site-packages/django/contrib/messages/storage/base.py first seen with mtime 1720597118.302671
DEBUG 2024-07-10 09:13:07,364 autoreload File /usr/local/lib/python3.9/site-packages/coreschema/encodings/html.py first seen with mtime 1720597119.181671
DEBUG 2024-07-10 09:13:07,364 autoreload File /usr/local/lib/python3.9/site-packages/urllib3/_collections.py first seen with mtime 1720597112.083671
DEBUG 2024-07-10 09:13:07,364 autoreload File /usr/local/lib/python3.9/site-packages/sqlparse/filters/reindent.py first seen with mtime 1720597112.219671
DEBUG 2024-07-10 09:13:07,364 autoreload File /usr/local/lib/python3.9/asyncio/transports.py first seen with mtime 1719959277.0
DEBUG 2024-07-10 09:13:07,365 autoreload File /usr/local/lib/python3.9/site-packages/django/dispatch/__init__.py first seen with mtime 1720597118.413671
DEBUG 2024-07-10 09:13:07,365 autoreload File /usr/local/lib/python3.9/site-packages/MySQLdb/constants/FIELD_TYPE.py first seen with mtime 1720597113.906671
DEBUG 2024-07-10 09:13:07,365 autoreload File /usr/local/lib/python3.9/site-packages/django/views/generic/__init__.py first seen with mtime 1720597118.437671
DEBUG 2024-07-10 09:13:07,365 autoreload File /usr/local/lib/python3.9/site-packages/packaging/_structures.py first seen with mtime 1720597112.353671
DEBUG 2024-07-10 09:13:07,365 autoreload File /usr/local/lib/python3.9/unittest/suite.py first seen with mtime 1719959277.0
DEBUG 2024-07-10 09:13:07,366 autoreload File /usr/local/lib/python3.9/site-packages/django/templatetags/__init__.py first seen with mtime 1720597118.427671
DEBUG 2024-07-10 09:13:07,366 autoreload File /usr/local/lib/python3.9/site-packages/sqlparse/sql.py first seen with mtime 1720597112.218671
DEBUG 2024-07-10 09:13:07,366 autoreload File /usr/local/lib/python3.9/site-packages/drf_yasg/inspectors/query.py first seen with mtime 1720597120.055671
DEBUG 2024-07-10 09:13:07,366 autoreload File /usr/local/lib/python3.9/site-packages/django/forms/__init__.py first seen with mtime 1720597118.414671
DEBUG 2024-07-10 09:13:07,366 autoreload File /usr/local/lib/python3.9/site-packages/django/utils/translation/reloader.py first seen with mtime 1720597118.435671
DEBUG 2024-07-10 09:13:07,367 autoreload File /usr/local/lib/python3.9/site-packages/yaml/scanner.py first seen with mtime 1720597112.289671
DEBUG 2024-07-10 09:13:07,367 autoreload File /usr/local/lib/python3.9/site-packages/django/db/models/base.py first seen with mtime 1720597118.406671
DEBUG 2024-07-10 09:13:07,367 autoreload File /usr/local/lib/python3.9/site-packages/charset_normalizer/constant.py first seen with mtime 1720597114.051671
DEBUG 2024-07-10 09:13:07,367 autoreload File /usr/local/lib/python3.9/site-packages/certifi/core.py first seen with mtime 1720597114.078671
DEBUG 2024-07-10 09:13:07,368 autoreload File /usr/local/lib/python3.9/site-packages/django/db/backends/mysql/base.py first seen with mtime 1720597118.399671
DEBUG 2024-07-10 09:13:07,368 autoreload File /usr/local/lib/python3.9/site-packages/django/db/models/aggregates.py first seen with mtime 1720597118.406671
DEBUG 2024-07-10 09:13:07,368 autoreload File /usr/local/lib/python3.9/site-packages/django/db/models/indexes.py first seen with mtime 1720597118.407671
DEBUG 2024-07-10 09:13:07,368 autoreload File /usr/local/lib/python3.9/site-packages/django/db/models/fields/proxy.py first seen with mtime 1720597118.410671
DEBUG 2024-07-10 09:13:07,369 autoreload File /usr/local/lib/python3.9/site-packages/django/contrib/admin/decorators.py first seen with mtime 1720597118.067671
DEBUG 2024-07-10 09:13:07,369 autoreload File /usr/local/lib/python3.9/email/_encoded_words.py first seen with mtime 1719959277.0
DEBUG 2024-07-10 09:13:07,369 autoreload File /usr/local/lib/python3.9/site-packages/rest_framework/status.py first seen with mtime 1720597119.205671
DEBUG 2024-07-10 09:13:07,369 autoreload File /usr/local/lib/python3.9/site-packages/rest_framework/relations.py first seen with mtime 1720597119.204671
DEBUG 2024-07-10 09:13:07,369 autoreload File /usr/local/lib/python3.9/secrets.py first seen with mtime 1719959275.0
DEBUG 2024-07-10 09:13:07,370 autoreload File /usr/local/lib/python3.9/site-packages/django/db/backends/__init__.py first seen with mtime 1720597118.397671
DEBUG 2024-07-10 09:13:07,370 autoreload File /usr/local/lib/python3.9/site-packages/django/contrib/staticfiles/management/__init__.py first seen with mtime 1720597118.385671
DEBUG 2024-07-10 09:13:07,370 autoreload File /usr/local/lib/python3.9/site-packages/django/contrib/staticfiles/views.py first seen with mtime 1720597118.384671
DEBUG 2024-07-10 09:13:07,370 autoreload File /usr/local/lib/python3.9/site-packages/django/utils/deprecation.py first seen with mtime 1720597118.432671
DEBUG 2024-07-10 09:13:07,370 autoreload File /usr/local/lib/python3.9/site-packages/packaging/__init__.py first seen with mtime 1720597112.353671
DEBUG 2024-07-10 09:13:07,371 autoreload File /usr/local/lib/python3.9/site-packages/django/db/backends/base/features.py first seen with mtime 1720597118.397671
DEBUG 2024-07-10 09:13:07,371 autoreload File /usr/local/lib/python3.9/site-packages/django/db/backends/base/validation.py first seen with mtime 1720597118.398671
DEBUG 2024-07-10 09:13:07,371 autoreload File /usr/local/lib/python3.9/site-packages/django/views/static.py first seen with mtime 1720597118.436671
DEBUG 2024-07-10 09:13:07,371 autoreload File /usr/local/lib/python3.9/site-packages/pkg_resources/_vendor/packaging/__about__.py first seen with mtime 1719989270.0
DEBUG 2024-07-10 09:13:07,371 autoreload File /usr/local/lib/python3.9/site-packages/urllib3/util/proxy.py first seen with mtime 1720597112.086671
DEBUG 2024-07-10 09:13:07,372 autoreload File /usr/local/lib/python3.9/site-packages/rest_framework/templatetags/rest_framework.py first seen with mtime 1720597119.235671
DEBUG 2024-07-10 09:13:07,372 autoreload File /usr/local/lib/python3.9/site-packages/pytz/__init__.py first seen with mtime 1720597111.984671
DEBUG 2024-07-10 09:13:07,372 autoreload File /usr/local/lib/python3.9/site-packages/django/utils/cache.py first seen with mtime 1720597118.431671
DEBUG 2024-07-10 09:13:07,372 autoreload File /usr/local/lib/python3.9/collections/abc.py first seen with mtime 1719959277.0
DEBUG 2024-07-10 09:13:07,373 autoreload File /usr/local/lib/python3.9/tempfile.py first seen with mtime 1719959275.0
DEBUG 2024-07-10 09:13:07,373 autoreload File /usr/local/lib/python3.9/site-packages/jinja2/loaders.py first seen with mtime 1720597114.191671
DEBUG 2024-07-10 09:13:07,373 autoreload File /usr/local/lib/python3.9/site-packages/django/contrib/admin/options.py first seen with mtime 1720597118.068671
DEBUG 2024-07-10 09:13:07,373 autoreload File /usr/local/lib/python3.9/site-packages/django/db/models/utils.py first seen with mtime 1720597118.409671
DEBUG 2024-07-10 09:13:07,373 autoreload File /usr/local/lib/python3.9/site-packages/rest_framework_simplejwt/exceptions.py first seen with mtime 1720597120.162671
DEBUG 2024-07-10 09:13:07,374 autoreload File /usr/local/lib/python3.9/site-packages/django/contrib/auth/validators.py first seen with mtime 1720597118.175671
DEBUG 2024-07-10 09:13:07,374 autoreload File /usr/local/lib/python3.9/site-packages/django/template/loader.py first seen with mtime 1720597118.425671
DEBUG 2024-07-10 09:13:07,374 autoreload File /usr/local/lib/python3.9/site-packages/django/db/backends/mysql/validation.py first seen with mtime 1720597118.400671
DEBUG 2024-07-10 09:13:07,374 autoreload File /usr/local/lib/python3.9/site-packages/django/db/models/fields/related_lookups.py first seen with mtime 1720597118.411671
DEBUG 2024-07-10 09:13:07,374 autoreload File /usr/local/lib/python3.9/email/mime/multipart.py first seen with mtime 1719959277.0
DEBUG 2024-07-10 09:13:07,375 autoreload File /usr/local/lib/python3.9/importlib/machinery.py first seen with mtime 1719959276.0
DEBUG 2024-07-10 09:13:07,375 autoreload File /usr/local/lib/python3.9/site-packages/rest_framework/utils/encoders.py first seen with mtime 1720597119.235671
DEBUG 2024-07-10 09:13:07,375 autoreload File /usr/local/lib/python3.9/site-packages/django/contrib/contenttypes/views.py first seen with mtime 1720597118.204671
DEBUG 2024-07-10 09:13:07,375 autoreload File /usr/local/lib/python3.9/site-packages/django/db/migrations/operations/base.py first seen with mtime 1720597118.4056711
DEBUG 2024-07-10 09:13:07,375 autoreload File /usr/local/lib/python3.9/site-packages/sqlparse/filters/output.py first seen with mtime 1720597112.219671
DEBUG 2024-07-10 09:13:07,376 autoreload File /usr/local/lib/python3.9/lib-dynload/_heapq.cpython-39-aarch64-linux-gnu.so first seen with mtime 1719959265.0
DEBUG 2024-07-10 09:13:07,376 autoreload File /usr/local/lib/python3.9/site-packages/jinja2/utils.py first seen with mtime 1720597114.193671
DEBUG 2024-07-10 09:13:07,376 autoreload File /usr/local/lib/python3.9/gzip.py first seen with mtime 1719959275.0
DEBUG 2024-07-10 09:13:07,376 autoreload File /usr/local/lib/python3.9/_compression.py first seen with mtime 1719959275.0
DEBUG 2024-07-10 09:13:07,377 autoreload File /usr/local/lib/python3.9/site-packages/rest_framework/utils/html.py first seen with mtime 1720597119.236671
DEBUG 2024-07-10 09:13:07,377 autoreload File /usr/local/lib/python3.9/site-packages/django/urls/converters.py first seen with mtime 1720597118.430671
DEBUG 2024-07-10 09:13:07,377 autoreload File /usr/local/lib/python3.9/site-packages/sqlparse/engine/statement_splitter.py first seen with mtime 1720597112.219671
DEBUG 2024-07-10 09:13:07,377 autoreload File /usr/local/lib/python3.9/sre_constants.py first seen with mtime 1719959275.0
DEBUG 2024-07-10 09:13:07,377 autoreload File /usr/local/lib/python3.9/site-packages/django/core/management/base.py first seen with mtime 1720597118.392671
DEBUG 2024-07-10 09:13:07,378 autoreload File /usr/local/lib/python3.9/site-packages/urllib3/util/timeout.py first seen with mtime 1720597112.087671
DEBUG 2024-07-10 09:13:07,378 autoreload File /usr/local/lib/python3.9/site-packages/rest_framework/utils/serializer_helpers.py first seen with mtime 1720597119.236671
DEBUG 2024-07-10 09:13:07,378 autoreload File /usr/local/lib/python3.9/site-packages/django/db/models/constants.py first seen with mtime 1720597118.406671
DEBUG 2024-07-10 09:13:07,378 autoreload File /usr/local/lib/python3.9/site-packages/rest_framework/versioning.py first seen with mtime 1720597119.205671
DEBUG 2024-07-10 09:13:07,378 autoreload File /usr/local/lib/python3.9/site-packages/django/core/files/temp.py first seen with mtime 1720597118.389671
DEBUG 2024-07-10 09:13:07,379 autoreload File /usr/local/lib/python3.9/site-packages/django/utils/topological_sort.py first seen with mtime 1720597118.434671
DEBUG 2024-07-10 09:13:07,379 autoreload File /usr/local/lib/python3.9/site-packages/django/db/models/sql/query.py first seen with mtime 1720597118.413671
DEBUG 2024-07-10 09:13:07,379 autoreload File /usr/local/lib/python3.9/site-packages/django/http/multipartparser.py first seen with mtime 1720597118.423671
DEBUG 2024-07-10 09:13:07,379 autoreload File /usr/local/lib/python3.9/site-packages/environ/__init__.py first seen with mtime 1720597114.042671
DEBUG 2024-07-10 09:13:07,379 autoreload File /usr/local/lib/python3.9/site-packages/urllib3/connectionpool.py first seen with mtime 1720597112.084671
DEBUG 2024-07-10 09:13:07,380 autoreload File /usr/local/lib/python3.9/site-packages/yaml/loader.py first seen with mtime 1720597112.288671
DEBUG 2024-07-10 09:13:07,380 autoreload File /usr/local/lib/python3.9/email/generator.py first seen with mtime 1719959277.0
DEBUG 2024-07-10 09:13:07,380 autoreload File /usr/local/lib/python3.9/site-packages/drf_yasg/codecs.py first seen with mtime 1720597120.0536711
DEBUG 2024-07-10 09:13:07,380 autoreload File /usr/local/lib/python3.9/site-packages/rest_framework/templatetags/__init__.py first seen with mtime 1720597119.235671
DEBUG 2024-07-10 09:13:07,380 autoreload File /usr/local/lib/python3.9/types.py first seen with mtime 1719959275.0
DEBUG 2024-07-10 09:13:07,381 autoreload File /usr/local/lib/python3.9/lib-dynload/_json.cpython-39-aarch64-linux-gnu.so first seen with mtime 1719959266.0
DEBUG 2024-07-10 09:13:07,381 autoreload File /usr/local/lib/python3.9/asyncio/format_helpers.py first seen with mtime 1719959277.0
DEBUG 2024-07-10 09:13:07,381 autoreload File /usr/local/lib/python3.9/site-packages/django/contrib/admin/__init__.py first seen with mtime 1720597118.066671
DEBUG 2024-07-10 09:13:07,381 autoreload File /usr/local/lib/python3.9/site-packages/django/db/migrations/__init__.py first seen with mtime 1720597118.403671
DEBUG 2024-07-10 09:13:07,382 autoreload File /usr/local/lib/python3.9/site-packages/django/core/cache/utils.py first seen with mtime 1720597118.386671
DEBUG 2024-07-10 09:13:07,382 autoreload File /usr/local/lib/python3.9/email/quoprimime.py first seen with mtime 1719959277.0
DEBUG 2024-07-10 09:13:07,382 autoreload File /usr/local/lib/python3.9/lib-dynload/_hashlib.cpython-39-aarch64-linux-gnu.so first seen with mtime 1719959267.0
DEBUG 2024-07-10 09:13:07,382 autoreload File /usr/local/lib/python3.9/dis.py first seen with mtime 1719959275.0
DEBUG 2024-07-10 09:13:07,382 autoreload File /usr/local/lib/python3.9/site-packages/django/urls/__init__.py first seen with mtime 1720597118.429671
DEBUG 2024-07-10 09:13:07,383 autoreload File /usr/local/lib/python3.9/concurrent/futures/thread.py first seen with mtime 1719959277.0
DEBUG 2024-07-10 09:13:07,383 autoreload File /usr/local/lib/python3.9/site-packages/idna/intranges.py first seen with mtime 1720597113.932671
DEBUG 2024-07-10 09:13:07,383 autoreload File /usr/local/lib/python3.9/asyncio/threads.py first seen with mtime 1719959277.0
DEBUG 2024-07-10 09:13:07,383 autoreload File /usr/local/lib/python3.9/site-packages/django/core/servers/__init__.py first seen with mtime 1720597118.396671
DEBUG 2024-07-10 09:13:07,383 autoreload File /usr/local/lib/python3.9/zoneinfo/__init__.py first seen with mtime 1719959277.0
DEBUG 2024-07-10 09:13:07,384 autoreload File /usr/local/lib/python3.9/site-packages/coreapi/codecs/display.py first seen with mtime 1720597119.327671
DEBUG 2024-07-10 09:13:07,384 autoreload File /usr/local/lib/python3.9/site-packages/rest_framework/renderers.py first seen with mtime 1720597119.204671
DEBUG 2024-07-10 09:13:07,384 autoreload File /usr/local/lib/python3.9/email/_parseaddr.py first seen with mtime 1719959277.0
DEBUG 2024-07-10 09:13:07,384 autoreload File /usr/local/lib/python3.9/urllib/error.py first seen with mtime 1719959277.0
DEBUG 2024-07-10 09:13:07,384 autoreload File /usr/local/lib/python3.9/site-packages/django/contrib/staticfiles/checks.py first seen with mtime 1720597118.384671
DEBUG 2024-07-10 09:13:07,385 autoreload File /usr/local/lib/python3.9/asyncio/protocols.py first seen with mtime 1719959277.0
DEBUG 2024-07-10 09:13:07,385 autoreload File /usr/local/lib/python3.9/site-packages/rest_framework/authentication.py first seen with mtime 1720597119.2016711
DEBUG 2024-07-10 09:13:07,385 autoreload File /usr/local/lib/python3.9/site-packages/rest_framework/utils/field_mapping.py first seen with mtime 1720597119.236671
DEBUG 2024-07-10 09:13:07,385 autoreload File /usr/local/lib/python3.9/logging/config.py first seen with mtime 1719959277.0
DEBUG 2024-07-10 09:13:07,385 autoreload File /usr/local/lib/python3.9/sre_compile.py first seen with mtime 1719959275.0
DEBUG 2024-07-10 09:13:07,386 autoreload File /usr/local/lib/python3.9/site-packages/coreapi/codecs/python.py first seen with mtime 1720597119.327671
DEBUG 2024-07-10 09:13:07,386 autoreload File /app/apps/entry/models.py first seen with mtime 1720438198.9354937
DEBUG 2024-07-10 09:13:07,386 autoreload File /usr/local/lib/python3.9/threading.py first seen with mtime 1719959275.0
DEBUG 2024-07-10 09:13:07,386 autoreload File /usr/local/lib/python3.9/site-packages/django/contrib/admin/sites.py first seen with mtime 1720597118.068671
DEBUG 2024-07-10 09:13:07,387 autoreload File /usr/local/lib/python3.9/site-packages/django/utils/crypto.py first seen with mtime 1720597118.431671
DEBUG 2024-07-10 09:13:07,387 autoreload File /usr/local/lib/python3.9/urllib/response.py first seen with mtime 1719959277.0
DEBUG 2024-07-10 09:13:07,387 autoreload File /usr/local/lib/python3.9/ast.py first seen with mtime 1719959275.0
DEBUG 2024-07-10 09:13:07,387 autoreload File /usr/local/lib/python3.9/concurrent/__init__.py first seen with mtime 1719959277.0
DEBUG 2024-07-10 09:13:07,387 autoreload File /usr/local/lib/python3.9/site-packages/django/db/models/__init__.py first seen with mtime 1720597118.406671
DEBUG 2024-07-10 09:13:07,388 autoreload File /usr/local/lib/python3.9/site-packages/django/template/defaultfilters.py first seen with mtime 1720597118.425671
DEBUG 2024-07-10 09:13:07,388 autoreload File /usr/local/lib/python3.9/site-packages/django/forms/models.py first seen with mtime 1720597118.415671
DEBUG 2024-07-10 09:13:07,388 autoreload File /usr/local/lib/python3.9/site-packages/django/views/decorators/common.py first seen with mtime 1720597118.436671
DEBUG 2024-07-10 09:13:07,388 autoreload File /usr/local/lib/python3.9/site-packages/django/db/backends/mysql/__init__.py first seen with mtime 1720597118.399671
DEBUG 2024-07-10 09:13:07,388 autoreload File /usr/local/lib/python3.9/site-packages/drf_yasg/errors.py first seen with mtime 1720597120.0536711
DEBUG 2024-07-10 09:13:07,389 autoreload File /usr/local/lib/python3.9/site-packages/django/db/backends/signals.py first seen with mtime 1720597118.397671
DEBUG 2024-07-10 09:13:07,389 autoreload File /usr/local/lib/python3.9/site-packages/jinja2/__init__.py first seen with mtime 1720597114.189671
DEBUG 2024-07-10 09:13:07,389 autoreload File /usr/local/lib/python3.9/site-packages/django/template/exceptions.py first seen with mtime 1720597118.425671
DEBUG 2024-07-10 09:13:07,389 autoreload File /usr/local/lib/python3.9/site-packages/urllib3/fields.py first seen with mtime 1720597112.084671
DEBUG 2024-07-10 09:13:07,389 autoreload File /usr/local/lib/python3.9/site.py first seen with mtime 1719959275.0
DEBUG 2024-07-10 09:13:07,390 autoreload File /usr/local/lib/python3.9/site-packages/drf_yasg/generators.py first seen with mtime 1720597120.054671
DEBUG 2024-07-10 09:13:07,390 autoreload File /usr/local/lib/python3.9/hashlib.py first seen with mtime 1719959275.0
DEBUG 2024-07-10 09:13:07,390 autoreload File /usr/local/lib/python3.9/site-packages/sqlparse/tokens.py first seen with mtime 1720597112.218671
DEBUG 2024-07-10 09:13:07,390 autoreload File /usr/local/lib/python3.9/weakref.py first seen with mtime 1719959275.0
DEBUG 2024-07-10 09:13:07,390 autoreload File /usr/local/lib/python3.9/site-packages/django/core/cache/backends/__init__.py first seen with mtime 1720597118.386671
DEBUG 2024-07-10 09:13:07,391 autoreload File /usr/local/lib/python3.9/site-packages/sqlparse/utils.py first seen with mtime 1720597112.218671
DEBUG 2024-07-10 09:13:07,391 autoreload File /usr/local/lib/python3.9/email/mime/base.py first seen with mtime 1719959277.0
DEBUG 2024-07-10 09:13:07,391 autoreload File /usr/local/lib/python3.9/json/scanner.py first seen with mtime 1719959277.0
DEBUG 2024-07-10 09:13:07,391 autoreload File /usr/local/lib/python3.9/site-packages/django/middleware/cache.py first seen with mtime 1720597118.423671
DEBUG 2024-07-10 09:13:07,392 autoreload File /usr/local/lib/python3.9/site-packages/django/contrib/auth/checks.py first seen with mtime 1720597118.173671
DEBUG 2024-07-10 09:13:07,392 autoreload File /usr/local/lib/python3.9/site-packages/django/contrib/admindocs/views.py first seen with mtime 1720597118.148671
DEBUG 2024-07-10 09:13:07,392 autoreload File /usr/local/lib/python3.9/site-packages/pytz/exceptions.py first seen with mtime 1720597111.984671
DEBUG 2024-07-10 09:13:07,392 autoreload File /usr/local/lib/python3.9/site-packages/requests/__version__.py first seen with mtime 1720597114.120671
DEBUG 2024-07-10 09:13:07,392 autoreload File /usr/local/lib/python3.9/struct.py first seen with mtime 1719959275.0
DEBUG 2024-07-10 09:13:07,393 autoreload File /usr/local/lib/python3.9/lib-dynload/_lzma.cpython-39-aarch64-linux-gnu.so first seen with mtime 1719959269.0
DEBUG 2024-07-10 09:13:07,393 autoreload File /usr/local/lib/python3.9/site-packages/django/core/checks/compatibility/django_4_0.py first seen with mtime 1720597118.388671
DEBUG 2024-07-10 09:13:07,393 autoreload File /usr/local/lib/python3.9/site-packages/django/__init__.py first seen with mtime 1720597118.008671
DEBUG 2024-07-10 09:13:07,393 autoreload File /usr/local/lib/python3.9/site-packages/django/utils/module_loading.py first seen with mtime 1720597118.434671
DEBUG 2024-07-10 09:13:07,393 autoreload File /usr/local/lib/python3.9/site-packages/django/dispatch/dispatcher.py first seen with mtime 1720597118.413671
DEBUG 2024-07-10 09:13:07,394 autoreload File /usr/local/lib/python3.9/site-packages/coreapi/compat.py first seen with mtime 1720597119.3266711
DEBUG 2024-07-10 09:13:07,394 autoreload File /usr/local/lib/python3.9/site-packages/django/utils/deconstruct.py first seen with mtime 1720597118.432671
DEBUG 2024-07-10 09:13:07,394 autoreload File /usr/local/lib/python3.9/site-packages/django/contrib/contenttypes/admin.py first seen with mtime 1720597118.203671
DEBUG 2024-07-10 09:13:07,394 autoreload File /usr/local/lib/python3.9/asyncio/locks.py first seen with mtime 1719959277.0
DEBUG 2024-07-10 09:13:07,394 autoreload File /usr/local/lib/python3.9/site-packages/jinja2/bccache.py first seen with mtime 1720597114.189671
DEBUG 2024-07-10 09:13:07,395 autoreload File /usr/local/lib/python3.9/site-packages/MySQLdb/times.py first seen with mtime 1720597113.906671
DEBUG 2024-07-10 09:13:07,395 autoreload File /usr/local/lib/python3.9/site-packages/django/core/cache/__init__.py first seen with mtime 1720597118.386671
DEBUG 2024-07-10 09:13:07,395 autoreload File /usr/local/lib/python3.9/site-packages/django/db/models/functions/__init__.py first seen with mtime 1720597118.411671
DEBUG 2024-07-10 09:13:07,395 autoreload File /usr/local/lib/python3.9/site-packages/urllib3/_base_connection.py first seen with mtime 1720597112.083671
DEBUG 2024-07-10 09:13:07,395 autoreload File /usr/local/lib/python3.9/site-packages/django/core/management/color.py first seen with mtime 1720597118.392671
DEBUG 2024-07-10 09:13:07,396 autoreload File /usr/local/lib/python3.9/contextlib.py first seen with mtime 1719959275.0
DEBUG 2024-07-10 09:13:07,396 autoreload File /usr/local/lib/python3.9/site-packages/django/template/engine.py first seen with mtime 1720597118.425671
DEBUG 2024-07-10 09:13:07,396 autoreload File /usr/local/lib/python3.9/site-packages/django/db/models/fields/related_descriptors.py first seen with mtime 1720597118.410671
DEBUG 2024-07-10 09:13:07,396 autoreload File /usr/local/lib/python3.9/asyncio/selector_events.py first seen with mtime 1719959277.0
DEBUG 2024-07-10 09:13:07,396 autoreload File /usr/local/lib/python3.9/asyncio/base_subprocess.py first seen with mtime 1719959277.0
DEBUG 2024-07-10 09:13:07,397 autoreload File /usr/local/lib/python3.9/email/encoders.py first seen with mtime 1719959277.0
DEBUG 2024-07-10 09:13:07,397 autoreload File /usr/local/lib/python3.9/site-packages/django/contrib/contenttypes/management/__init__.py first seen with mtime 1720597118.223671
DEBUG 2024-07-10 09:13:07,397 autoreload File /usr/local/lib/python3.9/site-packages/rest_framework_simplejwt/token_blacklist/models.py first seen with mtime 1720597120.169671
DEBUG 2024-07-10 09:13:07,397 autoreload File /usr/local/lib/python3.9/site-packages/rest_framework/validators.py first seen with mtime 1720597119.205671
DEBUG 2024-07-10 09:13:07,397 autoreload File /usr/local/lib/python3.9/getpass.py first seen with mtime 1719959275.0
DEBUG 2024-07-10 09:13:07,398 autoreload File /usr/local/lib/python3.9/importlib/_common.py first seen with mtime 1719959276.0
DEBUG 2024-07-10 09:13:07,398 autoreload File /usr/local/lib/python3.9/site-packages/coreapi/auth.py first seen with mtime 1720597119.3266711
DEBUG 2024-07-10 09:13:07,398 autoreload File /usr/local/lib/python3.9/site-packages/django/db/models/deletion.py first seen with mtime 1720597118.407671
DEBUG 2024-07-10 09:13:07,398 autoreload File /usr/local/lib/python3.9/site-packages/django/contrib/admin/models.py first seen with mtime 1720597118.067671
DEBUG 2024-07-10 09:13:07,398 autoreload File /usr/local/lib/python3.9/site-packages/requests/compat.py first seen with mtime 1720597114.121671
DEBUG 2024-07-10 09:13:07,399 autoreload File /usr/local/lib/python3.9/site-packages/django/core/files/storage/filesystem.py first seen with mtime 1720597118.390671
DEBUG 2024-07-10 09:13:07,399 autoreload File /usr/local/lib/python3.9/site-packages/requests/certs.py first seen with mtime 1720597114.121671
DEBUG 2024-07-10 09:13:07,399 autoreload File /usr/local/lib/python3.9/site-packages/asgiref/__init__.py first seen with mtime 1720597114.312671
DEBUG 2024-07-10 09:13:07,399 autoreload File /usr/local/lib/python3.9/ntpath.py first seen with mtime 1719959275.0
DEBUG 2024-07-10 09:13:07,400 autoreload File /usr/local/lib/python3.9/site-packages/jinja2/tests.py first seen with mtime 1720597114.192671
DEBUG 2024-07-10 09:13:07,400 autoreload File /usr/local/lib/python3.9/site-packages/django/contrib/admin/exceptions.py first seen with mtime 1720597118.067671
DEBUG 2024-07-10 09:13:07,400 autoreload File /usr/local/lib/python3.9/site-packages/django/conf/global_settings.py first seen with mtime 1720597118.009671
DEBUG 2024-07-10 09:13:07,400 autoreload File /usr/local/lib/python3.9/pickle.py first seen with mtime 1719959275.0
DEBUG 2024-07-10 09:13:07,400 autoreload File /usr/local/lib/python3.9/typing.py first seen with mtime 1719959275.0
DEBUG 2024-07-10 09:13:07,401 autoreload File /usr/local/lib/python3.9/site-packages/rest_framework_simplejwt/tokens.py first seen with mtime 1720597120.163671
DEBUG 2024-07-10 09:13:07,401 autoreload File /usr/local/lib/python3.9/site-packages/django/db/transaction.py first seen with mtime 1720597118.396671
DEBUG 2024-07-10 09:13:07,401 autoreload File /usr/local/lib/python3.9/site-packages/idna/core.py first seen with mtime 1720597113.932671
DEBUG 2024-07-10 09:13:07,401 autoreload File /usr/local/lib/python3.9/site-packages/pytz/lazy.py first seen with mtime 1720597111.984671
DEBUG 2024-07-10 09:13:07,401 autoreload File /usr/local/lib/python3.9/site-packages/django/core/checks/urls.py first seen with mtime 1720597118.388671
DEBUG 2024-07-10 09:13:07,402 autoreload File /usr/local/lib/python3.9/site-packages/urllib3/util/url.py first seen with mtime 1720597112.087671
DEBUG 2024-07-10 09:13:07,402 autoreload File /usr/local/lib/python3.9/email/contentmanager.py first seen with mtime 1719959277.0
DEBUG 2024-07-10 09:13:07,402 autoreload File /usr/local/lib/python3.9/site-packages/django/db/migrations/exceptions.py first seen with mtime 1720597118.404671
DEBUG 2024-07-10 09:13:07,402 autoreload File /usr/local/lib/python3.9/site-packages/rest_framework_simplejwt/utils.py first seen with mtime 1720597120.163671
DEBUG 2024-07-10 09:13:07,402 autoreload File /usr/local/lib/python3.9/site-packages/django/db/models/signals.py first seen with mtime 1720597118.409671
DEBUG 2024-07-10 09:13:07,403 autoreload File /usr/local/lib/python3.9/asyncio/base_tasks.py first seen with mtime 1719959277.0
DEBUG 2024-07-10 09:13:07,403 autoreload File /usr/local/lib/python3.9/site-packages/django/utils/safestring.py first seen with mtime 1720597118.434671
DEBUG 2024-07-10 09:13:07,403 autoreload File /usr/local/lib/python3.9/site-packages/django/urls/exceptions.py first seen with mtime 1720597118.430671
DEBUG 2024-07-10 09:13:07,403 autoreload File /usr/local/lib/python3.9/site-packages/urllib3/_request_methods.py first seen with mtime 1720597112.083671
DEBUG 2024-07-10 09:13:07,403 autoreload File /usr/local/lib/python3.9/site-packages/sqlparse/__init__.py first seen with mtime 1720597112.217671
DEBUG 2024-07-10 09:13:07,404 autoreload File /usr/local/lib/python3.9/site-packages/django/core/management/commands/__init__.py first seen with mtime 1720597118.392671
DEBUG 2024-07-10 09:13:07,404 autoreload File /usr/local/lib/python3.9/site-packages/coreapi/codecs/base.py first seen with mtime 1720597119.327671
DEBUG 2024-07-10 09:13:07,404 autoreload File /usr/local/lib/python3.9/site-packages/requests/auth.py first seen with mtime 1720597114.121671
DEBUG 2024-07-10 09:13:07,404 autoreload File /usr/local/lib/python3.9/site-packages/django/utils/_os.py first seen with mtime 1720597118.430671
DEBUG 2024-07-10 09:13:07,404 autoreload File /usr/local/lib/python3.9/unittest/case.py first seen with mtime 1719959277.0
DEBUG 2024-07-10 09:13:07,405 autoreload File /usr/local/lib/python3.9/site-packages/rest_framework/views.py first seen with mtime 1720597119.206671
DEBUG 2024-07-10 09:13:07,405 autoreload File /usr/local/lib/python3.9/email/message.py first seen with mtime 1719959277.0
DEBUG 2024-07-10 09:13:07,405 autoreload File /usr/local/lib/python3.9/site-packages/django/template/response.py first seen with mtime 1720597118.426671
DEBUG 2024-07-10 09:13:07,405 autoreload File /usr/local/lib/python3.9/site-packages/django/utils/termcolors.py first seen with mtime 1720597118.434671
DEBUG 2024-07-10 09:13:07,406 autoreload File /usr/local/lib/python3.9/site-packages/django/db/backends/base/introspection.py first seen with mtime 1720597118.398671
DEBUG 2024-07-10 09:13:07,406 autoreload File /usr/local/lib/python3.9/site-packages/django/templatetags/static.py first seen with mtime 1720597118.427671
DEBUG 2024-07-10 09:13:07,406 autoreload File /usr/local/lib/python3.9/concurrent/futures/__init__.py first seen with mtime 1719959277.0
DEBUG 2024-07-10 09:13:07,406 autoreload File /usr/local/lib/python3.9/mimetypes.py first seen with mtime 1719959275.0
DEBUG 2024-07-10 09:13:07,407 autoreload File /usr/local/lib/python3.9/site-packages/django/core/checks/caches.py first seen with mtime 1720597118.387671
DEBUG 2024-07-10 09:13:07,407 autoreload File /usr/local/lib/python3.9/lib-dynload/_socket.cpython-39-aarch64-linux-gnu.so first seen with mtime 1719959268.0
DEBUG 2024-07-10 09:13:07,407 autoreload File /usr/local/lib/python3.9/site-packages/django/contrib/contenttypes/__init__.py first seen with mtime 1720597118.203671
DEBUG 2024-07-10 09:13:07,407 autoreload File /usr/local/lib/python3.9/site-packages/django/db/backends/mysql/introspection.py first seen with mtime 1720597118.399671
DEBUG 2024-07-10 09:13:07,408 autoreload File /usr/local/lib/python3.9/site-packages/MySQLdb/converters.py first seen with mtime 1720597113.9056711
DEBUG 2024-07-10 09:13:07,408 autoreload File /usr/local/lib/python3.9/heapq.py first seen with mtime 1719959275.0
DEBUG 2024-07-10 09:13:07,408 autoreload File /usr/local/lib/python3.9/site-packages/requests/_internal_utils.py first seen with mtime 1720597114.120671
DEBUG 2024-07-10 09:13:07,408 autoreload File /usr/local/lib/python3.9/site-packages/rest_framework/settings.py first seen with mtime 1720597119.205671
DEBUG 2024-07-10 09:13:07,409 autoreload File /usr/local/lib/python3.9/site-packages/django/template/smartif.py first seen with mtime 1720597118.426671
DEBUG 2024-07-10 09:13:07,409 autoreload File /usr/local/lib/python3.9/email/mime/__init__.py first seen with mtime 1719959277.0
DEBUG 2024-07-10 09:13:07,409 autoreload File /usr/local/lib/python3.9/site-packages/jinja2/exceptions.py first seen with mtime 1720597114.190671
DEBUG 2024-07-10 09:13:07,409 autoreload File /usr/local/lib/python3.9/site-packages/yaml/error.py first seen with mtime 1720597112.289671
DEBUG 2024-07-10 09:13:07,409 autoreload File /usr/local/lib/python3.9/http/cookies.py first seen with mtime 1719959277.0
DEBUG 2024-07-10 09:13:07,410 autoreload File /usr/local/lib/python3.9/json/encoder.py first seen with mtime 1719959277.0
DEBUG 2024-07-10 09:13:07,410 autoreload File /usr/local/lib/python3.9/asyncio/queues.py first seen with mtime 1719959277.0
DEBUG 2024-07-10 09:13:07,410 autoreload File /usr/local/lib/python3.9/site-packages/django/utils/html.py first seen with mtime 1720597118.433671
DEBUG 2024-07-10 09:13:07,410 autoreload File /usr/local/lib/python3.9/site-packages/django/utils/dateparse.py first seen with mtime 1720597118.431671
DEBUG 2024-07-10 09:13:07,411 autoreload File /usr/local/lib/python3.9/site-packages/django/views/generic/edit.py first seen with mtime 1720597118.437671
DEBUG 2024-07-10 09:13:07,411 autoreload File /usr/local/lib/python3.9/site-packages/django/contrib/staticfiles/management/commands/__init__.py first seen with mtime 1720597118.385671
DEBUG 2024-07-10 09:13:07,411 autoreload File /usr/local/lib/python3.9/site-packages/django/views/generic/base.py first seen with mtime 1720597118.437671
DEBUG 2024-07-10 09:13:07,411 autoreload File /usr/local/lib/python3.9/site-packages/sqlparse/filters/aligned_indent.py first seen with mtime 1720597112.219671
DEBUG 2024-07-10 09:13:07,412 autoreload File /usr/local/lib/python3.9/urllib/__init__.py first seen with mtime 1719959277.0
DEBUG 2024-07-10 09:13:07,412 autoreload File /usr/local/lib/python3.9/site-packages/coreschema/compat.py first seen with mtime 1720597119.180671
DEBUG 2024-07-10 09:13:07,412 autoreload File /usr/local/lib/python3.9/site-packages/pytz/tzfile.py first seen with mtime 1720597111.984671
DEBUG 2024-07-10 09:13:07,412 autoreload File /usr/local/lib/python3.9/site-packages/django/template/base.py first seen with mtime 1720597118.424671
DEBUG 2024-07-10 09:13:07,413 autoreload File /usr/local/lib/python3.9/site-packages/charset_normalizer/legacy.py first seen with mtime 1720597114.054671
DEBUG 2024-07-10 09:13:07,413 autoreload File /usr/local/lib/python3.9/http/client.py first seen with mtime 1719959277.0
DEBUG 2024-07-10 09:13:07,413 autoreload File /usr/local/lib/python3.9/xml/parsers/expat.py first seen with mtime 1719959277.0
DEBUG 2024-07-10 09:13:07,413 autoreload File /usr/local/lib/python3.9/re.py first seen with mtime 1719959275.0
DEBUG 2024-07-10 09:13:07,414 autoreload File /usr/local/lib/python3.9/urllib/request.py first seen with mtime 1719959277.0
DEBUG 2024-07-10 09:13:07,414 autoreload File /usr/local/lib/python3.9/site-packages/sqlparse/filters/right_margin.py first seen with mtime 1720597112.219671
DEBUG 2024-07-10 09:13:07,414 autoreload File /usr/local/lib/python3.9/lib-dynload/_queue.cpython-39-aarch64-linux-gnu.so first seen with mtime 1719959265.0
DEBUG 2024-07-10 09:13:07,414 autoreload File /usr/local/lib/python3.9/lib-dynload/_pickle.cpython-39-aarch64-linux-gnu.so first seen with mtime 1719959266.0
DEBUG 2024-07-10 09:13:07,415 autoreload File /usr/local/lib/python3.9/site-packages/MySQLdb/__init__.py first seen with mtime 1720597113.903671
DEBUG 2024-07-10 09:13:07,415 autoreload File /usr/local/lib/python3.9/site-packages/coreapi/codecs/download.py first seen with mtime 1720597119.327671
DEBUG 2024-07-10 09:13:07,415 autoreload File /usr/local/lib/python3.9/site-packages/django/core/checks/database.py first seen with mtime 1720597118.387671
DEBUG 2024-07-10 09:13:07,415 autoreload File /usr/local/lib/python3.9/site-packages/rest_framework_simplejwt/__init__.py first seen with mtime 1720597120.162671
DEBUG 2024-07-10 09:13:07,416 autoreload File /usr/local/lib/python3.9/email/header.py first seen with mtime 1719959277.0
DEBUG 2024-07-10 09:13:07,416 autoreload File /usr/local/lib/python3.9/site-packages/django/utils/translation/__init__.py first seen with mtime 1720597118.435671
DEBUG 2024-07-10 09:13:07,416 autoreload File /usr/local/lib/python3.9/site-packages/django/template/utils.py first seen with mtime 1720597118.426671
DEBUG 2024-07-10 09:13:07,416 autoreload File /usr/local/lib/python3.9/site-packages/MySQLdb/constants/FLAG.py first seen with mtime 1720597113.906671
DEBUG 2024-07-10 09:13:07,416 autoreload File /usr/local/lib/python3.9/pkgutil.py first seen with mtime 1719959275.0
DEBUG 2024-07-10 09:13:07,417 autoreload File /usr/local/lib/python3.9/site-packages/rest_framework/checks.py first seen with mtime 1720597119.2016711
DEBUG 2024-07-10 09:13:07,417 autoreload File /usr/local/lib/python3.9/site-packages/django/views/generic/list.py first seen with mtime 1720597118.438671
DEBUG 2024-07-10 09:13:07,417 autoreload File /usr/local/lib/python3.9/site-packages/django/views/debug.py first seen with mtime 1720597118.436671
DEBUG 2024-07-10 09:13:07,418 autoreload File /usr/local/lib/python3.9/site-packages/django/contrib/admin/templatetags/admin_list.py first seen with mtime 1720597118.147671
DEBUG 2024-07-10 09:13:07,418 autoreload File /usr/local/lib/python3.9/xml/dom/minicompat.py first seen with mtime 1719959277.0
DEBUG 2024-07-10 09:13:07,418 autoreload File /usr/local/lib/python3.9/logging/__init__.py first seen with mtime 1719959277.0
DEBUG 2024-07-10 09:13:07,418 autoreload File /usr/local/lib/python3.9/lib-dynload/zlib.cpython-39-aarch64-linux-gnu.so first seen with mtime 1719959268.0
DEBUG 2024-07-10 09:13:07,418 autoreload File /usr/local/lib/python3.9/site-packages/django/core/cache/backends/filebased.py first seen with mtime 1720597118.387671
DEBUG 2024-07-10 09:13:07,419 autoreload File /usr/local/lib/python3.9/site-packages/django/contrib/staticfiles/apps.py first seen with mtime 1720597118.384671
DEBUG 2024-07-10 09:13:07,419 autoreload File /usr/local/lib/python3.9/site-packages/django/test/client.py first seen with mtime 1720597118.4286711
DEBUG 2024-07-10 09:13:07,419 autoreload File /usr/local/lib/python3.9/site-packages/rest_framework/negotiation.py first seen with mtime 1720597119.203671
DEBUG 2024-07-10 09:13:07,420 autoreload File /usr/local/lib/python3.9/site-packages/django/db/models/expressions.py first seen with mtime 1720597118.407671
DEBUG 2024-07-10 09:13:07,420 autoreload File /usr/local/lib/python3.9/site-packages/django/db/models/functions/comparison.py first seen with mtime 1720597118.411671
DEBUG 2024-07-10 09:13:07,420 autoreload File /usr/local/lib/python3.9/site-packages/urllib3/util/ssl_.py first seen with mtime 1720597112.087671
DEBUG 2024-07-10 09:13:07,420 autoreload File /usr/local/lib/python3.9/site-packages/idna/__init__.py first seen with mtime 1720597113.931671
DEBUG 2024-07-10 09:13:07,420 autoreload File /usr/local/lib/python3.9/site-packages/jinja2/parser.py first seen with mtime 1720597114.192671
DEBUG 2024-07-10 09:13:07,421 autoreload File /usr/local/lib/python3.9/site-packages/requests/packages.py first seen with mtime 1720597114.122671
DEBUG 2024-07-10 09:13:07,421 autoreload File /usr/local/lib/python3.9/site-packages/django/template/backends/django.py first seen with mtime 1720597118.426671
DEBUG 2024-07-10 09:13:07,421 autoreload File /usr/local/lib/python3.9/copyreg.py first seen with mtime 1719959275.0
DEBUG 2024-07-10 09:13:07,421 autoreload File /usr/local/lib/python3.9/site-packages/django/core/serializers/json.py first seen with mtime 1720597118.396671
DEBUG 2024-07-10 09:13:07,422 autoreload File /usr/local/lib/python3.9/site-packages/django/contrib/contenttypes/apps.py first seen with mtime 1720597118.203671
DEBUG 2024-07-10 09:13:07,422 autoreload File /usr/local/lib/python3.9/site-packages/django/contrib/sites/__init__.py first seen with mtime 1720597118.363671
DEBUG 2024-07-10 09:13:07,422 autoreload File /usr/local/lib/python3.9/site-packages/rest_framework/fields.py first seen with mtime 1720597119.202671
DEBUG 2024-07-10 09:13:07,422 autoreload File /usr/local/lib/python3.9/site-packages/drf_yasg/app_settings.py first seen with mtime 1720597120.0536711
DEBUG 2024-07-10 09:13:07,423 autoreload File /usr/local/lib/python3.9/site-packages/yaml/tokens.py first seen with mtime 1720597112.288671
DEBUG 2024-07-10 09:13:07,423 autoreload File /usr/local/lib/python3.9/site-packages/django/contrib/contenttypes/forms.py first seen with mtime 1720597118.203671
DEBUG 2024-07-10 09:13:07,423 autoreload File /usr/local/lib/python3.9/site-packages/rest_framework/utils/timezone.py first seen with mtime 1720597119.236671
DEBUG 2024-07-10 09:13:07,423 autoreload File /usr/local/lib/python3.9/site-packages/django/templatetags/tz.py first seen with mtime 1720597118.4286711
DEBUG 2024-07-10 09:13:07,423 autoreload File /usr/local/lib/python3.9/site-packages/jinja2/visitor.py first seen with mtime 1720597114.193671
DEBUG 2024-07-10 09:13:07,424 autoreload File /usr/local/lib/python3.9/site-packages/django/db/backends/mysql/operations.py first seen with mtime 1720597118.399671
DEBUG 2024-07-10 09:13:07,424 autoreload File /usr/local/lib/python3.9/textwrap.py first seen with mtime 1719959275.0
DEBUG 2024-07-10 09:13:07,424 autoreload File /usr/local/lib/python3.9/site-packages/django/core/files/storage/mixins.py first seen with mtime 1720597118.390671
DEBUG 2024-07-10 09:13:07,424 autoreload File /usr/local/lib/python3.9/site-packages/rest_framework/compat.py first seen with mtime 1720597119.202671
DEBUG 2024-07-10 09:13:07,425 autoreload File /app/apps/users/views.py first seen with mtime 1720602714.948441
DEBUG 2024-07-10 09:13:07,425 autoreload File /usr/local/lib/python3.9/site-packages/MySQLdb/constants/CLIENT.py first seen with mtime 1720597113.906671
DEBUG 2024-07-10 09:13:07,425 autoreload File /usr/local/lib/python3.9/site-packages/django/forms/fields.py first seen with mtime 1720597118.414671
DEBUG 2024-07-10 09:13:07,426 autoreload File /usr/local/lib/python3.9/site-packages/pkg_resources/_vendor/packaging/markers.py first seen with mtime 1719989270.0
DEBUG 2024-07-10 09:13:07,426 autoreload File /usr/local/lib/python3.9/ipaddress.py first seen with mtime 1719959275.0
DEBUG 2024-07-10 09:13:07,426 autoreload File /usr/local/lib/python3.9/site-packages/drf_yasg/templates/drf-yasg first seen with mtime 1720597120.134671
DEBUG 2024-07-10 09:13:07,427 autoreload File /usr/local/lib/python3.9/site-packages/drf_yasg/templates/drf-yasg/redoc-old.html first seen with mtime 1720597120.134671
DEBUG 2024-07-10 09:13:07,427 autoreload File /usr/local/lib/python3.9/site-packages/drf_yasg/templates/drf-yasg/redoc.html first seen with mtime 1720597120.134671
DEBUG 2024-07-10 09:13:07,427 autoreload File /usr/local/lib/python3.9/site-packages/drf_yasg/templates/drf-yasg/swagger-ui.html first seen with mtime 1720597120.134671
DEBUG 2024-07-10 09:13:07,428 autoreload File /usr/local/lib/python3.9/site-packages/rest_framework/templates/rest_framework first seen with mtime 1720597119.234671
DEBUG 2024-07-10 09:13:07,428 autoreload File /usr/local/lib/python3.9/site-packages/rest_framework/templates/rest_framework/raw_data_form.html first seen with mtime 1720597119.230671
DEBUG 2024-07-10 09:13:07,428 autoreload File /usr/local/lib/python3.9/site-packages/rest_framework/templates/rest_framework/docs first seen with mtime 1720597119.231671
DEBUG 2024-07-10 09:13:07,428 autoreload File /usr/local/lib/python3.9/site-packages/rest_framework/templates/rest_framework/admin first seen with mtime 1720597119.230671
DEBUG 2024-07-10 09:13:07,429 autoreload File /usr/local/lib/python3.9/site-packages/rest_framework/templates/rest_framework/schema.js first seen with mtime 1720597119.230671
DEBUG 2024-07-10 09:13:07,429 autoreload File /usr/local/lib/python3.9/site-packages/rest_framework/templates/rest_framework/api.html first seen with mtime 1720597119.230671
DEBUG 2024-07-10 09:13:07,429 autoreload File /usr/local/lib/python3.9/site-packages/rest_framework/templates/rest_framework/admin.html first seen with mtime 1720597119.230671
DEBUG 2024-07-10 09:13:07,429 autoreload File /usr/local/lib/python3.9/site-packages/rest_framework/templates/rest_framework/vertical first seen with mtime 1720597119.235671
DEBUG 2024-07-10 09:13:07,430 autoreload File /usr/local/lib/python3.9/site-packages/rest_framework/templates/rest_framework/login_base.html first seen with mtime 1720597119.230671
DEBUG 2024-07-10 09:13:07,430 autoreload File /usr/local/lib/python3.9/site-packages/rest_framework/templates/rest_framework/pagination first seen with mtime 1720597119.234671
DEBUG 2024-07-10 09:13:07,430 autoreload File /usr/local/lib/python3.9/site-packages/rest_framework/templates/rest_framework/base.html first seen with mtime 1720597119.230671
DEBUG 2024-07-10 09:13:07,430 autoreload File /usr/local/lib/python3.9/site-packages/rest_framework/templates/rest_framework/login.html first seen with mtime 1720597119.230671
DEBUG 2024-07-10 09:13:07,430 autoreload File /usr/local/lib/python3.9/site-packages/rest_framework/templates/rest_framework/horizontal first seen with mtime 1720597119.233671
DEBUG 2024-07-10 09:13:07,431 autoreload File /usr/local/lib/python3.9/site-packages/rest_framework/templates/rest_framework/filters first seen with mtime 1720597119.232671
DEBUG 2024-07-10 09:13:07,431 autoreload File /usr/local/lib/python3.9/site-packages/rest_framework/templates/rest_framework/inline first seen with mtime 1720597119.234671
DEBUG 2024-07-10 09:13:07,431 autoreload File /usr/local/lib/python3.9/site-packages/rest_framework/templates/rest_framework/docs/langs first seen with mtime 1720597119.232671
DEBUG 2024-07-10 09:13:07,431 autoreload File /usr/local/lib/python3.9/site-packages/rest_framework/templates/rest_framework/docs/link.html first seen with mtime 1720597119.231671
DEBUG 2024-07-10 09:13:07,432 autoreload File /usr/local/lib/python3.9/site-packages/rest_framework/templates/rest_framework/docs/index.html first seen with mtime 1720597119.231671
DEBUG 2024-07-10 09:13:07,432 autoreload File /usr/local/lib/python3.9/site-packages/rest_framework/templates/rest_framework/docs/document.html first seen with mtime 1720597119.231671
DEBUG 2024-07-10 09:13:07,432 autoreload File /usr/local/lib/python3.9/site-packages/rest_framework/templates/rest_framework/docs/sidebar.html first seen with mtime 1720597119.231671
DEBUG 2024-07-10 09:13:07,432 autoreload File /usr/local/lib/python3.9/site-packages/rest_framework/templates/rest_framework/docs/interact.html first seen with mtime 1720597119.231671
DEBUG 2024-07-10 09:13:07,433 autoreload File /usr/local/lib/python3.9/site-packages/rest_framework/templates/rest_framework/docs/auth first seen with mtime 1720597119.231671
DEBUG 2024-07-10 09:13:07,433 autoreload File /usr/local/lib/python3.9/site-packages/rest_framework/templates/rest_framework/docs/error.html first seen with mtime 1720597119.231671
DEBUG 2024-07-10 09:13:07,433 autoreload File /usr/local/lib/python3.9/site-packages/rest_framework/templates/rest_framework/docs/langs/shell.html first seen with mtime 1720597119.232671
DEBUG 2024-07-10 09:13:07,433 autoreload File /usr/local/lib/python3.9/site-packages/rest_framework/templates/rest_framework/docs/langs/python.html first seen with mtime 1720597119.232671
DEBUG 2024-07-10 09:13:07,434 autoreload File /usr/local/lib/python3.9/site-packages/rest_framework/templates/rest_framework/docs/langs/shell-intro.html first seen with mtime 1720597119.232671
DEBUG 2024-07-10 09:13:07,434 autoreload File /usr/local/lib/python3.9/site-packages/rest_framework/templates/rest_framework/docs/langs/python-intro.html first seen with mtime 1720597119.232671
DEBUG 2024-07-10 09:13:07,434 autoreload File /usr/local/lib/python3.9/site-packages/rest_framework/templates/rest_framework/docs/langs/javascript.html first seen with mtime 1720597119.231671
DEBUG 2024-07-10 09:13:07,434 autoreload File /usr/local/lib/python3.9/site-packages/rest_framework/templates/rest_framework/docs/langs/javascript-intro.html first seen with mtime 1720597119.231671
DEBUG 2024-07-10 09:13:07,434 autoreload File /usr/local/lib/python3.9/site-packages/rest_framework/templates/rest_framework/docs/auth/token.html first seen with mtime 1720597119.231671
DEBUG 2024-07-10 09:13:07,435 autoreload File /usr/local/lib/python3.9/site-packages/rest_framework/templates/rest_framework/docs/auth/basic.html first seen with mtime 1720597119.231671
DEBUG 2024-07-10 09:13:07,435 autoreload File /usr/local/lib/python3.9/site-packages/rest_framework/templates/rest_framework/docs/auth/session.html first seen with mtime 1720597119.231671
DEBUG 2024-07-10 09:13:07,435 autoreload File /usr/local/lib/python3.9/site-packages/rest_framework/templates/rest_framework/admin/list.html first seen with mtime 1720597119.230671
DEBUG 2024-07-10 09:13:07,435 autoreload File /usr/local/lib/python3.9/site-packages/rest_framework/templates/rest_framework/admin/detail.html first seen with mtime 1720597119.230671
DEBUG 2024-07-10 09:13:07,436 autoreload File /usr/local/lib/python3.9/site-packages/rest_framework/templates/rest_framework/admin/list_value.html first seen with mtime 1720597119.230671
DEBUG 2024-07-10 09:13:07,436 autoreload File /usr/local/lib/python3.9/site-packages/rest_framework/templates/rest_framework/admin/dict_value.html first seen with mtime 1720597119.230671
DEBUG 2024-07-10 09:13:07,436 autoreload File /usr/local/lib/python3.9/site-packages/rest_framework/templates/rest_framework/admin/simple_list_value.html first seen with mtime 1720597119.231671
DEBUG 2024-07-10 09:13:07,436 autoreload File /usr/local/lib/python3.9/site-packages/rest_framework/templates/rest_framework/vertical/fieldset.html first seen with mtime 1720597119.234671
DEBUG 2024-07-10 09:13:07,436 autoreload File /usr/local/lib/python3.9/site-packages/rest_framework/templates/rest_framework/vertical/radio.html first seen with mtime 1720597119.235671
DEBUG 2024-07-10 09:13:07,437 autoreload File /usr/local/lib/python3.9/site-packages/rest_framework/templates/rest_framework/vertical/select.html first seen with mtime 1720597119.235671
DEBUG 2024-07-10 09:13:07,437 autoreload File /usr/local/lib/python3.9/site-packages/rest_framework/templates/rest_framework/vertical/dict_field.html first seen with mtime 1720597119.234671
DEBUG 2024-07-10 09:13:07,437 autoreload File /usr/local/lib/python3.9/site-packages/rest_framework/templates/rest_framework/vertical/list_field.html first seen with mtime 1720597119.235671
DEBUG 2024-07-10 09:13:07,437 autoreload File /usr/local/lib/python3.9/site-packages/rest_framework/templates/rest_framework/vertical/checkbox.html first seen with mtime 1720597119.234671
DEBUG 2024-07-10 09:13:07,438 autoreload File /usr/local/lib/python3.9/site-packages/rest_framework/templates/rest_framework/vertical/textarea.html first seen with mtime 1720597119.235671
DEBUG 2024-07-10 09:13:07,438 autoreload File /usr/local/lib/python3.9/site-packages/rest_framework/templates/rest_framework/vertical/checkbox_multiple.html first seen with mtime 1720597119.234671
DEBUG 2024-07-10 09:13:07,438 autoreload File /usr/local/lib/python3.9/site-packages/rest_framework/templates/rest_framework/vertical/form.html first seen with mtime 1720597119.234671
DEBUG 2024-07-10 09:13:07,438 autoreload File /usr/local/lib/python3.9/site-packages/rest_framework/templates/rest_framework/vertical/list_fieldset.html first seen with mtime 1720597119.235671
DEBUG 2024-07-10 09:13:07,438 autoreload File /usr/local/lib/python3.9/site-packages/rest_framework/templates/rest_framework/vertical/select_multiple.html first seen with mtime 1720597119.235671
DEBUG 2024-07-10 09:13:07,439 autoreload File /usr/local/lib/python3.9/site-packages/rest_framework/templates/rest_framework/vertical/input.html first seen with mtime 1720597119.234671
DEBUG 2024-07-10 09:13:07,439 autoreload File /usr/local/lib/python3.9/site-packages/rest_framework/templates/rest_framework/pagination/numbers.html first seen with mtime 1720597119.234671
DEBUG 2024-07-10 09:13:07,439 autoreload File /usr/local/lib/python3.9/site-packages/rest_framework/templates/rest_framework/pagination/previous_and_next.html first seen with mtime 1720597119.234671
DEBUG 2024-07-10 09:13:07,439 autoreload File /usr/local/lib/python3.9/site-packages/rest_framework/templates/rest_framework/horizontal/fieldset.html first seen with mtime 1720597119.232671
DEBUG 2024-07-10 09:13:07,440 autoreload File /usr/local/lib/python3.9/site-packages/rest_framework/templates/rest_framework/horizontal/radio.html first seen with mtime 1720597119.233671
DEBUG 2024-07-10 09:13:07,440 autoreload File /usr/local/lib/python3.9/site-packages/rest_framework/templates/rest_framework/horizontal/select.html first seen with mtime 1720597119.233671
DEBUG 2024-07-10 09:13:07,440 autoreload File /usr/local/lib/python3.9/site-packages/rest_framework/templates/rest_framework/horizontal/dict_field.html first seen with mtime 1720597119.232671
DEBUG 2024-07-10 09:13:07,440 autoreload File /usr/local/lib/python3.9/site-packages/rest_framework/templates/rest_framework/horizontal/list_field.html first seen with mtime 1720597119.233671
DEBUG 2024-07-10 09:13:07,440 autoreload File /usr/local/lib/python3.9/site-packages/rest_framework/templates/rest_framework/horizontal/checkbox.html first seen with mtime 1720597119.232671
DEBUG 2024-07-10 09:13:07,441 autoreload File /usr/local/lib/python3.9/site-packages/rest_framework/templates/rest_framework/horizontal/textarea.html first seen with mtime 1720597119.233671
DEBUG 2024-07-10 09:13:07,441 autoreload File /usr/local/lib/python3.9/site-packages/rest_framework/templates/rest_framework/horizontal/checkbox_multiple.html first seen with mtime 1720597119.232671
DEBUG 2024-07-10 09:13:07,441 autoreload File /usr/local/lib/python3.9/site-packages/rest_framework/templates/rest_framework/horizontal/form.html first seen with mtime 1720597119.232671
DEBUG 2024-07-10 09:13:07,441 autoreload File /usr/local/lib/python3.9/site-packages/rest_framework/templates/rest_framework/horizontal/list_fieldset.html first seen with mtime 1720597119.233671
DEBUG 2024-07-10 09:13:07,441 autoreload File /usr/local/lib/python3.9/site-packages/rest_framework/templates/rest_framework/horizontal/select_multiple.html first seen with mtime 1720597119.233671
DEBUG 2024-07-10 09:13:07,442 autoreload File /usr/local/lib/python3.9/site-packages/rest_framework/templates/rest_framework/horizontal/input.html first seen with mtime 1720597119.232671
DEBUG 2024-07-10 09:13:07,442 autoreload File /usr/local/lib/python3.9/site-packages/rest_framework/templates/rest_framework/filters/base.html first seen with mtime 1720597119.232671
DEBUG 2024-07-10 09:13:07,442 autoreload File /usr/local/lib/python3.9/site-packages/rest_framework/templates/rest_framework/filters/ordering.html first seen with mtime 1720597119.232671
DEBUG 2024-07-10 09:13:07,442 autoreload File /usr/local/lib/python3.9/site-packages/rest_framework/templates/rest_framework/filters/search.html first seen with mtime 1720597119.232671
DEBUG 2024-07-10 09:13:07,442 autoreload File /usr/local/lib/python3.9/site-packages/rest_framework/templates/rest_framework/inline/fieldset.html first seen with mtime 1720597119.233671
DEBUG 2024-07-10 09:13:07,443 autoreload File /usr/local/lib/python3.9/site-packages/rest_framework/templates/rest_framework/inline/radio.html first seen with mtime 1720597119.234671
DEBUG 2024-07-10 09:13:07,443 autoreload File /usr/local/lib/python3.9/site-packages/rest_framework/templates/rest_framework/inline/select.html first seen with mtime 1720597119.234671
DEBUG 2024-07-10 09:13:07,443 autoreload File /usr/local/lib/python3.9/site-packages/rest_framework/templates/rest_framework/inline/dict_field.html first seen with mtime 1720597119.233671
DEBUG 2024-07-10 09:13:07,443 autoreload File /usr/local/lib/python3.9/site-packages/rest_framework/templates/rest_framework/inline/list_field.html first seen with mtime 1720597119.233671
DEBUG 2024-07-10 09:13:07,444 autoreload File /usr/local/lib/python3.9/site-packages/rest_framework/templates/rest_framework/inline/checkbox.html first seen with mtime 1720597119.233671
DEBUG 2024-07-10 09:13:07,444 autoreload File /usr/local/lib/python3.9/site-packages/rest_framework/templates/rest_framework/inline/textarea.html first seen with mtime 1720597119.234671
DEBUG 2024-07-10 09:13:07,444 autoreload File /usr/local/lib/python3.9/site-packages/rest_framework/templates/rest_framework/inline/checkbox_multiple.html first seen with mtime 1720597119.233671
DEBUG 2024-07-10 09:13:07,444 autoreload File /usr/local/lib/python3.9/site-packages/rest_framework/templates/rest_framework/inline/form.html first seen with mtime 1720597119.233671
DEBUG 2024-07-10 09:13:07,444 autoreload File /usr/local/lib/python3.9/site-packages/rest_framework/templates/rest_framework/inline/list_fieldset.html first seen with mtime 1720597119.234671
DEBUG 2024-07-10 09:13:07,445 autoreload File /usr/local/lib/python3.9/site-packages/rest_framework/templates/rest_framework/inline/select_multiple.html first seen with mtime 1720597119.234671
DEBUG 2024-07-10 09:13:07,445 autoreload File /usr/local/lib/python3.9/site-packages/rest_framework/templates/rest_framework/inline/input.html first seen with mtime 1720597119.233671
DEBUG 2024-07-10 09:13:07,446 autoreload File /usr/local/lib/python3.9/site-packages/rest_framework/locale/da/LC_MESSAGES/django.mo first seen with mtime 1720597119.208671
DEBUG 2024-07-10 09:13:07,446 autoreload File /usr/local/lib/python3.9/site-packages/rest_framework/locale/sl/LC_MESSAGES/django.mo first seen with mtime 1720597119.214671
DEBUG 2024-07-10 09:13:07,446 autoreload File /usr/local/lib/python3.9/site-packages/rest_framework/locale/es/LC_MESSAGES/django.mo first seen with mtime 1720597119.209671
DEBUG 2024-07-10 09:13:07,446 autoreload File /usr/local/lib/python3.9/site-packages/rest_framework/locale/pl/LC_MESSAGES/django.mo first seen with mtime 1720597119.213671
DEBUG 2024-07-10 09:13:07,447 autoreload File /usr/local/lib/python3.9/site-packages/rest_framework/locale/az/LC_MESSAGES/django.mo first seen with mtime 1720597119.207671
DEBUG 2024-07-10 09:13:07,447 autoreload File /usr/local/lib/python3.9/site-packages/rest_framework/locale/be/LC_MESSAGES/django.mo first seen with mtime 1720597119.207671
DEBUG 2024-07-10 09:13:07,447 autoreload File /usr/local/lib/python3.9/site-packages/rest_framework/locale/en/LC_MESSAGES/django.mo first seen with mtime 1720597119.209671
DEBUG 2024-07-10 09:13:07,447 autoreload File /usr/local/lib/python3.9/site-packages/rest_framework/locale/fr/LC_MESSAGES/django.mo first seen with mtime 1720597119.210671
DEBUG 2024-07-10 09:13:07,448 autoreload File /usr/local/lib/python3.9/site-packages/rest_framework/locale/hy/LC_MESSAGES/django.mo first seen with mtime 1720597119.211671
DEBUG 2024-07-10 09:13:07,448 autoreload File /usr/local/lib/python3.9/site-packages/rest_framework/locale/gl/LC_MESSAGES/django.mo first seen with mtime 1720597119.210671
DEBUG 2024-07-10 09:13:07,448 autoreload File /usr/local/lib/python3.9/site-packages/rest_framework/locale/ru_RU/LC_MESSAGES/django.mo first seen with mtime 1720597119.214671
DEBUG 2024-07-10 09:13:07,448 autoreload File /usr/local/lib/python3.9/site-packages/rest_framework/locale/et/LC_MESSAGES/django.mo first seen with mtime 1720597119.210671
DEBUG 2024-07-10 09:13:07,449 autoreload File /usr/local/lib/python3.9/site-packages/rest_framework/locale/ach/LC_MESSAGES/django.mo first seen with mtime 1720597119.207671
DEBUG 2024-07-10 09:13:07,449 autoreload File /usr/local/lib/python3.9/site-packages/rest_framework/locale/ro/LC_MESSAGES/django.mo first seen with mtime 1720597119.214671
DEBUG 2024-07-10 09:13:07,449 autoreload File /usr/local/lib/python3.9/site-packages/rest_framework/locale/ko_KR/LC_MESSAGES/django.mo first seen with mtime 1720597119.212671
DEBUG 2024-07-10 09:13:07,449 autoreload File /usr/local/lib/python3.9/site-packages/rest_framework/locale/zh_Hant/LC_MESSAGES/django.mo first seen with mtime 1720597119.216671
DEBUG 2024-07-10 09:13:07,450 autoreload File /usr/local/lib/python3.9/site-packages/rest_framework/locale/hu/LC_MESSAGES/django.mo first seen with mtime 1720597119.211671
DEBUG 2024-07-10 09:13:07,450 autoreload File /usr/local/lib/python3.9/site-packages/rest_framework/locale/en_US/LC_MESSAGES/django.mo first seen with mtime 1720597119.209671
DEBUG 2024-07-10 09:13:07,450 autoreload File /usr/local/lib/python3.9/site-packages/rest_framework/locale/lt/LC_MESSAGES/django.mo first seen with mtime 1720597119.212671
DEBUG 2024-07-10 09:13:07,450 autoreload File /usr/local/lib/python3.9/site-packages/rest_framework/locale/pt_BR/LC_MESSAGES/django.mo first seen with mtime 1720597119.213671
DEBUG 2024-07-10 09:13:07,451 autoreload File /usr/local/lib/python3.9/site-packages/rest_framework/locale/lv/LC_MESSAGES/django.mo first seen with mtime 1720597119.212671
DEBUG 2024-07-10 09:13:07,451 autoreload File /usr/local/lib/python3.9/site-packages/rest_framework/locale/tr_TR/LC_MESSAGES/django.mo first seen with mtime 1720597119.215671
DEBUG 2024-07-10 09:13:07,451 autoreload File /usr/local/lib/python3.9/site-packages/rest_framework/locale/gl_ES/LC_MESSAGES/django.mo first seen with mtime 1720597119.211671
DEBUG 2024-07-10 09:13:07,451 autoreload File /usr/local/lib/python3.9/site-packages/rest_framework/locale/en_AU/LC_MESSAGES/django.mo first seen with mtime 1720597119.209671
DEBUG 2024-07-10 09:13:07,452 autoreload File /usr/local/lib/python3.9/site-packages/rest_framework/locale/de/LC_MESSAGES/django.mo first seen with mtime 1720597119.208671
DEBUG 2024-07-10 09:13:07,452 autoreload File /usr/local/lib/python3.9/site-packages/rest_framework/locale/th/LC_MESSAGES/django.mo first seen with mtime 1720597119.215671
DEBUG 2024-07-10 09:13:07,452 autoreload File /usr/local/lib/python3.9/site-packages/rest_framework/locale/en_CA/LC_MESSAGES/django.mo first seen with mtime 1720597119.209671
DEBUG 2024-07-10 09:13:07,452 autoreload File /usr/local/lib/python3.9/site-packages/rest_framework/locale/bg/LC_MESSAGES/django.mo first seen with mtime 1720597119.208671
DEBUG 2024-07-10 09:13:07,453 autoreload File /usr/local/lib/python3.9/site-packages/rest_framework/locale/sk/LC_MESSAGES/django.mo first seen with mtime 1720597119.214671
DEBUG 2024-07-10 09:13:07,453 autoreload File /usr/local/lib/python3.9/site-packages/rest_framework/locale/fa/LC_MESSAGES/django.mo first seen with mtime 1720597119.210671
DEBUG 2024-07-10 09:13:07,453 autoreload File /usr/local/lib/python3.9/site-packages/rest_framework/locale/uk/LC_MESSAGES/django.mo first seen with mtime 1720597119.215671
DEBUG 2024-07-10 09:13:07,453 autoreload File /usr/local/lib/python3.9/site-packages/rest_framework/locale/tr/LC_MESSAGES/django.mo first seen with mtime 1720597119.215671
DEBUG 2024-07-10 09:13:07,454 autoreload File /usr/local/lib/python3.9/site-packages/rest_framework/locale/pt/LC_MESSAGES/django.mo first seen with mtime 1720597119.213671
DEBUG 2024-07-10 09:13:07,454 autoreload File /usr/local/lib/python3.9/site-packages/rest_framework/locale/zh_Hans/LC_MESSAGES/django.mo first seen with mtime 1720597119.216671
DEBUG 2024-07-10 09:13:07,454 autoreload File /usr/local/lib/python3.9/site-packages/rest_framework/locale/ne_NP/LC_MESSAGES/django.mo first seen with mtime 1720597119.212671
DEBUG 2024-07-10 09:13:07,454 autoreload File /usr/local/lib/python3.9/site-packages/rest_framework/locale/fr_CA/LC_MESSAGES/django.mo first seen with mtime 1720597119.210671
DEBUG 2024-07-10 09:13:07,455 autoreload File /usr/local/lib/python3.9/site-packages/rest_framework/locale/zh_TW/LC_MESSAGES/django.mo first seen with mtime 1720597119.216671
DEBUG 2024-07-10 09:13:07,455 autoreload File /usr/local/lib/python3.9/site-packages/rest_framework/locale/el/LC_MESSAGES/django.mo first seen with mtime 1720597119.209671
DEBUG 2024-07-10 09:13:07,455 autoreload File /usr/local/lib/python3.9/site-packages/rest_framework/locale/vi/LC_MESSAGES/django.mo first seen with mtime 1720597119.215671
DEBUG 2024-07-10 09:13:07,455 autoreload File /usr/local/lib/python3.9/site-packages/rest_framework/locale/ar/LC_MESSAGES/django.mo first seen with mtime 1720597119.207671
DEBUG 2024-07-10 09:13:07,456 autoreload File /usr/local/lib/python3.9/site-packages/rest_framework/locale/ja/LC_MESSAGES/django.mo first seen with mtime 1720597119.211671
DEBUG 2024-07-10 09:13:07,456 autoreload File /usr/local/lib/python3.9/site-packages/rest_framework/locale/no/LC_MESSAGES/django.mo first seen with mtime 1720597119.213671
DEBUG 2024-07-10 09:13:07,456 autoreload File /usr/local/lib/python3.9/site-packages/rest_framework/locale/he_IL/LC_MESSAGES/django.mo first seen with mtime 1720597119.211671
DEBUG 2024-07-10 09:13:07,456 autoreload File /usr/local/lib/python3.9/site-packages/rest_framework/locale/fa_IR/LC_MESSAGES/django.mo first seen with mtime 1720597119.210671
DEBUG 2024-07-10 09:13:07,457 autoreload File /usr/local/lib/python3.9/site-packages/rest_framework/locale/nb/LC_MESSAGES/django.mo first seen with mtime 1720597119.212671
DEBUG 2024-07-10 09:13:07,457 autoreload File /usr/local/lib/python3.9/site-packages/rest_framework/locale/nl/LC_MESSAGES/django.mo first seen with mtime 1720597119.213671
DEBUG 2024-07-10 09:13:07,457 autoreload File /usr/local/lib/python3.9/site-packages/rest_framework/locale/zh_CN/LC_MESSAGES/django.mo first seen with mtime 1720597119.215671
DEBUG 2024-07-10 09:13:07,457 autoreload File /usr/local/lib/python3.9/site-packages/rest_framework/locale/ru/LC_MESSAGES/django.mo first seen with mtime 1720597119.214671
DEBUG 2024-07-10 09:13:07,458 autoreload File /usr/local/lib/python3.9/site-packages/rest_framework/locale/cs/LC_MESSAGES/django.mo first seen with mtime 1720597119.208671
DEBUG 2024-07-10 09:13:07,458 autoreload File /usr/local/lib/python3.9/site-packages/rest_framework/locale/nn/LC_MESSAGES/django.mo first seen with mtime 1720597119.213671
DEBUG 2024-07-10 09:13:07,458 autoreload File /usr/local/lib/python3.9/site-packages/rest_framework/locale/pt_PT/LC_MESSAGES/django.mo first seen with mtime 1720597119.213671
DEBUG 2024-07-10 09:13:07,458 autoreload File /usr/local/lib/python3.9/site-packages/rest_framework/locale/sv/LC_MESSAGES/django.mo first seen with mtime 1720597119.214671
DEBUG 2024-07-10 09:13:07,459 autoreload File /usr/local/lib/python3.9/site-packages/rest_framework/locale/id/LC_MESSAGES/django.mo first seen with mtime 1720597119.211671
DEBUG 2024-07-10 09:13:07,459 autoreload File /usr/local/lib/python3.9/site-packages/rest_framework/locale/el_GR/LC_MESSAGES/django.mo first seen with mtime 1720597119.209671
DEBUG 2024-07-10 09:13:07,459 autoreload File /usr/local/lib/python3.9/site-packages/rest_framework/locale/ca/LC_MESSAGES/django.mo first seen with mtime 1720597119.208671
DEBUG 2024-07-10 09:13:07,459 autoreload File /usr/local/lib/python3.9/site-packages/rest_framework/locale/ca_ES/LC_MESSAGES/django.mo first seen with mtime 1720597119.208671
DEBUG 2024-07-10 09:13:07,460 autoreload File /usr/local/lib/python3.9/site-packages/rest_framework/locale/it/LC_MESSAGES/django.mo first seen with mtime 1720597119.211671
DEBUG 2024-07-10 09:13:07,460 autoreload File /usr/local/lib/python3.9/site-packages/rest_framework/locale/fi/LC_MESSAGES/django.mo first seen with mtime 1720597119.210671
DEBUG 2024-07-10 09:13:07,460 autoreload File /usr/local/lib/python3.9/site-packages/rest_framework/locale/mk/LC_MESSAGES/django.mo first seen with mtime 1720597119.212671
INFO 2024-07-10 09:13:58,397 autoreload Watching for file changes with StatReloader
DEBUG 2024-07-10 09:13:58,398 autoreload Waiting for apps ready_event.
DEBUG 2024-07-10 09:13:58,509 autoreload Apps ready_event triggered. Sending autoreload_started signal.
DEBUG 2024-07-10 09:13:58,521 autoreload Watching dir /app/apps/options/templates with glob **/*.
DEBUG 2024-07-10 09:13:58,521 autoreload Watching dir /app/apps/users/templates with glob **/*.
DEBUG 2024-07-10 09:13:58,522 autoreload Watching dir /app/apps/entry/templates with glob **/*.
DEBUG 2024-07-10 09:13:58,523 autoreload Watching dir /app/templates with glob **/*.
DEBUG 2024-07-10 09:13:58,523 autoreload Watching dir /usr/local/lib/python3.9/site-packages/drf_yasg/templates with glob **/*.
DEBUG 2024-07-10 09:13:58,524 autoreload Watching dir /app/apps/info/templates with glob **/*.
DEBUG 2024-07-10 09:13:58,524 autoreload Watching dir /usr/local/lib/python3.9/site-packages/rest_framework/templates with glob **/*.
DEBUG 2024-07-10 09:13:58,525 autoreload Watching dir /app/locale with glob **/*.mo.
DEBUG 2024-07-10 09:13:58,526 autoreload Watching dir /usr/local/lib/python3.9/site-packages/rest_framework/locale with glob **/*.mo.
DEBUG 2024-07-10 09:13:58,526 autoreload Watching dir /usr/local/lib/python3.9/site-packages/requests/locale with glob **/*.mo.
DEBUG 2024-07-10 09:13:58,527 autoreload Watching dir /usr/local/lib/python3.9/site-packages/drf_yasg/locale with glob **/*.mo.
DEBUG 2024-07-10 09:13:58,528 autoreload Watching dir /usr/local/lib/python3.9/site-packages/rest_framework_simplejwt/token_blacklist/locale with glob **/*.mo.
DEBUG 2024-07-10 09:13:58,528 autoreload Watching dir /app/apps/users/locale with glob **/*.mo.
DEBUG 2024-07-10 09:13:58,529 autoreload Watching dir /app/apps/entry/locale with glob **/*.mo.
DEBUG 2024-07-10 09:13:58,573 autoreload File /usr/local/lib/python3.9/inspect.py first seen with mtime 1719959275.0
DEBUG 2024-07-10 09:13:58,574 autoreload File /usr/local/lib/python3.9/base64.py first seen with mtime 1719959275.0
DEBUG 2024-07-10 09:13:58,574 autoreload File /usr/local/lib/python3.9/wsgiref/handlers.py first seen with mtime 1719959277.0
DEBUG 2024-07-10 09:13:58,574 autoreload File /usr/local/lib/python3.9/site-packages/urllib3/util/request.py first seen with mtime 1720597112.086671
DEBUG 2024-07-10 09:13:58,575 autoreload File /usr/local/lib/python3.9/pickle.py first seen with mtime 1719959275.0
DEBUG 2024-07-10 09:13:58,575 autoreload File /usr/local/lib/python3.9/site-packages/rest_framework/schemas/coreapi.py first seen with mtime 1720597119.216671
DEBUG 2024-07-10 09:13:58,576 autoreload File /usr/local/lib/python3.9/site-packages/django/views/decorators/debug.py first seen with mtime 1720597118.437671
DEBUG 2024-07-10 09:13:58,576 autoreload File /usr/local/lib/python3.9/site-packages/uritemplate/__init__.py first seen with mtime 1720597112.131671
DEBUG 2024-07-10 09:13:58,576 autoreload File /usr/local/lib/python3.9/site-packages/jinja2/bccache.py first seen with mtime 1720597114.189671
DEBUG 2024-07-10 09:13:58,577 autoreload File /usr/local/lib/python3.9/site-packages/django/contrib/sessions/base_session.py first seen with mtime 1720597118.341671
DEBUG 2024-07-10 09:13:58,577 autoreload File /usr/local/lib/python3.9/site-packages/coreapi/transports/base.py first seen with mtime 1720597119.328671
DEBUG 2024-07-10 09:13:58,577 autoreload File /usr/local/lib/python3.9/site-packages/django/conf/locale/__init__.py first seen with mtime 1720597118.009671
DEBUG 2024-07-10 09:13:58,578 autoreload File /usr/local/lib/python3.9/site-packages/django/http/response.py first seen with mtime 1720597118.423671
DEBUG 2024-07-10 09:13:58,578 autoreload File /usr/local/lib/python3.9/site-packages/jinja2/utils.py first seen with mtime 1720597114.193671
DEBUG 2024-07-10 09:13:58,579 autoreload File /usr/local/lib/python3.9/site-packages/urllib3/util/ssl_.py first seen with mtime 1720597112.087671
DEBUG 2024-07-10 09:13:58,579 autoreload File /usr/local/lib/python3.9/site-packages/django/core/checks/caches.py first seen with mtime 1720597118.387671
DEBUG 2024-07-10 09:13:58,579 autoreload File /usr/local/lib/python3.9/site-packages/django/forms/forms.py first seen with mtime 1720597118.414671
DEBUG 2024-07-10 09:13:58,580 autoreload File /usr/local/lib/python3.9/site-packages/coreschema/formats.py first seen with mtime 1720597119.180671
DEBUG 2024-07-10 09:13:58,580 autoreload File /usr/local/lib/python3.9/site-packages/yaml/nodes.py first seen with mtime 1720597112.288671
DEBUG 2024-07-10 09:13:58,581 autoreload File /usr/local/lib/python3.9/random.py first seen with mtime 1719959275.0
DEBUG 2024-07-10 09:13:58,581 autoreload File /usr/local/lib/python3.9/site-packages/django/contrib/auth/__init__.py first seen with mtime 1720597118.173671
DEBUG 2024-07-10 09:13:58,581 autoreload File /usr/local/lib/python3.9/site-packages/django/dispatch/dispatcher.py first seen with mtime 1720597118.413671
DEBUG 2024-07-10 09:13:58,584 autoreload File /usr/local/lib/python3.9/site-packages/django/db/models/fields/related_descriptors.py first seen with mtime 1720597118.410671
DEBUG 2024-07-10 09:13:58,584 autoreload File /usr/local/lib/python3.9/site-packages/django/template/loaders/app_directories.py first seen with mtime 1720597118.427671
DEBUG 2024-07-10 09:13:58,584 autoreload File /usr/local/lib/python3.9/site-packages/django/http/multipartparser.py first seen with mtime 1720597118.423671
DEBUG 2024-07-10 09:13:58,585 autoreload File /usr/local/lib/python3.9/site-packages/django/contrib/admin/utils.py first seen with mtime 1720597118.068671
DEBUG 2024-07-10 09:13:58,585 autoreload File /usr/local/lib/python3.9/site-packages/pkg_resources/_vendor/packaging/_structures.py first seen with mtime 1719989270.0
DEBUG 2024-07-10 09:13:58,585 autoreload File /usr/local/lib/python3.9/fnmatch.py first seen with mtime 1719959275.0
DEBUG 2024-07-10 09:13:58,586 autoreload File /usr/local/lib/python3.9/string.py first seen with mtime 1719959275.0
DEBUG 2024-07-10 09:13:58,586 autoreload File /usr/local/lib/python3.9/site-packages/coreapi/auth.py first seen with mtime 1720597119.3266711
DEBUG 2024-07-10 09:13:58,587 autoreload File /usr/local/lib/python3.9/site-packages/django/db/models/fields/related_lookups.py first seen with mtime 1720597118.411671
DEBUG 2024-07-10 09:13:58,587 autoreload File /usr/local/lib/python3.9/site-packages/django/contrib/sessions/models.py first seen with mtime 1720597118.342671
DEBUG 2024-07-10 09:13:58,588 autoreload File /usr/local/lib/python3.9/site-packages/django/contrib/auth/forms.py first seen with mtime 1720597118.174671
DEBUG 2024-07-10 09:13:58,588 autoreload File /usr/local/lib/python3.9/site-packages/django/db/models/expressions.py first seen with mtime 1720597118.407671
DEBUG 2024-07-10 09:13:58,588 autoreload File /usr/local/lib/python3.9/site-packages/django/shortcuts.py first seen with mtime 1720597118.008671
DEBUG 2024-07-10 09:13:58,589 autoreload File /usr/local/lib/python3.9/site-packages/django/core/checks/__init__.py first seen with mtime 1720597118.387671
DEBUG 2024-07-10 09:13:58,589 autoreload File /usr/local/lib/python3.9/site-packages/django/core/serializers/base.py first seen with mtime 1720597118.395671
DEBUG 2024-07-10 09:13:58,589 autoreload File /usr/local/lib/python3.9/site-packages/drf_yasg/app_settings.py first seen with mtime 1720597120.0536711
DEBUG 2024-07-10 09:13:58,590 autoreload File /app/apps/entry/views.py first seen with mtime 1720513188.6477406
DEBUG 2024-07-10 09:13:58,590 autoreload File /usr/local/lib/python3.9/site-packages/django/db/backends/base/schema.py first seen with mtime 1720597118.398671
DEBUG 2024-07-10 09:13:58,591 autoreload File /usr/local/lib/python3.9/site-packages/django/core/__init__.py first seen with mtime 1720597118.385671
DEBUG 2024-07-10 09:13:58,591 autoreload File /usr/local/lib/python3.9/site-packages/django/templatetags/i18n.py first seen with mtime 1720597118.427671
DEBUG 2024-07-10 09:13:58,592 autoreload File /usr/local/lib/python3.9/site-packages/MySQLdb/constants/__init__.py first seen with mtime 1720597113.906671
DEBUG 2024-07-10 09:13:58,592 autoreload File /usr/local/lib/python3.9/site-packages/django/core/serializers/__init__.py first seen with mtime 1720597118.395671
DEBUG 2024-07-10 09:13:58,592 autoreload File /usr/local/lib/python3.9/site-packages/django/db/migrations/migration.py first seen with mtime 1720597118.404671
DEBUG 2024-07-10 09:13:58,593 autoreload File /usr/local/lib/python3.9/site-packages/drf_yasg/inspectors/field.py first seen with mtime 1720597120.055671
DEBUG 2024-07-10 09:13:58,593 autoreload File /usr/local/lib/python3.9/site-packages/django/template/defaulttags.py first seen with mtime 1720597118.425671
DEBUG 2024-07-10 09:13:58,594 autoreload File /usr/local/lib/python3.9/site-packages/django/contrib/contenttypes/admin.py first seen with mtime 1720597118.203671
DEBUG 2024-07-10 09:13:58,594 autoreload File /usr/local/lib/python3.9/site-packages/rest_framework/compat.py first seen with mtime 1720597119.202671
DEBUG 2024-07-10 09:13:58,595 autoreload File /usr/local/lib/python3.9/site-packages/sqlparse/filters/others.py first seen with mtime 1720597112.219671
DEBUG 2024-07-10 09:13:58,595 autoreload File /usr/local/lib/python3.9/site-packages/django/middleware/cache.py first seen with mtime 1720597118.423671
DEBUG 2024-07-10 09:13:58,595 autoreload File /usr/local/lib/python3.9/site-packages/django/core/handlers/asgi.py first seen with mtime 1720597118.390671
DEBUG 2024-07-10 09:13:58,596 autoreload File /usr/local/lib/python3.9/site-packages/sqlparse/sql.py first seen with mtime 1720597112.218671
DEBUG 2024-07-10 09:13:58,596 autoreload File /usr/local/lib/python3.9/unittest/signals.py first seen with mtime 1719959277.0
DEBUG 2024-07-10 09:13:58,597 autoreload File /usr/local/lib/python3.9/site-packages/django/http/request.py first seen with mtime 1720597118.423671
DEBUG 2024-07-10 09:13:58,597 autoreload File /usr/local/lib/python3.9/site-packages/django/core/checks/security/sessions.py first seen with mtime 1720597118.389671
DEBUG 2024-07-10 09:13:58,598 autoreload File /usr/local/lib/python3.9/importlib/util.py first seen with mtime 1719959276.0
DEBUG 2024-07-10 09:13:58,598 autoreload File /usr/local/lib/python3.9/unittest/runner.py first seen with mtime 1719959277.0
DEBUG 2024-07-10 09:13:58,599 autoreload File /usr/local/lib/python3.9/site-packages/django/contrib/postgres/validators.py first seen with mtime 1720597118.304671
DEBUG 2024-07-10 09:13:58,599 autoreload File /usr/local/lib/python3.9/lib-dynload/termios.cpython-39-aarch64-linux-gnu.so first seen with mtime 1719959268.0
DEBUG 2024-07-10 09:13:58,600 autoreload File /usr/local/lib/python3.9/site-packages/django/templatetags/__init__.py first seen with mtime 1720597118.427671
DEBUG 2024-07-10 09:13:58,600 autoreload File /usr/local/lib/python3.9/_markupbase.py first seen with mtime 1719959275.0
DEBUG 2024-07-10 09:13:58,600 autoreload File /usr/local/lib/python3.9/email/iterators.py first seen with mtime 1719959277.0
DEBUG 2024-07-10 09:13:58,601 autoreload File /usr/local/lib/python3.9/site-packages/django/contrib/admin/models.py first seen with mtime 1720597118.067671
DEBUG 2024-07-10 09:13:58,601 autoreload File /usr/local/lib/python3.9/site-packages/rest_framework/utils/html.py first seen with mtime 1720597119.236671
DEBUG 2024-07-10 09:13:58,602 autoreload File /usr/local/lib/python3.9/lib-dynload/_multibytecodec.cpython-39-aarch64-linux-gnu.so first seen with mtime 1719959269.0
DEBUG 2024-07-10 09:13:58,602 autoreload File /usr/local/lib/python3.9/site-packages/django/conf/__init__.py first seen with mtime 1720597118.008671
DEBUG 2024-07-10 09:13:58,603 autoreload File /usr/local/lib/python3.9/lib-dynload/_random.cpython-39-aarch64-linux-gnu.so first seen with mtime 1719959265.0
DEBUG 2024-07-10 09:13:58,603 autoreload File /usr/local/lib/python3.9/site-packages/rest_framework_simplejwt/token_blacklist/apps.py first seen with mtime 1720597120.168671
DEBUG 2024-07-10 09:13:58,603 autoreload File /usr/local/lib/python3.9/lib-dynload/binascii.cpython-39-aarch64-linux-gnu.so first seen with mtime 1719959269.0
DEBUG 2024-07-10 09:13:58,604 autoreload File /usr/local/lib/python3.9/site-packages/urllib3/_version.py first seen with mtime 1720597112.083671
DEBUG 2024-07-10 09:13:58,604 autoreload File /usr/local/lib/python3.9/site-packages/django/contrib/contenttypes/fields.py first seen with mtime 1720597118.203671
DEBUG 2024-07-10 09:13:58,605 autoreload File /usr/local/lib/python3.9/site-packages/django/templatetags/l10n.py first seen with mtime 1720597118.427671
DEBUG 2024-07-10 09:13:58,605 autoreload File /usr/local/lib/python3.9/concurrent/futures/_base.py first seen with mtime 1719959277.0
DEBUG 2024-07-10 09:13:58,606 autoreload File /usr/local/lib/python3.9/lib-dynload/select.cpython-39-aarch64-linux-gnu.so first seen with mtime 1719959266.0
DEBUG 2024-07-10 09:13:58,606 autoreload File /usr/local/lib/python3.9/email/feedparser.py first seen with mtime 1719959277.0
DEBUG 2024-07-10 09:13:58,606 autoreload File /usr/local/lib/python3.9/asyncio/protocols.py first seen with mtime 1719959277.0
DEBUG 2024-07-10 09:13:58,607 autoreload File /usr/local/lib/python3.9/lzma.py first seen with mtime 1719959275.0
DEBUG 2024-07-10 09:13:58,607 autoreload File /usr/local/lib/python3.9/lib-dynload/_zoneinfo.cpython-39-aarch64-linux-gnu.so first seen with mtime 1719959265.0
DEBUG 2024-07-10 09:13:58,611 autoreload File /usr/local/lib/python3.9/site-packages/django/template/backends/base.py first seen with mtime 1720597118.426671
DEBUG 2024-07-10 09:13:58,611 autoreload File /usr/local/lib/python3.9/site-packages/pkg_resources/_vendor/packaging/version.py first seen with mtime 1719989270.0
DEBUG 2024-07-10 09:13:58,611 autoreload File /usr/local/lib/python3.9/lib-dynload/_struct.cpython-39-aarch64-linux-gnu.so first seen with mtime 1719959265.0
DEBUG 2024-07-10 09:13:58,612 autoreload File /usr/local/lib/python3.9/lib-dynload/unicodedata.cpython-39-aarch64-linux-gnu.so first seen with mtime 1719959266.0
DEBUG 2024-07-10 09:13:58,612 autoreload File /usr/local/lib/python3.9/site-packages/rest_framework/utils/representation.py first seen with mtime 1720597119.236671
DEBUG 2024-07-10 09:13:58,612 autoreload File /usr/local/lib/python3.9/site-packages/django/utils/__init__.py first seen with mtime 1720597118.430671
DEBUG 2024-07-10 09:13:58,613 autoreload File /usr/local/lib/python3.9/site-packages/rest_framework/schemas/generators.py first seen with mtime 1720597119.216671
DEBUG 2024-07-10 09:13:58,614 autoreload File /usr/local/lib/python3.9/site-packages/django/urls/base.py first seen with mtime 1720597118.429671
DEBUG 2024-07-10 09:13:58,614 autoreload File /usr/local/lib/python3.9/site-packages/django/template/backends/__init__.py first seen with mtime 1720597118.426671
DEBUG 2024-07-10 09:13:58,614 autoreload File /usr/local/lib/python3.9/site-packages/django/forms/widgets.py first seen with mtime 1720597118.415671
DEBUG 2024-07-10 09:13:58,615 autoreload File /usr/local/lib/python3.9/site-packages/coreapi/codecs/jsondata.py first seen with mtime 1720597119.327671
DEBUG 2024-07-10 09:13:58,615 autoreload File /usr/local/lib/python3.9/urllib/parse.py first seen with mtime 1719959277.0
DEBUG 2024-07-10 09:13:58,616 autoreload File /usr/local/lib/python3.9/site-packages/django/core/checks/compatibility/django_4_0.py first seen with mtime 1720597118.388671
DEBUG 2024-07-10 09:13:58,616 autoreload File /usr/local/lib/python3.9/site-packages/yaml/reader.py first seen with mtime 1720597112.288671
DEBUG 2024-07-10 09:13:58,616 autoreload File /usr/local/lib/python3.9/site-packages/urllib3/fields.py first seen with mtime 1720597112.084671
DEBUG 2024-07-10 09:13:58,617 autoreload File /usr/local/lib/python3.9/site-packages/django/contrib/postgres/search.py first seen with mtime 1720597118.3036711
DEBUG 2024-07-10 09:13:58,617 autoreload File /usr/local/lib/python3.9/site-packages/itypes.py first seen with mtime 1720597112.048671
DEBUG 2024-07-10 09:13:58,618 autoreload File /usr/local/lib/python3.9/asyncio/selector_events.py first seen with mtime 1719959277.0
DEBUG 2024-07-10 09:13:58,619 autoreload File /usr/local/lib/python3.9/site-packages/django/core/exceptions.py first seen with mtime 1720597118.386671
DEBUG 2024-07-10 09:13:58,619 autoreload File /usr/local/lib/python3.9/site-packages/django/template/engine.py first seen with mtime 1720597118.425671
DEBUG 2024-07-10 09:13:58,619 autoreload File /usr/local/lib/python3.9/site-packages/rest_framework/__init__.py first seen with mtime 1720597119.2016711
DEBUG 2024-07-10 09:13:58,620 autoreload File /usr/local/lib/python3.9/site-packages/django/contrib/admin/helpers.py first seen with mtime 1720597118.067671
DEBUG 2024-07-10 09:13:58,620 autoreload File /usr/local/lib/python3.9/site-packages/rest_framework/versioning.py first seen with mtime 1720597119.205671
DEBUG 2024-07-10 09:13:58,620 autoreload File /usr/local/lib/python3.9/site-packages/urllib3/_base_connection.py first seen with mtime 1720597112.083671
DEBUG 2024-07-10 09:13:58,621 autoreload File /usr/local/lib/python3.9/site-packages/django/contrib/auth/decorators.py first seen with mtime 1720597118.174671
DEBUG 2024-07-10 09:13:58,621 autoreload File /usr/local/lib/python3.9/lib-dynload/_posixsubprocess.cpython-39-aarch64-linux-gnu.so first seen with mtime 1719959266.0
DEBUG 2024-07-10 09:13:58,622 autoreload File /usr/local/lib/python3.9/site-packages/django/apps/__init__.py first seen with mtime 1720597118.008671
DEBUG 2024-07-10 09:13:58,622 autoreload File /usr/local/lib/python3.9/site-packages/django/utils/timezone.py first seen with mtime 1720597118.434671
DEBUG 2024-07-10 09:13:58,623 autoreload File /usr/local/lib/python3.9/encodings/__init__.py first seen with mtime 1719959277.0
DEBUG 2024-07-10 09:13:58,623 autoreload File /usr/local/lib/python3.9/site-packages/jinja2/idtracking.py first seen with mtime 1720597114.191671
DEBUG 2024-07-10 09:13:58,623 autoreload File /usr/local/lib/python3.9/calendar.py first seen with mtime 1719959275.0
DEBUG 2024-07-10 09:13:58,624 autoreload File /usr/local/lib/python3.9/collections/abc.py first seen with mtime 1719959277.0
DEBUG 2024-07-10 09:13:58,624 autoreload File /usr/local/lib/python3.9/site-packages/django/core/files/storage/mixins.py first seen with mtime 1720597118.390671
DEBUG 2024-07-10 09:13:58,625 autoreload File /usr/local/lib/python3.9/collections/__init__.py first seen with mtime 1719959277.0
DEBUG 2024-07-10 09:13:58,625 autoreload File /usr/local/lib/python3.9/lib-dynload/_hashlib.cpython-39-aarch64-linux-gnu.so first seen with mtime 1719959267.0
DEBUG 2024-07-10 09:13:58,625 autoreload File /usr/local/lib/python3.9/site-packages/django/db/models/manager.py first seen with mtime 1720597118.408671
DEBUG 2024-07-10 09:13:58,626 autoreload File /usr/local/lib/python3.9/site-packages/django/test/html.py first seen with mtime 1720597118.4286711
DEBUG 2024-07-10 09:13:58,626 autoreload File /usr/local/lib/python3.9/decimal.py first seen with mtime 1719959275.0
DEBUG 2024-07-10 09:13:58,627 autoreload File /usr/local/lib/python3.9/site-packages/django/forms/utils.py first seen with mtime 1720597118.415671
DEBUG 2024-07-10 09:13:58,627 autoreload File /usr/local/lib/python3.9/site-packages/django/utils/connection.py first seen with mtime 1720597118.431671
DEBUG 2024-07-10 09:13:58,628 autoreload File /usr/local/lib/python3.9/site-packages/sqlparse/tokens.py first seen with mtime 1720597112.218671
DEBUG 2024-07-10 09:13:58,628 autoreload File /usr/local/lib/python3.9/csv.py first seen with mtime 1719959275.0
DEBUG 2024-07-10 09:13:58,629 autoreload File /usr/local/lib/python3.9/site-packages/django/db/models/fields/proxy.py first seen with mtime 1720597118.410671
DEBUG 2024-07-10 09:13:58,629 autoreload File /usr/local/lib/python3.9/typing.py first seen with mtime 1719959275.0
DEBUG 2024-07-10 09:13:58,630 autoreload File /usr/local/lib/python3.9/site-packages/django/db/models/query.py first seen with mtime 1720597118.408671
DEBUG 2024-07-10 09:13:58,630 autoreload File /usr/local/lib/python3.9/email/parser.py first seen with mtime 1719959277.0
DEBUG 2024-07-10 09:13:58,631 autoreload File /usr/local/lib/python3.9/site-packages/charset_normalizer/legacy.py first seen with mtime 1720597114.054671
DEBUG 2024-07-10 09:13:58,631 autoreload File /usr/local/lib/python3.9/wsgiref/util.py first seen with mtime 1719959277.0
DEBUG 2024-07-10 09:13:58,632 autoreload File /usr/local/lib/python3.9/site-packages/drf_yasg/inspectors/query.py first seen with mtime 1720597120.055671
DEBUG 2024-07-10 09:13:58,632 autoreload File /usr/local/lib/python3.9/site.py first seen with mtime 1719959275.0
DEBUG 2024-07-10 09:13:58,632 autoreload File /usr/local/lib/python3.9/site-packages/django/views/i18n.py first seen with mtime 1720597118.436671
DEBUG 2024-07-10 09:13:58,633 autoreload File /usr/local/lib/python3.9/site-packages/yaml/scanner.py first seen with mtime 1720597112.289671
DEBUG 2024-07-10 09:13:58,633 autoreload File /usr/local/lib/python3.9/site-packages/urllib3/util/ssl_match_hostname.py first seen with mtime 1720597112.087671
DEBUG 2024-07-10 09:13:58,634 autoreload File /usr/local/lib/python3.9/traceback.py first seen with mtime 1719959275.0
DEBUG 2024-07-10 09:13:58,634 autoreload File /usr/local/lib/python3.9/site-packages/environ/compat.py first seen with mtime 1720597114.042671
DEBUG 2024-07-10 09:13:58,635 autoreload File /usr/local/lib/python3.9/site-packages/django/core/checks/async_checks.py first seen with mtime 1720597118.387671
DEBUG 2024-07-10 09:13:58,635 autoreload File /usr/local/lib/python3.9/site-packages/django/contrib/sessions/__init__.py first seen with mtime 1720597118.341671
DEBUG 2024-07-10 09:13:58,635 autoreload File /usr/local/lib/python3.9/bisect.py first seen with mtime 1719959275.0
DEBUG 2024-07-10 09:13:58,636 autoreload File /usr/local/lib/python3.9/site-packages/urllib3/contrib/__init__.py first seen with mtime 1720597112.085671
DEBUG 2024-07-10 09:13:58,636 autoreload File /usr/local/lib/python3.9/site-packages/rest_framework/response.py first seen with mtime 1720597119.204671
DEBUG 2024-07-10 09:13:58,637 autoreload File /usr/local/lib/python3.9/cgi.py first seen with mtime 1719959275.0
DEBUG 2024-07-10 09:13:58,637 autoreload File /usr/local/lib/python3.9/site-packages/urllib3/__init__.py first seen with mtime 1720597112.083671
DEBUG 2024-07-10 09:13:58,638 autoreload File /usr/local/lib/python3.9/site-packages/django/db/backends/mysql/schema.py first seen with mtime 1720597118.400671
DEBUG 2024-07-10 09:13:58,638 autoreload File /usr/local/lib/python3.9/site-packages/django/contrib/contenttypes/checks.py first seen with mtime 1720597118.203671
DEBUG 2024-07-10 09:13:58,639 autoreload File /app/apps/entry/serializers.py first seen with mtime 1720512557.4509146
DEBUG 2024-07-10 09:13:58,640 autoreload File /usr/local/lib/python3.9/xml/dom/NodeFilter.py first seen with mtime 1719959277.0
DEBUG 2024-07-10 09:13:58,640 autoreload File /usr/local/lib/python3.9/site-packages/django/utils/hashable.py first seen with mtime 1720597118.433671
DEBUG 2024-07-10 09:13:58,641 autoreload File /usr/local/lib/python3.9/site-packages/yaml/resolver.py first seen with mtime 1720597112.288671
DEBUG 2024-07-10 09:13:58,641 autoreload File /usr/local/lib/python3.9/email/mime/text.py first seen with mtime 1719959277.0
DEBUG 2024-07-10 09:13:58,642 autoreload File /usr/local/lib/python3.9/site-packages/coreapi/codecs/text.py first seen with mtime 1720597119.327671
DEBUG 2024-07-10 09:13:58,642 autoreload File /usr/local/lib/python3.9/asyncio/queues.py first seen with mtime 1719959277.0
DEBUG 2024-07-10 09:13:58,643 autoreload File /usr/local/lib/python3.9/site-packages/pkg_resources/__init__.py first seen with mtime 1719989270.0
DEBUG 2024-07-10 09:13:58,643 autoreload File /usr/local/lib/python3.9/site-packages/markupsafe/__init__.py first seen with mtime 1720597113.920671
DEBUG 2024-07-10 09:13:58,644 autoreload File /usr/local/lib/python3.9/difflib.py first seen with mtime 1719959275.0
DEBUG 2024-07-10 09:13:58,644 autoreload File /usr/local/lib/python3.9/site-packages/django/contrib/contenttypes/views.py first seen with mtime 1720597118.204671
DEBUG 2024-07-10 09:13:58,645 autoreload File /usr/local/lib/python3.9/site-packages/charset_normalizer/api.py first seen with mtime 1720597114.054671
DEBUG 2024-07-10 09:13:58,645 autoreload File /usr/local/lib/python3.9/site-packages/django/db/models/indexes.py first seen with mtime 1720597118.407671
DEBUG 2024-07-10 09:13:58,646 autoreload File /usr/local/lib/python3.9/site-packages/pkg_resources/_vendor/packaging/utils.py first seen with mtime 1719989270.0
DEBUG 2024-07-10 09:13:58,646 autoreload File /usr/local/lib/python3.9/site-packages/django/template/loader.py first seen with mtime 1720597118.425671
DEBUG 2024-07-10 09:13:58,646 autoreload File /usr/local/lib/python3.9/site-packages/django/forms/models.py first seen with mtime 1720597118.415671
DEBUG 2024-07-10 09:13:58,647 autoreload File /usr/local/lib/python3.9/site-packages/requests/adapters.py first seen with mtime 1720597114.120671
DEBUG 2024-07-10 09:13:58,647 autoreload File /usr/local/lib/python3.9/site-packages/jinja2/__init__.py first seen with mtime 1720597114.189671
DEBUG 2024-07-10 09:13:58,648 autoreload File /usr/local/lib/python3.9/asyncio/threads.py first seen with mtime 1719959277.0
DEBUG 2024-07-10 09:13:58,648 autoreload File /usr/local/lib/python3.9/site-packages/rest_framework/schemas/utils.py first seen with mtime 1720597119.217671
DEBUG 2024-07-10 09:13:58,649 autoreload File /usr/local/lib/python3.9/site-packages/django/db/migrations/operations/models.py first seen with mtime 1720597118.406671
DEBUG 2024-07-10 09:13:58,649 autoreload File /usr/local/lib/python3.9/site-packages/django/utils/termcolors.py first seen with mtime 1720597118.434671
DEBUG 2024-07-10 09:13:58,650 autoreload File /usr/local/lib/python3.9/site-packages/rest_framework/permissions.py first seen with mtime 1720597119.203671
DEBUG 2024-07-10 09:13:58,650 autoreload File /usr/local/lib/python3.9/site-packages/django/core/cache/backends/base.py first seen with mtime 1720597118.386671
DEBUG 2024-07-10 09:13:58,651 autoreload File /usr/local/lib/python3.9/site-packages/django/db/models/constants.py first seen with mtime 1720597118.406671
DEBUG 2024-07-10 09:13:58,651 autoreload File /usr/local/lib/python3.9/site-packages/sqlparse/filters/tokens.py first seen with mtime 1720597112.219671
DEBUG 2024-07-10 09:13:58,651 autoreload File /usr/local/lib/python3.9/site-packages/requests/sessions.py first seen with mtime 1720597114.122671
DEBUG 2024-07-10 09:13:58,652 autoreload File /usr/local/lib/python3.9/site-packages/rest_framework/exceptions.py first seen with mtime 1720597119.202671
DEBUG 2024-07-10 09:13:58,653 autoreload File /usr/local/lib/python3.9/zoneinfo/_tzpath.py first seen with mtime 1719959277.0
DEBUG 2024-07-10 09:13:58,653 autoreload File /usr/local/lib/python3.9/site-packages/django/template/library.py first seen with mtime 1720597118.425671
DEBUG 2024-07-10 09:13:58,654 autoreload File /usr/local/lib/python3.9/site-packages/django/core/cache/backends/__init__.py first seen with mtime 1720597118.386671
DEBUG 2024-07-10 09:13:58,654 autoreload File /usr/local/lib/python3.9/asyncio/base_tasks.py first seen with mtime 1719959277.0
DEBUG 2024-07-10 09:13:58,654 autoreload File /usr/local/lib/python3.9/site-packages/django/utils/lorem_ipsum.py first seen with mtime 1720597118.433671
DEBUG 2024-07-10 09:13:58,655 autoreload File /usr/local/lib/python3.9/email/_header_value_parser.py first seen with mtime 1719959277.0
DEBUG 2024-07-10 09:13:58,656 autoreload File /usr/local/lib/python3.9/site-packages/coreschema/encodings/html.py first seen with mtime 1720597119.181671
DEBUG 2024-07-10 09:13:58,656 autoreload File /usr/local/lib/python3.9/site-packages/urllib3/_request_methods.py first seen with mtime 1720597112.083671
DEBUG 2024-07-10 09:13:58,657 autoreload File /usr/local/lib/python3.9/site-packages/django/contrib/admin/__init__.py first seen with mtime 1720597118.066671
DEBUG 2024-07-10 09:13:58,657 autoreload File /usr/local/lib/python3.9/site-packages/django/db/backends/base/client.py first seen with mtime 1720597118.397671
DEBUG 2024-07-10 09:13:58,657 autoreload File /usr/local/lib/python3.9/site-packages/django/contrib/auth/models.py first seen with mtime 1720597118.174671
DEBUG 2024-07-10 09:13:58,658 autoreload File /usr/local/lib/python3.9/site-packages/django/utils/decorators.py first seen with mtime 1720597118.432671
DEBUG 2024-07-10 09:13:58,658 autoreload File /usr/local/lib/python3.9/site-packages/jinja2/optimizer.py first seen with mtime 1720597114.192671
DEBUG 2024-07-10 09:13:58,659 autoreload File /usr/local/lib/python3.9/site-packages/django/db/backends/mysql/creation.py first seen with mtime 1720597118.399671
DEBUG 2024-07-10 09:13:58,659 autoreload File /usr/local/lib/python3.9/plistlib.py first seen with mtime 1719959275.0
DEBUG 2024-07-10 09:13:58,660 autoreload File /usr/local/lib/python3.9/site-packages/requests/api.py first seen with mtime 1720597114.121671
DEBUG 2024-07-10 09:13:58,660 autoreload File /usr/local/lib/python3.9/site-packages/django/core/checks/translation.py first seen with mtime 1720597118.388671
DEBUG 2024-07-10 09:13:58,662 autoreload File /usr/local/lib/python3.9/concurrent/futures/thread.py first seen with mtime 1719959277.0
DEBUG 2024-07-10 09:13:58,666 autoreload File /usr/local/lib/python3.9/site-packages/urllib3/util/timeout.py first seen with mtime 1720597112.087671
DEBUG 2024-07-10 09:13:58,666 autoreload File /usr/local/lib/python3.9/site-packages/django/contrib/staticfiles/handlers.py first seen with mtime 1720597118.384671
DEBUG 2024-07-10 09:13:58,666 autoreload File /usr/local/lib/python3.9/site-packages/jinja2/nodes.py first seen with mtime 1720597114.192671
DEBUG 2024-07-10 09:13:58,667 autoreload File /usr/local/lib/python3.9/site-packages/django/db/backends/utils.py first seen with mtime 1720597118.397671
DEBUG 2024-07-10 09:13:58,668 autoreload File /usr/local/lib/python3.9/site-packages/yaml/constructor.py first seen with mtime 1720597112.289671
DEBUG 2024-07-10 09:13:58,668 autoreload File /usr/local/lib/python3.9/site-packages/drf_yasg/errors.py first seen with mtime 1720597120.0536711
DEBUG 2024-07-10 09:13:58,668 autoreload File /usr/local/lib/python3.9/site-packages/rest_framework/request.py first seen with mtime 1720597119.204671
DEBUG 2024-07-10 09:13:58,669 autoreload File /usr/local/lib/python3.9/email/_policybase.py first seen with mtime 1719959277.0
DEBUG 2024-07-10 09:13:58,669 autoreload File /usr/local/lib/python3.9/site-packages/MySQLdb/constants/CLIENT.py first seen with mtime 1720597113.906671
DEBUG 2024-07-10 09:13:58,670 autoreload File /usr/local/lib/python3.9/site-packages/django/contrib/staticfiles/management/commands/runserver.py first seen with mtime 1720597118.385671
DEBUG 2024-07-10 09:13:58,671 autoreload File /usr/local/lib/python3.9/site-packages/typing_extensions.py first seen with mtime 1720597112.201671
DEBUG 2024-07-10 09:13:58,671 autoreload File /usr/local/lib/python3.9/site-packages/django/contrib/sites/shortcuts.py first seen with mtime 1720597118.364671
DEBUG 2024-07-10 09:13:58,672 autoreload File /usr/local/lib/python3.9/site-packages/sqlparse/lexer.py first seen with mtime 1720597112.218671
DEBUG 2024-07-10 09:13:58,672 autoreload File /usr/local/lib/python3.9/site-packages/django/contrib/contenttypes/management/__init__.py first seen with mtime 1720597118.223671
DEBUG 2024-07-10 09:13:58,673 autoreload File /usr/local/lib/python3.9/site-packages/django/core/mail/utils.py first seen with mtime 1720597118.391671
DEBUG 2024-07-10 09:13:58,673 autoreload File /usr/local/lib/python3.9/site-packages/rest_framework/authentication.py first seen with mtime 1720597119.2016711
DEBUG 2024-07-10 09:13:58,674 autoreload File /usr/local/lib/python3.9/site-packages/coreapi/client.py first seen with mtime 1720597119.3266711
DEBUG 2024-07-10 09:13:58,674 autoreload File /usr/local/lib/python3.9/site-packages/django/core/checks/registry.py first seen with mtime 1720597118.388671
DEBUG 2024-07-10 09:13:58,675 autoreload File /usr/local/lib/python3.9/site-packages/environ/__init__.py first seen with mtime 1720597114.042671
DEBUG 2024-07-10 09:13:58,675 autoreload File /usr/local/lib/python3.9/site-packages/MySQLdb/converters.py first seen with mtime 1720597113.9056711
DEBUG 2024-07-10 09:13:58,676 autoreload File /usr/local/lib/python3.9/encodings/idna.py first seen with mtime 1719959277.0
DEBUG 2024-07-10 09:13:58,676 autoreload File /usr/local/lib/python3.9/site-packages/urllib3/exceptions.py first seen with mtime 1720597112.084671
DEBUG 2024-07-10 09:13:58,676 autoreload File /usr/local/lib/python3.9/copy.py first seen with mtime 1719959275.0
DEBUG 2024-07-10 09:13:58,677 autoreload File /usr/local/lib/python3.9/site-packages/sqlparse/filters/output.py first seen with mtime 1720597112.219671
DEBUG 2024-07-10 09:13:58,677 autoreload File /usr/local/lib/python3.9/token.py first seen with mtime 1719959275.0
DEBUG 2024-07-10 09:13:58,678 autoreload File /usr/local/lib/python3.9/lib-dynload/_heapq.cpython-39-aarch64-linux-gnu.so first seen with mtime 1719959265.0
DEBUG 2024-07-10 09:13:58,678 autoreload File /usr/local/lib/python3.9/email/quoprimime.py first seen with mtime 1719959277.0
DEBUG 2024-07-10 09:13:58,679 autoreload File /usr/local/lib/python3.9/site-packages/django/contrib/staticfiles/__init__.py first seen with mtime 1720597118.384671
DEBUG 2024-07-10 09:13:58,679 autoreload File /usr/local/lib/python3.9/site-packages/rest_framework/utils/formatting.py first seen with mtime 1720597119.236671
DEBUG 2024-07-10 09:13:58,680 autoreload File /usr/local/lib/python3.9/site-packages/django/db/backends/postgresql/__init__.py first seen with mtime 1720597118.401671
DEBUG 2024-07-10 09:13:58,681 autoreload File /usr/local/lib/python3.9/_compat_pickle.py first seen with mtime 1719959275.0
DEBUG 2024-07-10 09:13:58,681 autoreload File /usr/local/lib/python3.9/os.py first seen with mtime 1719959275.0
DEBUG 2024-07-10 09:13:58,682 autoreload File /usr/local/lib/python3.9/site-packages/django/contrib/admin/options.py first seen with mtime 1720597118.068671
DEBUG 2024-07-10 09:13:58,682 autoreload File /usr/local/lib/python3.9/site-packages/django/utils/crypto.py first seen with mtime 1720597118.431671
DEBUG 2024-07-10 09:13:58,683 autoreload File /usr/local/lib/python3.9/socketserver.py first seen with mtime 1719959275.0
DEBUG 2024-07-10 09:13:58,683 autoreload File /usr/local/lib/python3.9/lib-dynload/_ssl.cpython-39-aarch64-linux-gnu.so first seen with mtime 1719959268.0
DEBUG 2024-07-10 09:13:58,684 autoreload File /usr/local/lib/python3.9/site-packages/django/core/files/move.py first seen with mtime 1720597118.389671
DEBUG 2024-07-10 09:13:58,684 autoreload File /usr/local/lib/python3.9/site-packages/rest_framework_simplejwt/token_blacklist/admin.py first seen with mtime 1720597120.168671
DEBUG 2024-07-10 09:13:58,685 autoreload File /usr/local/lib/python3.9/site-packages/coreapi/codecs/python.py first seen with mtime 1720597119.327671
DEBUG 2024-07-10 09:13:58,685 autoreload File /usr/local/lib/python3.9/site-packages/django/views/generic/list.py first seen with mtime 1720597118.438671
DEBUG 2024-07-10 09:13:58,686 autoreload File /usr/local/lib/python3.9/site-packages/django/db/models/sql/subqueries.py first seen with mtime 1720597118.413671
DEBUG 2024-07-10 09:13:58,686 autoreload File /usr/local/lib/python3.9/locale.py first seen with mtime 1719959275.0
DEBUG 2024-07-10 09:13:58,687 autoreload File /usr/local/lib/python3.9/importlib/abc.py first seen with mtime 1719959276.0
DEBUG 2024-07-10 09:13:58,688 autoreload File /usr/local/lib/python3.9/importlib/__init__.py first seen with mtime 1719959276.0
DEBUG 2024-07-10 09:13:58,688 autoreload File /usr/local/lib/python3.9/site-packages/jinja2/defaults.py first seen with mtime 1720597114.190671
DEBUG 2024-07-10 09:13:58,688 autoreload File /usr/local/lib/python3.9/email/_encoded_words.py first seen with mtime 1719959277.0
DEBUG 2024-07-10 09:13:58,689 autoreload File /usr/local/lib/python3.9/site-packages/django/apps/config.py first seen with mtime 1720597118.008671
DEBUG 2024-07-10 09:13:58,690 autoreload File /usr/local/lib/python3.9/site-packages/yaml/emitter.py first seen with mtime 1720597112.289671
DEBUG 2024-07-10 09:13:58,690 autoreload File /usr/local/lib/python3.9/datetime.py first seen with mtime 1719959275.0
DEBUG 2024-07-10 09:13:58,691 autoreload File /usr/local/lib/python3.9/site-packages/pytz/tzinfo.py first seen with mtime 1720597111.984671
DEBUG 2024-07-10 09:13:58,691 autoreload File /usr/local/lib/python3.9/site-packages/django/contrib/admin/exceptions.py first seen with mtime 1720597118.067671
DEBUG 2024-07-10 09:13:58,692 autoreload File /usr/local/lib/python3.9/xml/dom/__init__.py first seen with mtime 1719959277.0
DEBUG 2024-07-10 09:13:58,692 autoreload File /usr/local/lib/python3.9/site-packages/django/core/signals.py first seen with mtime 1720597118.386671
DEBUG 2024-07-10 09:13:58,693 autoreload File /usr/local/lib/python3.9/site-packages/sqlparse/keywords.py first seen with mtime 1720597112.218671
DEBUG 2024-07-10 09:13:58,693 autoreload File /usr/local/lib/python3.9/site-packages/requests/__version__.py first seen with mtime 1720597114.120671
DEBUG 2024-07-10 09:13:58,694 autoreload File /usr/local/lib/python3.9/importlib/_common.py first seen with mtime 1719959276.0
DEBUG 2024-07-10 09:13:58,694 autoreload File /usr/local/lib/python3.9/site-packages/django/db/backends/ddl_references.py first seen with mtime 1720597118.397671
DEBUG 2024-07-10 09:13:58,695 autoreload File /usr/local/lib/python3.9/xml/parsers/expat.py first seen with mtime 1719959277.0
DEBUG 2024-07-10 09:13:58,695 autoreload File /usr/local/lib/python3.9/site-packages/django/db/migrations/operations/special.py first seen with mtime 1720597118.406671
DEBUG 2024-07-10 09:13:58,696 autoreload File /usr/local/lib/python3.9/site-packages/django/core/checks/model_checks.py first seen with mtime 1720597118.388671
DEBUG 2024-07-10 09:13:58,696 autoreload File /usr/local/lib/python3.9/lib-dynload/_uuid.cpython-39-aarch64-linux-gnu.so first seen with mtime 1719959270.0
DEBUG 2024-07-10 09:13:58,700 autoreload File /usr/local/lib/python3.9/site-packages/django/contrib/admin/templatetags/admin_modify.py first seen with mtime 1720597118.147671
DEBUG 2024-07-10 09:13:58,700 autoreload File /usr/local/lib/python3.9/signal.py first seen with mtime 1719959275.0
DEBUG 2024-07-10 09:13:58,700 autoreload File /usr/local/lib/python3.9/uu.py first seen with mtime 1719959275.0
DEBUG 2024-07-10 09:13:58,701 autoreload File /usr/local/lib/python3.9/site-packages/django/contrib/admin/views/autocomplete.py first seen with mtime 1720597118.147671
DEBUG 2024-07-10 09:13:58,701 autoreload File /usr/local/lib/python3.9/site-packages/django/views/decorators/__init__.py first seen with mtime 1720597118.436671
DEBUG 2024-07-10 09:13:58,702 autoreload File /usr/local/lib/python3.9/site-packages/sqlparse/filters/reindent.py first seen with mtime 1720597112.219671
DEBUG 2024-07-10 09:13:58,702 autoreload File /usr/local/lib/python3.9/lib-dynload/array.cpython-39-aarch64-linux-gnu.so first seen with mtime 1719959265.0
DEBUG 2024-07-10 09:13:58,703 autoreload File /usr/local/lib/python3.9/site-packages/django/template/defaultfilters.py first seen with mtime 1720597118.425671
DEBUG 2024-07-10 09:13:58,703 autoreload File /usr/local/lib/python3.9/site-packages/django/utils/formats.py first seen with mtime 1720597118.432671
DEBUG 2024-07-10 09:13:58,704 autoreload File /usr/local/lib/python3.9/site-packages/django/template/context.py first seen with mtime 1720597118.424671
DEBUG 2024-07-10 09:13:58,705 autoreload File /usr/local/lib/python3.9/site-packages/django/utils/duration.py first seen with mtime 1720597118.432671
DEBUG 2024-07-10 09:13:58,706 autoreload File /usr/local/lib/python3.9/site-packages/django/db/__init__.py first seen with mtime 1720597118.396671
DEBUG 2024-07-10 09:13:58,706 autoreload File /usr/local/lib/python3.9/xml/__init__.py first seen with mtime 1719959277.0
DEBUG 2024-07-10 09:13:58,707 autoreload File /usr/local/lib/python3.9/site-packages/django/db/models/functions/window.py first seen with mtime 1720597118.412671
DEBUG 2024-07-10 09:13:58,708 autoreload File /usr/local/lib/python3.9/unittest/main.py first seen with mtime 1719959277.0
DEBUG 2024-07-10 09:13:58,708 autoreload File /usr/local/lib/python3.9/site-packages/django/contrib/admin/decorators.py first seen with mtime 1720597118.067671
DEBUG 2024-07-10 09:13:58,708 autoreload File /usr/local/lib/python3.9/email/header.py first seen with mtime 1719959277.0
DEBUG 2024-07-10 09:13:58,709 autoreload File /usr/local/lib/python3.9/site-packages/django/db/migrations/operations/base.py first seen with mtime 1720597118.4056711
DEBUG 2024-07-10 09:13:58,710 autoreload File /usr/local/lib/python3.9/site-packages/django/contrib/admin/templatetags/admin_list.py first seen with mtime 1720597118.147671
DEBUG 2024-07-10 09:13:58,713 autoreload File /usr/local/lib/python3.9/site-packages/django/db/backends/signals.py first seen with mtime 1720597118.397671
DEBUG 2024-07-10 09:13:58,713 autoreload File /usr/local/lib/python3.9/site-packages/sqlparse/filters/right_margin.py first seen with mtime 1720597112.219671
DEBUG 2024-07-10 09:13:58,714 autoreload File /app/apps/users/views.py first seen with mtime 1720602714.948441
DEBUG 2024-07-10 09:13:58,714 autoreload File /usr/local/lib/python3.9/ast.py first seen with mtime 1719959275.0
DEBUG 2024-07-10 09:13:58,715 autoreload File /usr/local/lib/python3.9/site-packages/django/forms/__init__.py first seen with mtime 1720597118.414671
DEBUG 2024-07-10 09:13:58,715 autoreload File /usr/local/lib/python3.9/weakref.py first seen with mtime 1719959275.0
DEBUG 2024-07-10 09:13:58,716 autoreload File /usr/local/lib/python3.9/site-packages/django/db/migrations/operations/__init__.py first seen with mtime 1720597118.4056711
DEBUG 2024-07-10 09:13:58,716 autoreload File /usr/local/lib/python3.9/site-packages/coreapi/codecs/corejson.py first seen with mtime 1720597119.327671
DEBUG 2024-07-10 09:13:58,717 autoreload File /usr/local/lib/python3.9/email/headerregistry.py first seen with mtime 1719959277.0
DEBUG 2024-07-10 09:13:58,717 autoreload File /usr/local/lib/python3.9/site-packages/coreapi/document.py first seen with mtime 1720597119.327671
DEBUG 2024-07-10 09:13:58,718 autoreload File /usr/local/lib/python3.9/socket.py first seen with mtime 1719959275.0
DEBUG 2024-07-10 09:13:58,718 autoreload File /usr/local/lib/python3.9/html/entities.py first seen with mtime 1719959277.0
DEBUG 2024-07-10 09:13:58,719 autoreload File /usr/local/lib/python3.9/site-packages/django/core/mail/message.py first seen with mtime 1720597118.391671
DEBUG 2024-07-10 09:13:58,719 autoreload File /usr/local/lib/python3.9/site-packages/pkg_resources/_vendor/packaging/specifiers.py first seen with mtime 1719989270.0
DEBUG 2024-07-10 09:13:58,719 autoreload File /usr/local/lib/python3.9/site-packages/urllib3/_collections.py first seen with mtime 1720597112.083671
DEBUG 2024-07-10 09:13:58,720 autoreload File /usr/local/lib/python3.9/site-packages/django/core/files/__init__.py first seen with mtime 1720597118.389671
DEBUG 2024-07-10 09:13:58,721 autoreload File /usr/local/lib/python3.9/site-packages/django/apps/registry.py first seen with mtime 1720597118.008671
DEBUG 2024-07-10 09:13:58,721 autoreload File /usr/local/lib/python3.9/site-packages/django/dispatch/__init__.py first seen with mtime 1720597118.413671
DEBUG 2024-07-10 09:13:58,722 autoreload File /usr/local/lib/python3.9/site-packages/uritemplate/api.py first seen with mtime 1720597112.131671
DEBUG 2024-07-10 09:13:58,722 autoreload File /usr/local/lib/python3.9/sre_constants.py first seen with mtime 1719959275.0
DEBUG 2024-07-10 09:13:58,723 autoreload File /usr/local/lib/python3.9/site-packages/django/db/backends/mysql/client.py first seen with mtime 1720597118.399671
DEBUG 2024-07-10 09:13:58,723 autoreload File /usr/local/lib/python3.9/site-packages/django/contrib/messages/api.py first seen with mtime 1720597118.302671
DEBUG 2024-07-10 09:13:58,724 autoreload File /usr/local/lib/python3.9/site-packages/django/db/models/functions/__init__.py first seen with mtime 1720597118.411671
DEBUG 2024-07-10 09:13:58,725 autoreload File /usr/local/lib/python3.9/site-packages/rest_framework/utils/serializer_helpers.py first seen with mtime 1720597119.236671
DEBUG 2024-07-10 09:13:58,725 autoreload File /usr/local/lib/python3.9/site-packages/django/core/management/commands/runserver.py first seen with mtime 1720597118.394671
DEBUG 2024-07-10 09:13:58,726 autoreload File /usr/local/lib/python3.9/site-packages/django/db/models/constraints.py first seen with mtime 1720597118.407671
DEBUG 2024-07-10 09:13:58,727 autoreload File /usr/local/lib/python3.9/site-packages/charset_normalizer/md__mypyc.cpython-39-aarch64-linux-gnu.so first seen with mtime 1720597114.053671
DEBUG 2024-07-10 09:13:58,727 autoreload File /usr/local/lib/python3.9/asyncio/constants.py first seen with mtime 1719959277.0
DEBUG 2024-07-10 09:13:58,728 autoreload File /usr/local/lib/python3.9/site-packages/django/db/models/fields/mixins.py first seen with mtime 1720597118.410671
DEBUG 2024-07-10 09:13:58,728 autoreload File /usr/local/lib/python3.9/site-packages/rest_framework/templatetags/__init__.py first seen with mtime 1720597119.235671
DEBUG 2024-07-10 09:13:58,729 autoreload File /usr/local/lib/python3.9/site-packages/django/utils/module_loading.py first seen with mtime 1720597118.434671
DEBUG 2024-07-10 09:13:58,729 autoreload File /usr/local/lib/python3.9/site-packages/sqlparse/cli.py first seen with mtime 1720597112.217671
DEBUG 2024-07-10 09:13:58,730 autoreload File /usr/local/lib/python3.9/lib-dynload/_queue.cpython-39-aarch64-linux-gnu.so first seen with mtime 1719959265.0
DEBUG 2024-07-10 09:13:58,730 autoreload File /usr/local/lib/python3.9/site-packages/django/views/generic/base.py first seen with mtime 1720597118.437671
DEBUG 2024-07-10 09:13:58,731 autoreload File /usr/local/lib/python3.9/lib-dynload/_blake2.cpython-39-aarch64-linux-gnu.so first seen with mtime 1719959269.0
DEBUG 2024-07-10 09:13:58,731 autoreload File /usr/local/lib/python3.9/site-packages/rest_framework/relations.py first seen with mtime 1720597119.204671
DEBUG 2024-07-10 09:13:58,732 autoreload File /usr/local/lib/python3.9/wsgiref/__init__.py first seen with mtime 1719959277.0
DEBUG 2024-07-10 09:13:58,732 autoreload File /usr/local/lib/python3.9/asyncio/subprocess.py first seen with mtime 1719959277.0
DEBUG 2024-07-10 09:13:58,733 autoreload File /usr/local/lib/python3.9/site-packages/django/views/generic/__init__.py first seen with mtime 1720597118.437671
DEBUG 2024-07-10 09:13:58,733 autoreload File /usr/local/lib/python3.9/glob.py first seen with mtime 1719959275.0
DEBUG 2024-07-10 09:13:58,734 autoreload File /usr/local/lib/python3.9/lib-dynload/_lzma.cpython-39-aarch64-linux-gnu.so first seen with mtime 1719959269.0
DEBUG 2024-07-10 09:13:58,734 autoreload File /usr/local/lib/python3.9/site-packages/django/core/servers/basehttp.py first seen with mtime 1720597118.396671
DEBUG 2024-07-10 09:13:58,735 autoreload File /usr/local/lib/python3.9/site-packages/django/db/backends/mysql/validation.py first seen with mtime 1720597118.400671
DEBUG 2024-07-10 09:13:58,736 autoreload File /usr/local/lib/python3.9/email/utils.py first seen with mtime 1719959277.0
DEBUG 2024-07-10 09:13:58,736 autoreload File /usr/local/lib/python3.9/site-packages/django/contrib/admin/views/decorators.py first seen with mtime 1720597118.147671
DEBUG 2024-07-10 09:13:58,737 autoreload File /usr/local/lib/python3.9/importlib/metadata.py first seen with mtime 1719959276.0
DEBUG 2024-07-10 09:13:58,738 autoreload File /usr/local/lib/python3.9/site-packages/django/test/testcases.py first seen with mtime 1720597118.429671
DEBUG 2024-07-10 09:13:58,738 autoreload File /usr/local/lib/python3.9/site-packages/django/http/cookie.py first seen with mtime 1720597118.422671
DEBUG 2024-07-10 09:13:58,738 autoreload File /usr/local/lib/python3.9/site-packages/rest_framework/schemas/__init__.py first seen with mtime 1720597119.216671
DEBUG 2024-07-10 09:13:58,739 autoreload File /usr/local/lib/python3.9/site-packages/django/template/loaders/base.py first seen with mtime 1720597118.427671
DEBUG 2024-07-10 09:13:58,740 autoreload File /usr/local/lib/python3.9/encodings/utf_8.py first seen with mtime 1719959277.0
DEBUG 2024-07-10 09:13:58,740 autoreload File /usr/local/lib/python3.9/site-packages/django/contrib/admindocs/views.py first seen with mtime 1720597118.148671
DEBUG 2024-07-10 09:13:58,741 autoreload File /usr/local/lib/python3.9/asyncio/runners.py first seen with mtime 1719959277.0
DEBUG 2024-07-10 09:13:58,742 autoreload File /usr/local/lib/python3.9/site-packages/django/template/loaders/__init__.py first seen with mtime 1720597118.426671
DEBUG 2024-07-10 09:13:58,742 autoreload File /usr/local/lib/python3.9/site-packages/urllib3/util/util.py first seen with mtime 1720597112.087671
DEBUG 2024-07-10 09:13:58,743 autoreload File /usr/local/lib/python3.9/site-packages/django/core/checks/database.py first seen with mtime 1720597118.387671
DEBUG 2024-07-10 09:13:58,743 autoreload File /usr/local/lib/python3.9/site-packages/rest_framework/utils/mediatypes.py first seen with mtime 1720597119.236671
DEBUG 2024-07-10 09:13:58,744 autoreload File /usr/local/lib/python3.9/argparse.py first seen with mtime 1719959275.0
DEBUG 2024-07-10 09:13:58,745 autoreload File /app/config/__init__.py first seen with mtime 1720164569.0897193
DEBUG 2024-07-10 09:13:58,746 autoreload File /usr/local/lib/python3.9/site-packages/idna/idnadata.py first seen with mtime 1720597113.932671
DEBUG 2024-07-10 09:13:58,747 autoreload File /usr/local/lib/python3.9/mimetypes.py first seen with mtime 1719959275.0
DEBUG 2024-07-10 09:13:58,747 autoreload File /usr/local/lib/python3.9/site-packages/rest_framework/utils/field_mapping.py first seen with mtime 1720597119.236671
DEBUG 2024-07-10 09:13:58,748 autoreload File /usr/local/lib/python3.9/_sitebuiltins.py first seen with mtime 1719959275.0
DEBUG 2024-07-10 09:13:58,751 autoreload File /usr/local/lib/python3.9/asyncio/unix_events.py first seen with mtime 1719959277.0
DEBUG 2024-07-10 09:13:58,751 autoreload File /usr/local/lib/python3.9/asyncio/log.py first seen with mtime 1719959277.0
DEBUG 2024-07-10 09:13:58,752 autoreload File /usr/local/lib/python3.9/site-packages/django/contrib/staticfiles/utils.py first seen with mtime 1720597118.384671
DEBUG 2024-07-10 09:13:58,753 autoreload File /usr/local/lib/python3.9/site-packages/django/core/cache/__init__.py first seen with mtime 1720597118.386671
DEBUG 2024-07-10 09:13:58,753 autoreload File /usr/local/lib/python3.9/site-packages/django/contrib/postgres/utils.py first seen with mtime 1720597118.304671
DEBUG 2024-07-10 09:13:58,754 autoreload File /usr/local/lib/python3.9/site-packages/django/db/backends/__init__.py first seen with mtime 1720597118.397671
DEBUG 2024-07-10 09:13:58,755 autoreload File /app/config/settings.py first seen with mtime 1720602786.2317243
DEBUG 2024-07-10 09:13:58,755 autoreload File /usr/local/lib/python3.9/site-packages/django/db/backends/base/creation.py first seen with mtime 1720597118.397671
DEBUG 2024-07-10 09:13:58,756 autoreload File /usr/local/lib/python3.9/zipfile.py first seen with mtime 1719959275.0
DEBUG 2024-07-10 09:13:58,756 autoreload File /usr/local/lib/python3.9/hashlib.py first seen with mtime 1719959275.0
DEBUG 2024-07-10 09:13:58,757 autoreload File /usr/local/lib/python3.9/site-packages/django/utils/text.py first seen with mtime 1720597118.434671
DEBUG 2024-07-10 09:13:58,758 autoreload File /usr/local/lib/python3.9/site-packages/asgiref/local.py first seen with mtime 1720597114.313671
DEBUG 2024-07-10 09:13:58,759 autoreload File /usr/local/lib/python3.9/site-packages/django/db/models/fields/reverse_related.py first seen with mtime 1720597118.411671
DEBUG 2024-07-10 09:13:58,759 autoreload File /usr/local/lib/python3.9/site-packages/rest_framework/utils/humanize_datetime.py first seen with mtime 1720597119.236671
DEBUG 2024-07-10 09:13:58,760 autoreload File /usr/local/lib/python3.9/site-packages/rest_framework/parsers.py first seen with mtime 1720597119.203671
DEBUG 2024-07-10 09:13:58,760 autoreload File /usr/local/lib/python3.9/importlib/resources.py first seen with mtime 1719959276.0
DEBUG 2024-07-10 09:13:58,761 autoreload File /usr/local/lib/python3.9/posixpath.py first seen with mtime 1719959275.0
DEBUG 2024-07-10 09:13:58,762 autoreload File /usr/local/lib/python3.9/lib-dynload/_datetime.cpython-39-aarch64-linux-gnu.so first seen with mtime 1719959266.0
DEBUG 2024-07-10 09:13:58,762 autoreload File /usr/local/lib/python3.9/site-packages/uritemplate/orderedset.py first seen with mtime 1720597112.131671
DEBUG 2024-07-10 09:13:58,763 autoreload File /usr/local/lib/python3.9/site-packages/django/core/mail/__init__.py first seen with mtime 1720597118.391671
DEBUG 2024-07-10 09:13:58,764 autoreload File /usr/local/lib/python3.9/site-packages/sqlparse/engine/filter_stack.py first seen with mtime 1720597112.218671
DEBUG 2024-07-10 09:13:58,766 autoreload File /usr/local/lib/python3.9/site-packages/environ/fileaware_mapping.py first seen with mtime 1720597114.042671
DEBUG 2024-07-10 09:13:58,767 autoreload File /usr/local/lib/python3.9/site-packages/rest_framework_simplejwt/tokens.py first seen with mtime 1720597120.163671
DEBUG 2024-07-10 09:13:58,768 autoreload File /usr/local/lib/python3.9/site-packages/django/db/backends/mysql/introspection.py first seen with mtime 1720597118.399671
DEBUG 2024-07-10 09:13:58,769 autoreload File /usr/local/lib/python3.9/platform.py first seen with mtime 1719959275.0
DEBUG 2024-07-10 09:13:58,770 autoreload File /usr/local/lib/python3.9/http/client.py first seen with mtime 1719959277.0
DEBUG 2024-07-10 09:13:58,771 autoreload File /usr/local/lib/python3.9/ntpath.py first seen with mtime 1719959275.0
DEBUG 2024-07-10 09:13:58,771 autoreload File /usr/local/lib/python3.9/site-packages/django/contrib/messages/apps.py first seen with mtime 1720597118.302671
DEBUG 2024-07-10 09:13:58,772 autoreload File /usr/local/lib/python3.9/site-packages/django/template/backends/django.py first seen with mtime 1720597118.426671
DEBUG 2024-07-10 09:13:58,774 autoreload File /usr/local/lib/python3.9/site-packages/django/utils/datastructures.py first seen with mtime 1720597118.431671
DEBUG 2024-07-10 09:13:58,776 autoreload File /usr/local/lib/python3.9/asyncio/base_futures.py first seen with mtime 1719959277.0
DEBUG 2024-07-10 09:13:58,777 autoreload File /usr/local/lib/python3.9/site-packages/sqlparse/engine/grouping.py first seen with mtime 1720597112.219671
DEBUG 2024-07-10 09:13:58,780 autoreload File /usr/local/lib/python3.9/site-packages/django/test/__init__.py first seen with mtime 1720597118.4286711
DEBUG 2024-07-10 09:13:58,780 autoreload File /usr/local/lib/python3.9/site-packages/django/db/models/functions/datetime.py first seen with mtime 1720597118.411671
DEBUG 2024-07-10 09:13:58,782 autoreload File /usr/local/lib/python3.9/site-packages/django/core/checks/messages.py first seen with mtime 1720597118.388671
DEBUG 2024-07-10 09:13:58,784 autoreload File /usr/local/lib/python3.9/site-packages/idna/package_data.py first seen with mtime 1720597113.932671
DEBUG 2024-07-10 09:13:58,785 autoreload File /usr/local/lib/python3.9/asyncio/transports.py first seen with mtime 1719959277.0
DEBUG 2024-07-10 09:13:58,790 autoreload File /usr/local/lib/python3.9/site-packages/django/core/checks/security/base.py first seen with mtime 1720597118.388671
DEBUG 2024-07-10 09:13:58,792 autoreload File /usr/local/lib/python3.9/site-packages/django/core/serializers/python.py first seen with mtime 1720597118.396671
DEBUG 2024-07-10 09:13:58,793 autoreload File /usr/local/lib/python3.9/site-packages/django/utils/timesince.py first seen with mtime 1720597118.434671
DEBUG 2024-07-10 09:13:58,794 autoreload File /usr/local/lib/python3.9/site-packages/django/contrib/auth/apps.py first seen with mtime 1720597118.173671
DEBUG 2024-07-10 09:13:58,795 autoreload File /usr/local/lib/python3.9/site-packages/django/contrib/admin/views/main.py first seen with mtime 1720597118.147671
DEBUG 2024-07-10 09:13:58,796 autoreload File /usr/local/lib/python3.9/unittest/loader.py first seen with mtime 1719959277.0
DEBUG 2024-07-10 09:13:58,799 autoreload File /usr/local/lib/python3.9/lib-dynload/_sha512.cpython-39-aarch64-linux-gnu.so first seen with mtime 1719959267.0
DEBUG 2024-07-10 09:13:58,800 autoreload File /usr/local/lib/python3.9/site-packages/django/core/checks/security/__init__.py first seen with mtime 1720597118.388671
DEBUG 2024-07-10 09:13:58,801 autoreload File /usr/local/lib/python3.9/site-packages/django/__init__.py first seen with mtime 1720597118.008671
DEBUG 2024-07-10 09:13:58,802 autoreload File /usr/local/lib/python3.9/site-packages/django/db/models/utils.py first seen with mtime 1720597118.409671
DEBUG 2024-07-10 09:13:58,803 autoreload File /usr/local/lib/python3.9/site-packages/django/utils/tree.py first seen with mtime 1720597118.434671
DEBUG 2024-07-10 09:13:58,804 autoreload File /usr/local/lib/python3.9/site-packages/django/views/decorators/vary.py first seen with mtime 1720597118.437671
DEBUG 2024-07-10 09:13:58,804 autoreload File /usr/local/lib/python3.9/site-packages/MySQLdb/__init__.py first seen with mtime 1720597113.903671
DEBUG 2024-07-10 09:13:58,805 autoreload File /app/apps/users/serializers.py first seen with mtime 1720602786.2349288
DEBUG 2024-07-10 09:13:58,806 autoreload File /usr/local/lib/python3.9/site-packages/django/contrib/admin/templatetags/log.py first seen with mtime 1720597118.147671
DEBUG 2024-07-10 09:13:58,807 autoreload File /usr/local/lib/python3.9/site-packages/requests/hooks.py first seen with mtime 1720597114.121671
DEBUG 2024-07-10 09:13:58,807 autoreload File /usr/local/lib/python3.9/site-packages/django/db/utils.py first seen with mtime 1720597118.396671
DEBUG 2024-07-10 09:13:58,808 autoreload File /usr/local/lib/python3.9/site-packages/uritemplate/template.py first seen with mtime 1720597112.131671
DEBUG 2024-07-10 09:13:58,809 autoreload File /usr/local/lib/python3.9/site-packages/django/db/backends/mysql/features.py first seen with mtime 1720597118.399671
DEBUG 2024-07-10 09:13:58,809 autoreload File /usr/local/lib/python3.9/site-packages/django/db/models/sql/query.py first seen with mtime 1720597118.413671
DEBUG 2024-07-10 09:13:58,810 autoreload File /usr/local/lib/python3.9/site-packages/rest_framework/mixins.py first seen with mtime 1720597119.203671
DEBUG 2024-07-10 09:13:58,810 autoreload File /usr/local/lib/python3.9/site-packages/django/contrib/contenttypes/__init__.py first seen with mtime 1720597118.203671
DEBUG 2024-07-10 09:13:58,811 autoreload File /usr/local/lib/python3.9/email/message.py first seen with mtime 1719959277.0
DEBUG 2024-07-10 09:13:58,812 autoreload File /usr/local/lib/python3.9/xml/parsers/__init__.py first seen with mtime 1719959277.0
DEBUG 2024-07-10 09:13:58,813 autoreload File /usr/local/lib/python3.9/site-packages/django/core/signing.py first seen with mtime 1720597118.386671
DEBUG 2024-07-10 09:13:58,813 autoreload File /usr/local/lib/python3.9/email/contentmanager.py first seen with mtime 1719959277.0
DEBUG 2024-07-10 09:13:58,814 autoreload File /usr/local/lib/python3.9/json/encoder.py first seen with mtime 1719959277.0
DEBUG 2024-07-10 09:13:58,817 autoreload File /usr/local/lib/python3.9/site-packages/django/contrib/admindocs/utils.py first seen with mtime 1720597118.148671
DEBUG 2024-07-10 09:13:58,818 autoreload File /usr/local/lib/python3.9/site-packages/urllib3/util/url.py first seen with mtime 1720597112.087671
DEBUG 2024-07-10 09:13:58,819 autoreload File /usr/local/lib/python3.9/site-packages/urllib3/util/retry.py first seen with mtime 1720597112.086671
DEBUG 2024-07-10 09:13:58,820 autoreload File /usr/local/lib/python3.9/site-packages/django/contrib/contenttypes/forms.py first seen with mtime 1720597118.203671
DEBUG 2024-07-10 09:13:58,820 autoreload File /usr/local/lib/python3.9/site-packages/django/core/files/utils.py first seen with mtime 1720597118.389671
DEBUG 2024-07-10 09:13:58,821 autoreload File /usr/local/lib/python3.9/site-packages/rest_framework_simplejwt/settings.py first seen with mtime 1720597120.163671
DEBUG 2024-07-10 09:13:58,822 autoreload File /usr/local/lib/python3.9/contextvars.py first seen with mtime 1719959275.0
DEBUG 2024-07-10 09:13:58,822 autoreload File /usr/local/lib/python3.9/email/mime/message.py first seen with mtime 1719959277.0
DEBUG 2024-07-10 09:13:58,823 autoreload File /usr/local/lib/python3.9/site-packages/jinja2/compiler.py first seen with mtime 1720597114.190671
DEBUG 2024-07-10 09:13:58,823 autoreload File /usr/local/lib/python3.9/site-packages/requests/_internal_utils.py first seen with mtime 1720597114.120671
DEBUG 2024-07-10 09:13:58,824 autoreload File /usr/local/lib/python3.9/logging/handlers.py first seen with mtime 1719959277.0
DEBUG 2024-07-10 09:13:58,825 autoreload File /usr/local/lib/python3.9/site-packages/jinja2/parser.py first seen with mtime 1720597114.192671
DEBUG 2024-07-10 09:13:58,825 autoreload File /usr/local/lib/python3.9/threading.py first seen with mtime 1719959275.0
DEBUG 2024-07-10 09:13:58,826 autoreload File /usr/local/lib/python3.9/site-packages/django/db/models/fields/files.py first seen with mtime 1720597118.409671
DEBUG 2024-07-10 09:13:58,827 autoreload File /usr/local/lib/python3.9/site-packages/jinja2/tests.py first seen with mtime 1720597114.192671
DEBUG 2024-07-10 09:13:58,828 autoreload File /usr/local/lib/python3.9/site-packages/sqlparse/filters/aligned_indent.py first seen with mtime 1720597112.219671
DEBUG 2024-07-10 09:13:58,828 autoreload File /usr/local/lib/python3.9/codecs.py first seen with mtime 1719959275.0
DEBUG 2024-07-10 09:13:58,829 autoreload File /usr/local/lib/python3.9/shutil.py first seen with mtime 1719959275.0
DEBUG 2024-07-10 09:13:58,830 autoreload File /usr/local/lib/python3.9/reprlib.py first seen with mtime 1719959275.0
DEBUG 2024-07-10 09:13:58,831 autoreload File /usr/local/lib/python3.9/xml/dom/minicompat.py first seen with mtime 1719959277.0
DEBUG 2024-07-10 09:13:58,831 autoreload File /usr/local/lib/python3.9/site-packages/packaging/_structures.py first seen with mtime 1720597112.353671
DEBUG 2024-07-10 09:13:58,832 autoreload File /usr/local/lib/python3.9/site-packages/django/template/loader_tags.py first seen with mtime 1720597118.426671
DEBUG 2024-07-10 09:13:58,836 autoreload File /usr/local/lib/python3.9/site-packages/django/core/management/base.py first seen with mtime 1720597118.392671
DEBUG 2024-07-10 09:13:58,837 autoreload File /usr/local/lib/python3.9/opcode.py first seen with mtime 1719959275.0
DEBUG 2024-07-10 09:13:58,837 autoreload File /usr/local/lib/python3.9/site-packages/coreapi/transports/http.py first seen with mtime 1720597119.328671
DEBUG 2024-07-10 09:13:58,838 autoreload File /usr/local/lib/python3.9/contextlib.py first seen with mtime 1719959275.0
DEBUG 2024-07-10 09:13:58,838 autoreload File /app/apps/entry/models.py first seen with mtime 1720438198.9354937
DEBUG 2024-07-10 09:13:58,839 autoreload File /usr/local/lib/python3.9/site-packages/coreapi/utils.py first seen with mtime 1720597119.327671
DEBUG 2024-07-10 09:13:58,840 autoreload File /usr/local/lib/python3.9/site-packages/django/core/management/__init__.py first seen with mtime 1720597118.392671
DEBUG 2024-07-10 09:13:58,840 autoreload File /usr/local/lib/python3.9/site-packages/django/utils/html.py first seen with mtime 1720597118.433671
DEBUG 2024-07-10 09:13:58,841 autoreload File /usr/local/lib/python3.9/site-packages/requests/compat.py first seen with mtime 1720597114.121671
DEBUG 2024-07-10 09:13:58,842 autoreload File /usr/local/lib/python3.9/bz2.py first seen with mtime 1719959275.0
DEBUG 2024-07-10 09:13:58,843 autoreload File /usr/local/lib/python3.9/site-packages/django/db/models/sql/constants.py first seen with mtime 1720597118.412671
DEBUG 2024-07-10 09:13:58,843 autoreload File /usr/local/lib/python3.9/warnings.py first seen with mtime 1719959275.0
DEBUG 2024-07-10 09:13:58,844 autoreload File /usr/local/lib/python3.9/abc.py first seen with mtime 1719959275.0
DEBUG 2024-07-10 09:13:58,845 autoreload File /usr/local/lib/python3.9/site-packages/django/contrib/admin/sites.py first seen with mtime 1720597118.068671
DEBUG 2024-07-10 09:13:58,845 autoreload File /usr/local/lib/python3.9/site-packages/django/views/static.py first seen with mtime 1720597118.436671
DEBUG 2024-07-10 09:13:58,846 autoreload File /usr/local/lib/python3.9/site-packages/urllib3/filepost.py first seen with mtime 1720597112.084671
DEBUG 2024-07-10 09:13:58,847 autoreload File /usr/local/lib/python3.9/site-packages/django/core/checks/files.py first seen with mtime 1720597118.388671
DEBUG 2024-07-10 09:13:58,847 autoreload File /usr/local/lib/python3.9/site-packages/django/utils/numberformat.py first seen with mtime 1720597118.434671
DEBUG 2024-07-10 09:13:58,848 autoreload File /usr/local/lib/python3.9/site-packages/pkg_resources/_vendor/packaging/requirements.py first seen with mtime 1719989270.0
DEBUG 2024-07-10 09:13:58,849 autoreload File /usr/local/lib/python3.9/pprint.py first seen with mtime 1719959275.0
DEBUG 2024-07-10 09:13:58,849 autoreload File /usr/local/lib/python3.9/lib-dynload/_opcode.cpython-39-aarch64-linux-gnu.so first seen with mtime 1719959265.0
DEBUG 2024-07-10 09:13:58,850 autoreload File /usr/local/lib/python3.9/site-packages/markupsafe/_speedups.cpython-39-aarch64-linux-gnu.so first seen with mtime 1720597113.920671
DEBUG 2024-07-10 09:13:58,851 autoreload File /usr/local/lib/python3.9/enum.py first seen with mtime 1719959275.0
DEBUG 2024-07-10 09:13:58,854 autoreload File /usr/local/lib/python3.9/site-packages/pkg_resources/extern/__init__.py first seen with mtime 1719989270.0
DEBUG 2024-07-10 09:13:58,854 autoreload File /usr/local/lib/python3.9/site-packages/pkg_resources/_vendor/packaging/_compat.py first seen with mtime 1719989270.0
DEBUG 2024-07-10 09:13:58,855 autoreload File /usr/local/lib/python3.9/site-packages/asgiref/sync.py first seen with mtime 1720597114.313671
DEBUG 2024-07-10 09:13:58,856 autoreload File /usr/local/lib/python3.9/site-packages/rest_framework/utils/breadcrumbs.py first seen with mtime 1720597119.235671
DEBUG 2024-07-10 09:13:58,857 autoreload File /usr/local/lib/python3.9/xml/dom/xmlbuilder.py first seen with mtime 1719959277.0
DEBUG 2024-07-10 09:13:58,857 autoreload File /usr/local/lib/python3.9/site-packages/django/utils/dateparse.py first seen with mtime 1720597118.431671
DEBUG 2024-07-10 09:13:58,858 autoreload File /usr/local/lib/python3.9/site-packages/django/contrib/auth/validators.py first seen with mtime 1720597118.175671
DEBUG 2024-07-10 09:13:58,859 autoreload File /usr/local/lib/python3.9/asyncio/staggered.py first seen with mtime 1719959277.0
DEBUG 2024-07-10 09:13:58,859 autoreload File /usr/local/lib/python3.9/site-packages/django/utils/translation/reloader.py first seen with mtime 1720597118.435671
DEBUG 2024-07-10 09:13:58,860 autoreload File /usr/local/lib/python3.9/stat.py first seen with mtime 1719959275.0
DEBUG 2024-07-10 09:13:58,860 autoreload File /usr/local/lib/python3.9/site-packages/urllib3/connection.py first seen with mtime 1720597112.084671
DEBUG 2024-07-10 09:13:58,861 autoreload File /usr/local/lib/python3.9/site-packages/django/core/checks/urls.py first seen with mtime 1720597118.388671
DEBUG 2024-07-10 09:13:58,861 autoreload File /usr/local/lib/python3.9/site-packages/sqlparse/engine/statement_splitter.py first seen with mtime 1720597112.219671
DEBUG 2024-07-10 09:13:58,862 autoreload File /usr/local/lib/python3.9/site-packages/yaml/error.py first seen with mtime 1720597112.289671
DEBUG 2024-07-10 09:13:58,863 autoreload File /usr/local/lib/python3.9/site-packages/django/core/cache/utils.py first seen with mtime 1720597118.386671
DEBUG 2024-07-10 09:13:58,863 autoreload File /usr/local/lib/python3.9/site-packages/urllib3/response.py first seen with mtime 1720597112.085671
DEBUG 2024-07-10 09:13:58,864 autoreload File /usr/local/lib/python3.9/site-packages/django/utils/dates.py first seen with mtime 1720597118.431671
DEBUG 2024-07-10 09:13:58,865 autoreload File /usr/local/lib/python3.9/site-packages/django/middleware/__init__.py first seen with mtime 1720597118.423671
DEBUG 2024-07-10 09:13:58,866 autoreload File /usr/local/lib/python3.9/http/cookies.py first seen with mtime 1719959277.0
DEBUG 2024-07-10 09:13:58,868 autoreload File /usr/local/lib/python3.9/unittest/suite.py first seen with mtime 1719959277.0
DEBUG 2024-07-10 09:13:58,869 autoreload File /usr/local/lib/python3.9/site-packages/rest_framework/apps.py first seen with mtime 1720597119.2016711
DEBUG 2024-07-10 09:13:58,870 autoreload File /usr/local/lib/python3.9/site-packages/django/db/models/signals.py first seen with mtime 1720597118.409671
DEBUG 2024-07-10 09:13:58,870 autoreload File /usr/local/lib/python3.9/site-packages/django/template/loaders/filesystem.py first seen with mtime 1720597118.427671
DEBUG 2024-07-10 09:13:58,871 autoreload File /usr/local/lib/python3.9/gzip.py first seen with mtime 1719959275.0
DEBUG 2024-07-10 09:13:58,871 autoreload File /usr/local/lib/python3.9/linecache.py first seen with mtime 1719959275.0
DEBUG 2024-07-10 09:13:58,872 autoreload File /usr/local/lib/python3.9/site-packages/rest_framework_simplejwt/token_blacklist/models.py first seen with mtime 1720597120.169671
DEBUG 2024-07-10 09:13:58,873 autoreload File /usr/local/lib/python3.9/email/__init__.py first seen with mtime 1719959277.0
DEBUG 2024-07-10 09:13:58,873 autoreload File /usr/local/lib/python3.9/site-packages/pytz/__init__.py first seen with mtime 1720597111.984671
DEBUG 2024-07-10 09:13:58,874 autoreload File /usr/local/lib/python3.9/asyncio/futures.py first seen with mtime 1719959277.0
DEBUG 2024-07-10 09:13:58,875 autoreload File /usr/local/lib/python3.9/site-packages/django/core/cache/backends/filebased.py first seen with mtime 1720597118.387671
DEBUG 2024-07-10 09:13:58,876 autoreload File /usr/local/lib/python3.9/ipaddress.py first seen with mtime 1719959275.0
DEBUG 2024-07-10 09:13:58,877 autoreload File /usr/local/lib/python3.9/site-packages/coreschema/schemas.py first seen with mtime 1720597119.181671
DEBUG 2024-07-10 09:13:58,877 autoreload File /usr/local/lib/python3.9/site-packages/sqlparse/filters/__init__.py first seen with mtime 1720597112.219671
DEBUG 2024-07-10 09:13:58,878 autoreload File /usr/local/lib/python3.9/site-packages/MySQLdb/_mysql.cpython-39-aarch64-linux-gnu.so first seen with mtime 1720597113.9056711
DEBUG 2024-07-10 09:13:58,879 autoreload File /usr/local/lib/python3.9/site-packages/django/db/backends/base/validation.py first seen with mtime 1720597118.398671
DEBUG 2024-07-10 09:13:58,879 autoreload File /usr/local/lib/python3.9/site-packages/urllib3/connectionpool.py first seen with mtime 1720597112.084671
DEBUG 2024-07-10 09:13:58,880 autoreload File /usr/local/lib/python3.9/site-packages/django/contrib/__init__.py first seen with mtime 1720597118.066671
DEBUG 2024-07-10 09:13:58,881 autoreload File /usr/local/lib/python3.9/configparser.py first seen with mtime 1719959275.0
DEBUG 2024-07-10 09:13:58,882 autoreload File /usr/local/lib/python3.9/site-packages/rest_framework/status.py first seen with mtime 1720597119.205671
DEBUG 2024-07-10 09:13:58,883 autoreload File /usr/local/lib/python3.9/site-packages/packaging/version.py first seen with mtime 1720597112.355671
DEBUG 2024-07-10 09:13:58,883 autoreload File /usr/local/lib/python3.9/site-packages/certifi/__init__.py first seen with mtime 1720597114.076671
DEBUG 2024-07-10 09:13:58,884 autoreload File /usr/local/lib/python3.9/site-packages/coreapi/codecs/download.py first seen with mtime 1720597119.327671
DEBUG 2024-07-10 09:13:58,885 autoreload File /usr/local/lib/python3.9/site-packages/django/urls/conf.py first seen with mtime 1720597118.429671
DEBUG 2024-07-10 09:13:58,885 autoreload File /usr/local/lib/python3.9/site-packages/django/contrib/staticfiles/management/commands/__init__.py first seen with mtime 1720597118.385671
DEBUG 2024-07-10 09:13:58,886 autoreload File /usr/local/lib/python3.9/email/mime/__init__.py first seen with mtime 1719959277.0
DEBUG 2024-07-10 09:13:58,887 autoreload File /usr/local/lib/python3.9/site-packages/django/core/servers/__init__.py first seen with mtime 1720597118.396671
DEBUG 2024-07-10 09:13:58,887 autoreload File /usr/local/lib/python3.9/site-packages/django/db/models/sql/datastructures.py first seen with mtime 1720597118.412671
DEBUG 2024-07-10 09:13:58,888 autoreload File /usr/local/lib/python3.9/site-packages/jinja2/environment.py first seen with mtime 1720597114.190671
DEBUG 2024-07-10 09:13:58,892 autoreload File /usr/local/lib/python3.9/site-packages/rest_framework/templatetags/rest_framework.py first seen with mtime 1720597119.235671
DEBUG 2024-07-10 09:13:58,892 autoreload File /usr/local/lib/python3.9/lib-dynload/_decimal.cpython-39-aarch64-linux-gnu.so first seen with mtime 1719959275.0
DEBUG 2024-07-10 09:13:58,893 autoreload File /usr/local/lib/python3.9/site-packages/django/test/utils.py first seen with mtime 1720597118.429671
DEBUG 2024-07-10 09:13:58,894 autoreload File /usr/local/lib/python3.9/site-packages/django/db/migrations/state.py first seen with mtime 1720597118.4056711
DEBUG 2024-07-10 09:13:58,894 autoreload File /usr/local/lib/python3.9/site-packages/django/utils/safestring.py first seen with mtime 1720597118.434671
DEBUG 2024-07-10 09:13:58,895 autoreload File /usr/local/lib/python3.9/site-packages/django/template/__init__.py first seen with mtime 1720597118.424671
DEBUG 2024-07-10 09:13:58,895 autoreload File /usr/local/lib/python3.9/site-packages/django/contrib/postgres/__init__.py first seen with mtime 1720597118.3036711
DEBUG 2024-07-10 09:13:58,896 autoreload File /usr/local/lib/python3.9/site-packages/requests/__init__.py first seen with mtime 1720597114.120671
DEBUG 2024-07-10 09:13:58,897 autoreload File /usr/local/lib/python3.9/site-packages/drf_yasg/generators.py first seen with mtime 1720597120.054671
DEBUG 2024-07-10 09:13:58,897 autoreload File /usr/local/lib/python3.9/site-packages/rest_framework/utils/model_meta.py first seen with mtime 1720597119.236671
DEBUG 2024-07-10 09:13:58,898 autoreload File /usr/local/lib/python3.9/site-packages/django/views/debug.py first seen with mtime 1720597118.436671
DEBUG 2024-07-10 09:13:58,899 autoreload File /usr/local/lib/python3.9/site-packages/drf_yasg/views.py first seen with mtime 1720597120.054671
DEBUG 2024-07-10 09:13:58,900 autoreload File /usr/local/lib/python3.9/urllib/__init__.py first seen with mtime 1719959277.0
DEBUG 2024-07-10 09:13:58,900 autoreload File /usr/local/lib/python3.9/site-packages/django/contrib/sessions/apps.py first seen with mtime 1720597118.341671
DEBUG 2024-07-10 09:13:58,900 autoreload File /usr/local/lib/python3.9/site-packages/django/db/models/deletion.py first seen with mtime 1720597118.407671
DEBUG 2024-07-10 09:13:58,901 autoreload File /usr/local/lib/python3.9/lib-dynload/math.cpython-39-aarch64-linux-gnu.so first seen with mtime 1719959265.0
DEBUG 2024-07-10 09:13:58,902 autoreload File /usr/local/lib/python3.9/html/__init__.py first seen with mtime 1719959277.0
DEBUG 2024-07-10 09:13:58,902 autoreload File /usr/local/lib/python3.9/asyncio/trsock.py first seen with mtime 1719959277.0
DEBUG 2024-07-10 09:13:58,903 autoreload File /usr/local/lib/python3.9/asyncio/base_events.py first seen with mtime 1719959277.0
DEBUG 2024-07-10 09:13:58,903 autoreload File /usr/local/lib/python3.9/site-packages/django/contrib/messages/constants.py first seen with mtime 1720597118.302671
DEBUG 2024-07-10 09:13:58,903 autoreload File /usr/local/lib/python3.9/email/mime/nonmultipart.py first seen with mtime 1719959277.0
DEBUG 2024-07-10 09:13:58,904 autoreload File /usr/local/lib/python3.9/site-packages/urllib3/util/__init__.py first seen with mtime 1720597112.086671
DEBUG 2024-07-10 09:13:58,905 autoreload File /usr/local/lib/python3.9/site-packages/charset_normalizer/md.cpython-39-aarch64-linux-gnu.so first seen with mtime 1720597114.053671
DEBUG 2024-07-10 09:13:58,905 autoreload File /usr/local/lib/python3.9/site-packages/django/templatetags/cache.py first seen with mtime 1720597118.427671
DEBUG 2024-07-10 09:13:58,906 autoreload File /usr/local/lib/python3.9/email/generator.py first seen with mtime 1719959277.0
DEBUG 2024-07-10 09:13:58,906 autoreload File /usr/local/lib/python3.9/site-packages/charset_normalizer/version.py first seen with mtime 1720597114.054671
DEBUG 2024-07-10 09:13:58,907 autoreload File /usr/local/lib/python3.9/site-packages/rest_framework/utils/json.py first seen with mtime 1720597119.236671
DEBUG 2024-07-10 09:13:58,907 autoreload File /usr/local/lib/python3.9/site-packages/rest_framework_simplejwt/utils.py first seen with mtime 1720597120.163671
DEBUG 2024-07-10 09:13:58,908 autoreload File /usr/local/lib/python3.9/site-packages/coreapi/compat.py first seen with mtime 1720597119.3266711
DEBUG 2024-07-10 09:13:58,908 autoreload File /usr/local/lib/python3.9/site-packages/yaml/parser.py first seen with mtime 1720597112.289671
DEBUG 2024-07-10 09:13:58,909 autoreload File /usr/local/lib/python3.9/site-packages/yaml/_yaml.cpython-39-aarch64-linux-gnu.so first seen with mtime 1720597112.287671
DEBUG 2024-07-10 09:13:58,910 autoreload File /usr/local/lib/python3.9/site-packages/MySQLdb/release.py first seen with mtime 1720597113.906671
DEBUG 2024-07-10 09:13:58,910 autoreload File /usr/local/lib/python3.9/site-packages/pkg_resources/_vendor/packaging/markers.py first seen with mtime 1719989270.0
DEBUG 2024-07-10 09:13:58,911 autoreload File /usr/local/lib/python3.9/site-packages/MySQLdb/_exceptions.py first seen with mtime 1720597113.903671
DEBUG 2024-07-10 09:13:58,914 autoreload File /usr/local/lib/python3.9/site-packages/django/db/backends/base/introspection.py first seen with mtime 1720597118.398671
DEBUG 2024-07-10 09:13:58,914 autoreload File /usr/local/lib/python3.9/site-packages/idna/__init__.py first seen with mtime 1720597113.931671
DEBUG 2024-07-10 09:13:58,915 autoreload File /usr/local/lib/python3.9/site-packages/django/db/models/base.py first seen with mtime 1720597118.406671
DEBUG 2024-07-10 09:13:58,915 autoreload File /usr/local/lib/python3.9/site-packages/django/db/models/fields/json.py first seen with mtime 1720597118.410671
DEBUG 2024-07-10 09:13:58,916 autoreload File /usr/local/lib/python3.9/site-packages/jinja2/lexer.py first seen with mtime 1720597114.191671
DEBUG 2024-07-10 09:13:58,916 autoreload File /usr/local/lib/python3.9/site-packages/django/core/handlers/exception.py first seen with mtime 1720597118.390671
DEBUG 2024-07-10 09:13:58,917 autoreload File /usr/local/lib/python3.9/asyncio/format_helpers.py first seen with mtime 1719959277.0
DEBUG 2024-07-10 09:13:58,917 autoreload File /usr/local/lib/python3.9/site-packages/drf_yasg/inspectors/base.py first seen with mtime 1720597120.055671
DEBUG 2024-07-10 09:13:58,918 autoreload File /usr/local/lib/python3.9/site-packages/yaml/loader.py first seen with mtime 1720597112.288671
DEBUG 2024-07-10 09:13:58,918 autoreload File /usr/local/lib/python3.9/site-packages/django/contrib/auth/management/__init__.py first seen with mtime 1720597118.201671
DEBUG 2024-07-10 09:13:58,918 autoreload File /usr/local/lib/python3.9/quopri.py first seen with mtime 1719959275.0
DEBUG 2024-07-10 09:13:58,919 autoreload File /usr/local/lib/python3.9/site-packages/pytz/exceptions.py first seen with mtime 1720597111.984671
DEBUG 2024-07-10 09:13:58,920 autoreload File /usr/local/lib/python3.9/site-packages/django/db/models/__init__.py first seen with mtime 1720597118.406671
DEBUG 2024-07-10 09:13:58,920 autoreload File /usr/local/lib/python3.9/site-packages/django/contrib/auth/admin.py first seen with mtime 1720597118.173671
DEBUG 2024-07-10 09:13:58,921 autoreload File /usr/local/lib/python3.9/site-packages/django/utils/cache.py first seen with mtime 1720597118.431671
DEBUG 2024-07-10 09:13:58,921 autoreload File /usr/local/lib/python3.9/site-packages/drf_yasg/inspectors/__init__.py first seen with mtime 1720597120.055671
DEBUG 2024-07-10 09:13:58,922 autoreload File /usr/local/lib/python3.9/site-packages/django/contrib/admin/apps.py first seen with mtime 1720597118.066671
DEBUG 2024-07-10 09:13:58,922 autoreload File /usr/local/lib/python3.9/urllib/response.py first seen with mtime 1719959277.0
DEBUG 2024-07-10 09:13:58,923 autoreload File /usr/local/lib/python3.9/lib-dynload/zlib.cpython-39-aarch64-linux-gnu.so first seen with mtime 1719959268.0
DEBUG 2024-07-10 09:13:58,923 autoreload File /usr/local/lib/python3.9/site-packages/django/core/handlers/base.py first seen with mtime 1720597118.390671
DEBUG 2024-07-10 09:13:58,924 autoreload File /usr/local/lib/python3.9/heapq.py first seen with mtime 1719959275.0
DEBUG 2024-07-10 09:13:58,925 autoreload File /usr/local/lib/python3.9/site-packages/rest_framework/validators.py first seen with mtime 1720597119.205671
DEBUG 2024-07-10 09:13:58,925 autoreload File /usr/local/lib/python3.9/site-packages/MySQLdb/constants/FLAG.py first seen with mtime 1720597113.906671
DEBUG 2024-07-10 09:13:58,926 autoreload File /usr/local/lib/python3.9/copyreg.py first seen with mtime 1719959275.0
DEBUG 2024-07-10 09:13:58,926 autoreload File /usr/local/lib/python3.9/keyword.py first seen with mtime 1719959275.0
DEBUG 2024-07-10 09:13:58,927 autoreload File /usr/local/lib/python3.9/site-packages/django/core/handlers/__init__.py first seen with mtime 1720597118.390671
DEBUG 2024-07-10 09:13:58,927 autoreload File /usr/local/lib/python3.9/site-packages/django/contrib/staticfiles/management/__init__.py first seen with mtime 1720597118.385671
DEBUG 2024-07-10 09:13:58,928 autoreload File /usr/local/lib/python3.9/site-packages/asgiref/current_thread_executor.py first seen with mtime 1720597114.313671
DEBUG 2024-07-10 09:13:58,928 autoreload File /usr/local/lib/python3.9/site-packages/sqlparse/utils.py first seen with mtime 1720597112.218671
DEBUG 2024-07-10 09:13:58,929 autoreload File /usr/local/lib/python3.9/site-packages/coreschema/utils.py first seen with mtime 1720597119.181671
DEBUG 2024-07-10 09:13:58,929 autoreload File /usr/local/lib/python3.9/site-packages/django/db/backends/base/features.py first seen with mtime 1720597118.397671
DEBUG 2024-07-10 09:13:58,930 autoreload File /usr/local/lib/python3.9/_bootlocale.py first seen with mtime 1719959275.0
DEBUG 2024-07-10 09:13:58,930 autoreload File /usr/local/lib/python3.9/site-packages/django/contrib/contenttypes/models.py first seen with mtime 1720597118.204671
DEBUG 2024-07-10 09:13:58,931 autoreload File /usr/local/lib/python3.9/site-packages/django/core/files/base.py first seen with mtime 1720597118.389671
DEBUG 2024-07-10 09:13:58,931 autoreload File /usr/local/lib/python3.9/site-packages/yaml/tokens.py first seen with mtime 1720597112.288671
DEBUG 2024-07-10 09:13:58,932 autoreload File /usr/local/lib/python3.9/site-packages/django/contrib/admindocs/__init__.py first seen with mtime 1720597118.148671
DEBUG 2024-07-10 09:13:58,932 autoreload File /usr/local/lib/python3.9/site-packages/django/contrib/auth/hashers.py first seen with mtime 1720597118.174671
DEBUG 2024-07-10 09:13:58,933 autoreload File /usr/local/lib/python3.9/site-packages/django/db/backends/base/__init__.py first seen with mtime 1720597118.397671
DEBUG 2024-07-10 09:13:58,934 autoreload File /usr/local/lib/python3.9/site-packages/django/template/exceptions.py first seen with mtime 1720597118.425671
DEBUG 2024-07-10 09:13:58,934 autoreload File /usr/local/lib/python3.9/site-packages/yaml/composer.py first seen with mtime 1720597112.289671
DEBUG 2024-07-10 09:13:58,935 autoreload File /usr/local/lib/python3.9/site-packages/requests/exceptions.py first seen with mtime 1720597114.121671
DEBUG 2024-07-10 09:13:58,935 autoreload File /usr/local/lib/python3.9/site-packages/environ/environ.py first seen with mtime 1720597114.042671
DEBUG 2024-07-10 09:13:58,936 autoreload File /usr/local/lib/python3.9/site-packages/django/views/decorators/csrf.py first seen with mtime 1720597118.436671
DEBUG 2024-07-10 09:13:58,937 autoreload File /usr/local/lib/python3.9/numbers.py first seen with mtime 1719959275.0
DEBUG 2024-07-10 09:13:58,938 autoreload File /usr/local/lib/python3.9/site-packages/yaml/representer.py first seen with mtime 1720597112.288671
DEBUG 2024-07-10 09:13:58,938 autoreload File /usr/local/lib/python3.9/site-packages/rest_framework/generics.py first seen with mtime 1720597119.203671
DEBUG 2024-07-10 09:13:58,939 autoreload File /usr/local/lib/python3.9/site-packages/django/http/__init__.py first seen with mtime 1720597118.422671
DEBUG 2024-07-10 09:13:58,940 autoreload File /usr/local/lib/python3.9/site-packages/jinja2/_identifier.py first seen with mtime 1720597114.189671
DEBUG 2024-07-10 09:13:58,941 autoreload File /usr/local/lib/python3.9/_sysconfigdata__linux_aarch64-linux-gnu.py first seen with mtime 1719959277.0
DEBUG 2024-07-10 09:13:58,941 autoreload File /usr/local/lib/python3.9/site-packages/django/db/models/fields/related.py first seen with mtime 1720597118.410671
DEBUG 2024-07-10 09:13:58,942 autoreload File /usr/local/lib/python3.9/site-packages/django/views/generic/detail.py first seen with mtime 1720597118.437671
DEBUG 2024-07-10 09:13:58,942 autoreload File /usr/local/lib/python3.9/site-packages/rest_framework/reverse.py first seen with mtime 1720597119.204671
DEBUG 2024-07-10 09:13:58,943 autoreload File /usr/local/lib/python3.9/site-packages/django/db/migrations/__init__.py first seen with mtime 1720597118.403671
DEBUG 2024-07-10 09:13:58,944 autoreload File /usr/local/lib/python3.9/site-packages/django/core/checks/compatibility/__init__.py first seen with mtime 1720597118.388671
DEBUG 2024-07-10 09:13:58,944 autoreload File /usr/local/lib/python3.9/site-packages/django/utils/deprecation.py first seen with mtime 1720597118.432671
DEBUG 2024-07-10 09:13:58,945 autoreload File /usr/local/lib/python3.9/site-packages/django/test/signals.py first seen with mtime 1720597118.429671
DEBUG 2024-07-10 09:13:58,945 autoreload File /usr/local/lib/python3.9/site-packages/django/utils/functional.py first seen with mtime 1720597118.432671
DEBUG 2024-07-10 09:13:58,946 autoreload File /usr/local/lib/python3.9/site-packages/drf_yasg/utils.py first seen with mtime 1720597120.054671
DEBUG 2024-07-10 09:13:58,947 autoreload File /usr/local/lib/python3.9/site-packages/django/contrib/auth/tokens.py first seen with mtime 1720597118.175671
DEBUG 2024-07-10 09:13:58,947 autoreload File /usr/local/lib/python3.9/site-packages/rest_framework_simplejwt/token_blacklist/__init__.py first seen with mtime 1720597120.168671
DEBUG 2024-07-10 09:13:58,949 autoreload File /usr/local/lib/python3.9/site-packages/django/conf/global_settings.py first seen with mtime 1720597118.009671
DEBUG 2024-07-10 09:13:58,949 autoreload File /usr/local/lib/python3.9/site-packages/django/template/loaders/cached.py first seen with mtime 1720597118.427671
DEBUG 2024-07-10 09:13:58,950 autoreload File /usr/local/lib/python3.9/urllib/request.py first seen with mtime 1719959277.0
DEBUG 2024-07-10 09:13:58,950 autoreload File /usr/local/lib/python3.9/site-packages/coreapi/__init__.py first seen with mtime 1720597119.3266711
DEBUG 2024-07-10 09:13:58,951 autoreload File /usr/local/lib/python3.9/site-packages/django/contrib/admin/templatetags/admin_urls.py first seen with mtime 1720597118.147671
DEBUG 2024-07-10 09:13:58,952 autoreload File /usr/local/lib/python3.9/operator.py first seen with mtime 1719959275.0
DEBUG 2024-07-10 09:13:58,952 autoreload File /usr/local/lib/python3.9/unittest/case.py first seen with mtime 1719959277.0
DEBUG 2024-07-10 09:13:58,953 autoreload File /usr/local/lib/python3.9/site-packages/rest_framework/utils/__init__.py first seen with mtime 1720597119.235671
DEBUG 2024-07-10 09:13:58,954 autoreload File /usr/local/lib/python3.9/site-packages/charset_normalizer/utils.py first seen with mtime 1720597114.054671
DEBUG 2024-07-10 09:13:58,954 autoreload File /usr/local/lib/python3.9/lib-dynload/_bz2.cpython-39-aarch64-linux-gnu.so first seen with mtime 1719959268.0
DEBUG 2024-07-10 09:13:58,955 autoreload File /usr/local/lib/python3.9/site-packages/django/core/wsgi.py first seen with mtime 1720597118.386671
DEBUG 2024-07-10 09:13:58,955 autoreload File /usr/local/lib/python3.9/site-packages/django/core/files/uploadhandler.py first seen with mtime 1720597118.389671
DEBUG 2024-07-10 09:13:58,956 autoreload File /usr/local/lib/python3.9/site-packages/requests/certs.py first seen with mtime 1720597114.121671
DEBUG 2024-07-10 09:13:58,957 autoreload File /usr/local/lib/python3.9/site-packages/django/contrib/messages/__init__.py first seen with mtime 1720597118.302671
DEBUG 2024-07-10 09:13:58,957 autoreload File /usr/local/lib/python3.9/site-packages/django/core/files/images.py first seen with mtime 1720597118.389671
DEBUG 2024-07-10 09:13:58,958 autoreload File /usr/local/lib/python3.9/site-packages/django/db/models/functions/math.py first seen with mtime 1720597118.411671
DEBUG 2024-07-10 09:13:58,958 autoreload File /usr/local/lib/python3.9/_compression.py first seen with mtime 1719959275.0
DEBUG 2024-07-10 09:13:58,959 autoreload File /usr/local/lib/python3.9/types.py first seen with mtime 1719959275.0
DEBUG 2024-07-10 09:13:58,959 autoreload File /usr/local/lib/python3.9/site-packages/django/utils/asyncio.py first seen with mtime 1720597118.430671
DEBUG 2024-07-10 09:13:58,960 autoreload File /usr/local/lib/python3.9/wsgiref/simple_server.py first seen with mtime 1719959277.0
DEBUG 2024-07-10 09:13:58,961 autoreload File /usr/local/lib/python3.9/site-packages/django/core/paginator.py first seen with mtime 1720597118.386671
DEBUG 2024-07-10 09:13:58,962 autoreload File /usr/local/lib/python3.9/site-packages/django/db/models/fields/__init__.py first seen with mtime 1720597118.409671
DEBUG 2024-07-10 09:13:58,962 autoreload File /usr/local/lib/python3.9/site-packages/coreapi/transports/__init__.py first seen with mtime 1720597119.328671
DEBUG 2024-07-10 09:13:58,963 autoreload File /usr/local/lib/python3.9/site-packages/django/template/autoreload.py first seen with mtime 1720597118.424671
DEBUG 2024-07-10 09:13:58,963 autoreload File /usr/local/lib/python3.9/importlib/machinery.py first seen with mtime 1719959276.0
DEBUG 2024-07-10 09:13:58,964 autoreload File /usr/local/lib/python3.9/site-packages/django/contrib/admin/actions.py first seen with mtime 1720597118.066671
DEBUG 2024-07-10 09:13:58,965 autoreload File /usr/local/lib/python3.9/site-packages/django/utils/translation/__init__.py first seen with mtime 1720597118.435671
DEBUG 2024-07-10 09:13:58,967 autoreload File /usr/local/lib/python3.9/site-packages/requests/packages.py first seen with mtime 1720597114.122671
DEBUG 2024-07-10 09:13:58,967 autoreload File /usr/local/lib/python3.9/site-packages/django/template/utils.py first seen with mtime 1720597118.426671
DEBUG 2024-07-10 09:13:58,968 autoreload File /usr/local/lib/python3.9/site-packages/django/contrib/auth/base_user.py first seen with mtime 1720597118.173671
DEBUG 2024-07-10 09:13:58,968 autoreload File /usr/local/lib/python3.9/site-packages/django/templatetags/static.py first seen with mtime 1720597118.427671
DEBUG 2024-07-10 09:13:58,969 autoreload File /usr/local/lib/python3.9/site-packages/requests/utils.py first seen with mtime 1720597114.122671
DEBUG 2024-07-10 09:13:58,970 autoreload File /usr/local/lib/python3.9/asyncio/events.py first seen with mtime 1719959277.0
DEBUG 2024-07-10 09:13:58,970 autoreload File /usr/local/lib/python3.9/site-packages/urllib3/poolmanager.py first seen with mtime 1720597112.084671
DEBUG 2024-07-10 09:13:58,971 autoreload File /usr/local/lib/python3.9/site-packages/urllib3/util/proxy.py first seen with mtime 1720597112.086671
DEBUG 2024-07-10 09:13:58,971 autoreload File /usr/local/lib/python3.9/site-packages/rest_framework/utils/timezone.py first seen with mtime 1720597119.236671
DEBUG 2024-07-10 09:13:58,972 autoreload File /usr/local/lib/python3.9/site-packages/django/views/generic/edit.py first seen with mtime 1720597118.437671
DEBUG 2024-07-10 09:13:58,972 autoreload File /usr/local/lib/python3.9/site-packages/requests/status_codes.py first seen with mtime 1720597114.122671
DEBUG 2024-07-10 09:13:58,973 autoreload File /usr/local/lib/python3.9/site-packages/django/core/files/storage/handler.py first seen with mtime 1720597118.390671
DEBUG 2024-07-10 09:13:58,973 autoreload File /usr/local/lib/python3.9/site-packages/django/template/smartif.py first seen with mtime 1720597118.426671
DEBUG 2024-07-10 09:13:58,974 autoreload File /usr/local/lib/python3.9/site-packages/django/utils/_os.py first seen with mtime 1720597118.430671
DEBUG 2024-07-10 09:13:58,974 autoreload File /usr/local/lib/python3.9/site-packages/django/db/models/sql/where.py first seen with mtime 1720597118.413671
DEBUG 2024-07-10 09:13:58,975 autoreload File /usr/local/lib/python3.9/lib-dynload/grp.cpython-39-aarch64-linux-gnu.so first seen with mtime 1719959265.0
DEBUG 2024-07-10 09:13:58,976 autoreload File /usr/local/lib/python3.9/queue.py first seen with mtime 1719959275.0
DEBUG 2024-07-10 09:13:58,976 autoreload File /usr/local/lib/python3.9/site-packages/sqlparse/engine/__init__.py first seen with mtime 1720597112.218671
DEBUG 2024-07-10 09:13:58,977 autoreload File /usr/local/lib/python3.9/site-packages/django/core/files/uploadedfile.py first seen with mtime 1720597118.389671
DEBUG 2024-07-10 09:13:58,978 autoreload File /usr/local/lib/python3.9/site-packages/django/utils/log.py first seen with mtime 1720597118.433671
DEBUG 2024-07-10 09:13:58,978 autoreload File /usr/local/lib/python3.9/stringprep.py first seen with mtime 1719959275.0
DEBUG 2024-07-10 09:13:58,979 autoreload File /usr/local/lib/python3.9/lib-dynload/_pickle.cpython-39-aarch64-linux-gnu.so first seen with mtime 1719959266.0
DEBUG 2024-07-10 09:13:58,979 autoreload File /usr/local/lib/python3.9/site-packages/charset_normalizer/models.py first seen with mtime 1720597114.054671
DEBUG 2024-07-10 09:13:58,980 autoreload File /usr/local/lib/python3.9/site-packages/django/db/migrations/exceptions.py first seen with mtime 1720597118.404671
DEBUG 2024-07-10 09:13:58,981 autoreload File /usr/local/lib/python3.9/email/_parseaddr.py first seen with mtime 1719959277.0
DEBUG 2024-07-10 09:13:58,981 autoreload File /usr/local/lib/python3.9/site-packages/coreschema/compat.py first seen with mtime 1720597119.180671
DEBUG 2024-07-10 09:13:58,982 autoreload File /usr/local/lib/python3.9/site-packages/django/core/management/sql.py first seen with mtime 1720597118.392671
DEBUG 2024-07-10 09:13:58,984 autoreload File /usr/local/lib/python3.9/site-packages/jinja2/async_utils.py first seen with mtime 1720597114.189671
DEBUG 2024-07-10 09:13:58,984 autoreload File /usr/local/lib/python3.9/site-packages/rest_framework/schemas/openapi.py first seen with mtime 1720597119.217671
DEBUG 2024-07-10 09:13:58,985 autoreload File /usr/local/lib/python3.9/http/server.py first seen with mtime 1719959277.0
DEBUG 2024-07-10 09:13:58,986 autoreload File /usr/local/lib/python3.9/site-packages/django/contrib/auth/checks.py first seen with mtime 1720597118.173671
DEBUG 2024-07-10 09:13:58,986 autoreload File /usr/local/lib/python3.9/lib-dynload/_json.cpython-39-aarch64-linux-gnu.so first seen with mtime 1719959266.0
DEBUG 2024-07-10 09:13:58,987 autoreload File /usr/local/lib/python3.9/asyncio/coroutines.py first seen with mtime 1719959277.0
DEBUG 2024-07-10 09:13:58,987 autoreload File /usr/local/lib/python3.9/site-packages/django/contrib/staticfiles/finders.py first seen with mtime 1720597118.384671
DEBUG 2024-07-10 09:13:58,988 autoreload File /usr/local/lib/python3.9/site-packages/coreapi/exceptions.py first seen with mtime 1720597119.327671
DEBUG 2024-07-10 09:13:58,988 autoreload File /usr/local/lib/python3.9/lib-dynload/_csv.cpython-39-aarch64-linux-gnu.so first seen with mtime 1719959266.0
DEBUG 2024-07-10 09:13:58,989 autoreload File /usr/local/lib/python3.9/site-packages/django/db/transaction.py first seen with mtime 1720597118.396671
DEBUG 2024-07-10 09:13:58,989 autoreload File /usr/local/lib/python3.9/email/mime/multipart.py first seen with mtime 1719959277.0
DEBUG 2024-07-10 09:13:58,990 autoreload File /usr/local/lib/python3.9/site-packages/rest_framework/fields.py first seen with mtime 1720597119.202671
DEBUG 2024-07-10 09:13:58,990 autoreload File /usr/local/lib/python3.9/site-packages/rest_framework/renderers.py first seen with mtime 1720597119.204671
DEBUG 2024-07-10 09:13:58,991 autoreload File /usr/local/lib/python3.9/concurrent/futures/__init__.py first seen with mtime 1719959277.0
DEBUG 2024-07-10 09:13:58,992 autoreload File /usr/local/lib/python3.9/site-packages/django/db/models/functions/comparison.py first seen with mtime 1720597118.411671
DEBUG 2024-07-10 09:13:58,992 autoreload File /usr/local/lib/python3.9/site-packages/requests/models.py first seen with mtime 1720597114.122671
DEBUG 2024-07-10 09:13:58,993 autoreload File /usr/local/lib/python3.9/site-packages/yaml/serializer.py first seen with mtime 1720597112.289671
DEBUG 2024-07-10 09:13:58,994 autoreload File /usr/local/lib/python3.9/site-packages/socks.py first seen with mtime 1720597112.330671
DEBUG 2024-07-10 09:13:58,995 autoreload File /usr/local/lib/python3.9/asyncio/base_subprocess.py first seen with mtime 1719959277.0
DEBUG 2024-07-10 09:13:58,995 autoreload File /usr/local/lib/python3.9/sre_compile.py first seen with mtime 1719959275.0
DEBUG 2024-07-10 09:13:58,996 autoreload File /usr/local/lib/python3.9/xml/dom/minidom.py first seen with mtime 1719959277.0
DEBUG 2024-07-10 09:13:58,996 autoreload File /usr/local/lib/python3.9/lib-dynload/fcntl.cpython-39-aarch64-linux-gnu.so first seen with mtime 1719959266.0
DEBUG 2024-07-10 09:13:58,997 autoreload File /usr/local/lib/python3.9/asyncio/__init__.py first seen with mtime 1719959277.0
DEBUG 2024-07-10 09:13:58,998 autoreload File /usr/local/lib/python3.9/_collections_abc.py first seen with mtime 1719959275.0
DEBUG 2024-07-10 09:13:58,999 autoreload File /usr/local/lib/python3.9/site-packages/django/db/backends/mysql/base.py first seen with mtime 1720597118.399671
DEBUG 2024-07-10 09:13:58,999 autoreload File /usr/local/lib/python3.9/functools.py first seen with mtime 1719959275.0
DEBUG 2024-07-10 09:13:59,000 autoreload File /usr/local/lib/python3.9/site-packages/rest_framework/negotiation.py first seen with mtime 1720597119.203671
DEBUG 2024-07-10 09:13:59,001 autoreload File /app/apps/users/models.py first seen with mtime 1720542273.510298
DEBUG 2024-07-10 09:13:59,001 autoreload File /usr/local/lib/python3.9/xml/dom/domreg.py first seen with mtime 1719959277.0
DEBUG 2024-07-10 09:13:59,002 autoreload File /usr/local/lib/python3.9/zoneinfo/__init__.py first seen with mtime 1719959277.0
DEBUG 2024-07-10 09:13:59,003 autoreload File /usr/local/lib/python3.9/site-packages/django/db/backends/mysql/__init__.py first seen with mtime 1720597118.399671
DEBUG 2024-07-10 09:13:59,004 autoreload File /usr/local/lib/python3.9/site-packages/rest_framework_simplejwt/__init__.py first seen with mtime 1720597120.162671
DEBUG 2024-07-10 09:13:59,006 autoreload File /usr/local/lib/python3.9/genericpath.py first seen with mtime 1719959275.0
DEBUG 2024-07-10 09:13:59,007 autoreload File /usr/local/lib/python3.9/subprocess.py first seen with mtime 1719959275.0
DEBUG 2024-07-10 09:13:59,008 autoreload File /usr/local/lib/python3.9/asyncio/sslproto.py first seen with mtime 1719959277.0
DEBUG 2024-07-10 09:13:59,010 autoreload File /usr/local/lib/python3.9/site-packages/charset_normalizer/constant.py first seen with mtime 1720597114.051671
DEBUG 2024-07-10 09:13:59,010 autoreload File /usr/local/lib/python3.9/zoneinfo/_common.py first seen with mtime 1719959277.0
DEBUG 2024-07-10 09:13:59,011 autoreload File /usr/local/lib/python3.9/site-packages/django/db/backends/mysql/operations.py first seen with mtime 1720597118.399671
DEBUG 2024-07-10 09:13:59,013 autoreload File /usr/local/lib/python3.9/site-packages/MySQLdb/times.py first seen with mtime 1720597113.906671
DEBUG 2024-07-10 09:13:59,015 autoreload File /usr/local/lib/python3.9/site-packages/django/core/checks/security/csrf.py first seen with mtime 1720597118.389671
DEBUG 2024-07-10 09:13:59,016 autoreload File /usr/local/lib/python3.9/json/decoder.py first seen with mtime 1719959277.0
DEBUG 2024-07-10 09:13:59,017 autoreload File /usr/local/lib/python3.9/site-packages/drf_yasg/renderers.py first seen with mtime 1720597120.054671
DEBUG 2024-07-10 09:13:59,017 autoreload File /usr/local/lib/python3.9/uuid.py first seen with mtime 1719959275.0
DEBUG 2024-07-10 09:13:59,020 autoreload File /usr/local/lib/python3.9/site-packages/urllib3/contrib/socks.py first seen with mtime 1720597112.085671
DEBUG 2024-07-10 09:13:59,023 autoreload File /usr/local/lib/python3.9/site-packages/django/contrib/sites/requests.py first seen with mtime 1720597118.364671
DEBUG 2024-07-10 09:13:59,024 autoreload File /usr/local/lib/python3.9/site-packages/django/views/generic/dates.py first seen with mtime 1720597118.437671
DEBUG 2024-07-10 09:13:59,025 autoreload File /usr/local/lib/python3.9/ssl.py first seen with mtime 1719959275.0
DEBUG 2024-07-10 09:13:59,026 autoreload File /usr/local/lib/python3.9/site-packages/django/urls/__init__.py first seen with mtime 1720597118.429671
DEBUG 2024-07-10 09:13:59,027 autoreload File /usr/local/lib/python3.9/site-packages/django/utils/itercompat.py first seen with mtime 1720597118.433671
DEBUG 2024-07-10 09:13:59,028 autoreload File /usr/local/lib/python3.9/unittest/result.py first seen with mtime 1719959277.0
DEBUG 2024-07-10 09:13:59,031 autoreload File /usr/local/lib/python3.9/site-packages/MySQLdb/constants/FIELD_TYPE.py first seen with mtime 1720597113.906671
DEBUG 2024-07-10 09:13:59,033 autoreload File /usr/local/lib/python3.9/urllib/error.py first seen with mtime 1719959277.0
DEBUG 2024-07-10 09:13:59,033 autoreload File /usr/local/lib/python3.9/site-packages/inflection/__init__.py first seen with mtime 1720597113.926671
DEBUG 2024-07-10 09:13:59,034 autoreload File /app/apps/entry/urls.py first seen with mtime 1720512557.4511504
DEBUG 2024-07-10 09:13:59,035 autoreload File /usr/local/lib/python3.9/site-packages/django/db/migrations/utils.py first seen with mtime 1720597118.4056711
DEBUG 2024-07-10 09:13:59,037 autoreload File /usr/local/lib/python3.9/site-packages/django/core/files/storage/base.py first seen with mtime 1720597118.390671
DEBUG 2024-07-10 09:13:59,038 autoreload File /usr/local/lib/python3.9/site-packages/jinja2/runtime.py first seen with mtime 1720597114.192671
DEBUG 2024-07-10 09:13:59,038 autoreload File /usr/local/lib/python3.9/site-packages/django/views/decorators/common.py first seen with mtime 1720597118.436671
DEBUG 2024-07-10 09:13:59,039 autoreload File /usr/local/lib/python3.9/re.py first seen with mtime 1719959275.0
DEBUG 2024-07-10 09:13:59,040 autoreload File /usr/local/lib/python3.9/sysconfig.py first seen with mtime 1719959275.0
DEBUG 2024-07-10 09:13:59,040 autoreload File /usr/local/lib/python3.9/site-packages/django/contrib/admin/templatetags/base.py first seen with mtime 1720597118.147671
DEBUG 2024-07-10 09:13:59,041 autoreload File /usr/local/lib/python3.9/site-packages/coreschema/encodings/__init__.py first seen with mtime 1720597119.181671
DEBUG 2024-07-10 09:13:59,042 autoreload File /usr/local/lib/python3.9/site-packages/django/core/files/storage/__init__.py first seen with mtime 1720597118.390671
DEBUG 2024-07-10 09:13:59,042 autoreload File /usr/local/lib/python3.9/json/__init__.py first seen with mtime 1719959277.0
DEBUG 2024-07-10 09:13:59,043 autoreload File /usr/local/lib/python3.9/site-packages/sqlparse/__init__.py first seen with mtime 1720597112.217671
DEBUG 2024-07-10 09:13:59,044 autoreload File /usr/local/lib/python3.9/site-packages/uritemplate/variable.py first seen with mtime 1720597112.132671
DEBUG 2024-07-10 09:13:59,045 autoreload File /usr/local/lib/python3.9/site-packages/coreschema/__init__.py first seen with mtime 1720597119.180671
DEBUG 2024-07-10 09:13:59,046 autoreload File /usr/local/lib/python3.9/site-packages/django/core/files/locks.py first seen with mtime 1720597118.389671
DEBUG 2024-07-10 09:13:59,046 autoreload File /usr/local/lib/python3.9/site-packages/django/contrib/admin/templatetags/__init__.py first seen with mtime 1720597118.146671
DEBUG 2024-07-10 09:13:59,047 autoreload File /usr/local/lib/python3.9/site-packages/django/utils/ipv6.py first seen with mtime 1720597118.433671
DEBUG 2024-07-10 09:13:59,048 autoreload File /usr/local/lib/python3.9/site-packages/django/views/decorators/cache.py first seen with mtime 1720597118.436671
DEBUG 2024-07-10 09:13:59,048 autoreload File /usr/local/lib/python3.9/site-packages/requests/structures.py first seen with mtime 1720597114.122671
DEBUG 2024-07-10 09:13:59,049 autoreload File /usr/local/lib/python3.9/site-packages/rest_framework/settings.py first seen with mtime 1720597119.205671
DEBUG 2024-07-10 09:13:59,050 autoreload File /usr/local/lib/python3.9/unittest/__init__.py first seen with mtime 1719959277.0
DEBUG 2024-07-10 09:13:59,050 autoreload File /usr/local/lib/python3.9/site-packages/django/utils/encoding.py first seen with mtime 1720597118.432671
DEBUG 2024-07-10 09:13:59,051 autoreload File /usr/local/lib/python3.9/site-packages/drf_yasg/codecs.py first seen with mtime 1720597120.0536711
DEBUG 2024-07-10 09:13:59,051 autoreload File /usr/local/lib/python3.9/site-packages/django/contrib/postgres/forms/hstore.py first seen with mtime 1720597118.305671
DEBUG 2024-07-10 09:13:59,052 autoreload File /usr/local/lib/python3.9/site-packages/packaging/__init__.py first seen with mtime 1720597112.353671
DEBUG 2024-07-10 09:13:59,053 autoreload File /usr/local/lib/python3.9/email/encoders.py first seen with mtime 1719959277.0
DEBUG 2024-07-10 09:13:59,053 autoreload File /usr/local/lib/python3.9/site-packages/django/forms/formsets.py first seen with mtime 1720597118.414671
DEBUG 2024-07-10 09:13:59,054 autoreload File /usr/local/lib/python3.9/site-packages/idna/intranges.py first seen with mtime 1720597113.932671
DEBUG 2024-07-10 09:13:59,054 autoreload File /usr/local/lib/python3.9/site-packages/django/contrib/messages/utils.py first seen with mtime 1720597118.302671
DEBUG 2024-07-10 09:13:59,055 autoreload File /usr/local/lib/python3.9/site-packages/django/utils/version.py first seen with mtime 1720597118.435671
DEBUG 2024-07-10 09:13:59,056 autoreload File /usr/local/lib/python3.9/http/cookiejar.py first seen with mtime 1719959277.0
DEBUG 2024-07-10 09:13:59,056 autoreload File /usr/local/lib/python3.9/logging/__init__.py first seen with mtime 1719959277.0
DEBUG 2024-07-10 09:13:59,057 autoreload File /usr/local/lib/python3.9/site-packages/sqlparse/formatter.py first seen with mtime 1720597112.218671
DEBUG 2024-07-10 09:13:59,058 autoreload File /usr/local/lib/python3.9/textwrap.py first seen with mtime 1719959275.0
DEBUG 2024-07-10 09:13:59,058 autoreload File /usr/local/lib/python3.9/asyncio/exceptions.py first seen with mtime 1719959277.0
DEBUG 2024-07-10 09:13:59,059 autoreload File /usr/local/lib/python3.9/site-packages/charset_normalizer/cd.py first seen with mtime 1720597114.054671
DEBUG 2024-07-10 09:13:59,060 autoreload File /usr/local/lib/python3.9/site-packages/jinja2/visitor.py first seen with mtime 1720597114.193671
DEBUG 2024-07-10 09:13:59,061 autoreload File /app/manage.py first seen with mtime 1720164569.09217
DEBUG 2024-07-10 09:13:59,062 autoreload File /usr/local/lib/python3.9/site-packages/django/db/models/aggregates.py first seen with mtime 1720597118.406671
DEBUG 2024-07-10 09:13:59,062 autoreload File /usr/local/lib/python3.9/site-packages/drf_yasg/__init__.py first seen with mtime 1720597120.0536711
DEBUG 2024-07-10 09:13:59,063 autoreload File /usr/local/lib/python3.9/selectors.py first seen with mtime 1719959275.0
DEBUG 2024-07-10 09:13:59,064 autoreload File /usr/local/lib/python3.9/site-packages/rest_framework/checks.py first seen with mtime 1720597119.2016711
DEBUG 2024-07-10 09:13:59,065 autoreload File /usr/local/lib/python3.9/struct.py first seen with mtime 1719959275.0
DEBUG 2024-07-10 09:13:59,065 autoreload File /usr/local/lib/python3.9/site-packages/django/contrib/postgres/lookups.py first seen with mtime 1720597118.3036711
DEBUG 2024-07-10 09:13:59,066 autoreload File /usr/local/lib/python3.9/site-packages/pkg_resources/_vendor/packaging/__about__.py first seen with mtime 1719989270.0
DEBUG 2024-07-10 09:13:59,067 autoreload File /usr/local/lib/python3.9/site-packages/rest_framework_simplejwt/exceptions.py first seen with mtime 1720597120.162671
DEBUG 2024-07-10 09:13:59,067 autoreload File /usr/local/lib/python3.9/site-packages/django/core/files/storage/memory.py first seen with mtime 1720597118.390671
DEBUG 2024-07-10 09:13:59,068 autoreload File /usr/local/lib/python3.9/io.py first seen with mtime 1719959275.0
DEBUG 2024-07-10 09:13:59,069 autoreload File /usr/local/lib/python3.9/site-packages/rest_framework/views.py first seen with mtime 1720597119.206671
DEBUG 2024-07-10 09:13:59,070 autoreload File /usr/local/lib/python3.9/http/__init__.py first seen with mtime 1719959277.0
DEBUG 2024-07-10 09:13:59,070 autoreload File /usr/local/lib/python3.9/site-packages/rest_framework/utils/urls.py first seen with mtime 1720597119.236671
DEBUG 2024-07-10 09:13:59,071 autoreload File /usr/local/lib/python3.9/lib-dynload/_socket.cpython-39-aarch64-linux-gnu.so first seen with mtime 1719959268.0
DEBUG 2024-07-10 09:13:59,071 autoreload File /usr/local/lib/python3.9/site-packages/certifi/core.py first seen with mtime 1720597114.078671
DEBUG 2024-07-10 09:13:59,072 autoreload File /usr/local/lib/python3.9/site-packages/charset_normalizer/__init__.py first seen with mtime 1720597114.053671
DEBUG 2024-07-10 09:13:59,073 autoreload File /usr/local/lib/python3.9/site-packages/django/utils/deconstruct.py first seen with mtime 1720597118.432671
DEBUG 2024-07-10 09:13:59,073 autoreload File /usr/local/lib/python3.9/site-packages/django/core/validators.py first seen with mtime 1720597118.386671
DEBUG 2024-07-10 09:13:59,074 autoreload File /usr/local/lib/python3.9/site-packages/django/contrib/contenttypes/apps.py first seen with mtime 1720597118.203671
DEBUG 2024-07-10 09:13:59,074 autoreload File /usr/local/lib/python3.9/site-packages/django/views/__init__.py first seen with mtime 1720597118.435671
DEBUG 2024-07-10 09:13:59,075 autoreload File /usr/local/lib/python3.9/site-packages/django/urls/exceptions.py first seen with mtime 1720597118.430671
DEBUG 2024-07-10 09:13:59,075 autoreload File /usr/local/lib/python3.9/email/charset.py first seen with mtime 1719959277.0
DEBUG 2024-07-10 09:13:59,076 autoreload File /usr/local/lib/python3.9/wsgiref/headers.py first seen with mtime 1719959277.0
DEBUG 2024-07-10 09:13:59,077 autoreload File /usr/local/lib/python3.9/html/parser.py first seen with mtime 1719959277.0
DEBUG 2024-07-10 09:13:59,077 autoreload File /usr/local/lib/python3.9/site-packages/django/contrib/auth/password_validation.py first seen with mtime 1720597118.175671
DEBUG 2024-07-10 09:13:59,078 autoreload File /usr/local/lib/python3.9/email/mime/base.py first seen with mtime 1719959277.0
DEBUG 2024-07-10 09:13:59,078 autoreload File /usr/local/lib/python3.9/site-packages/coreapi/codecs/base.py first seen with mtime 1720597119.327671
DEBUG 2024-07-10 09:13:59,079 autoreload File /usr/local/lib/python3.9/site-packages/jinja2/filters.py first seen with mtime 1720597114.191671
DEBUG 2024-07-10 09:13:59,079 autoreload File /usr/local/lib/python3.9/site-packages/urllib3/util/wait.py first seen with mtime 1720597112.087671
DEBUG 2024-07-10 09:13:59,080 autoreload File /usr/local/lib/python3.9/site-packages/django/template/base.py first seen with mtime 1720597118.424671
DEBUG 2024-07-10 09:13:59,081 autoreload File /usr/local/lib/python3.9/asyncio/tasks.py first seen with mtime 1719959277.0
DEBUG 2024-07-10 09:13:59,081 autoreload File /usr/local/lib/python3.9/site-packages/coreapi/codecs/__init__.py first seen with mtime 1720597119.327671
DEBUG 2024-07-10 09:13:59,082 autoreload File /usr/local/lib/python3.9/site-packages/django/utils/translation/trans_real.py first seen with mtime 1720597118.435671
DEBUG 2024-07-10 09:13:59,083 autoreload File /usr/local/lib/python3.9/site-packages/django/middleware/csrf.py first seen with mtime 1720597118.424671
DEBUG 2024-07-10 09:13:59,084 autoreload File /usr/local/lib/python3.9/secrets.py first seen with mtime 1719959275.0
DEBUG 2024-07-10 09:13:59,086 autoreload File /usr/local/lib/python3.9/site-packages/django/contrib/postgres/forms/array.py first seen with mtime 1720597118.305671
DEBUG 2024-07-10 09:13:59,086 autoreload File /usr/local/lib/python3.9/site-packages/rest_framework_simplejwt/authentication.py first seen with mtime 1720597120.162671
DEBUG 2024-07-10 09:13:59,087 autoreload File /usr/local/lib/python3.9/site-packages/sqlparse/exceptions.py first seen with mtime 1720597112.217671
DEBUG 2024-07-10 09:13:59,087 autoreload File /usr/local/lib/python3.9/tempfile.py first seen with mtime 1719959275.0
DEBUG 2024-07-10 09:13:59,088 autoreload File /usr/local/lib/python3.9/site-packages/django/db/models/lookups.py first seen with mtime 1720597118.407671
DEBUG 2024-07-10 09:13:59,089 autoreload File /usr/local/lib/python3.9/site-packages/django/contrib/admin/filters.py first seen with mtime 1720597118.067671
DEBUG 2024-07-10 09:13:59,089 autoreload File /usr/local/lib/python3.9/site-packages/drf_yasg/openapi.py first seen with mtime 1720597120.054671
DEBUG 2024-07-10 09:13:59,090 autoreload File /usr/local/lib/python3.9/site-packages/pytz/lazy.py first seen with mtime 1720597111.984671
DEBUG 2024-07-10 09:13:59,090 autoreload File /usr/local/lib/python3.9/site-packages/django/utils/http.py first seen with mtime 1720597118.433671
DEBUG 2024-07-10 09:13:59,091 autoreload File /usr/local/lib/python3.9/site-packages/django/db/models/query_utils.py first seen with mtime 1720597118.409671
DEBUG 2024-07-10 09:13:59,092 autoreload File /usr/local/lib/python3.9/site-packages/rest_framework/metadata.py first seen with mtime 1720597119.203671
DEBUG 2024-07-10 09:13:59,092 autoreload File /usr/local/lib/python3.9/email/policy.py first seen with mtime 1719959277.0
DEBUG 2024-07-10 09:13:59,093 autoreload File /usr/local/lib/python3.9/site-packages/urllib3/util/ssltransport.py first seen with mtime 1720597112.087671
DEBUG 2024-07-10 09:13:59,093 autoreload File /usr/local/lib/python3.9/__future__.py first seen with mtime 1719959275.0
DEBUG 2024-07-10 09:13:59,094 autoreload File /usr/local/lib/python3.9/dis.py first seen with mtime 1719959275.0
DEBUG 2024-07-10 09:13:59,094 autoreload File /usr/local/lib/python3.9/site-packages/django/db/models/enums.py first seen with mtime 1720597118.407671
DEBUG 2024-07-10 09:13:59,095 autoreload File /usr/local/lib/python3.9/site-packages/django/urls/converters.py first seen with mtime 1720597118.430671
DEBUG 2024-07-10 09:13:59,095 autoreload File /usr/local/lib/python3.9/site-packages/django/utils/dateformat.py first seen with mtime 1720597118.431671
DEBUG 2024-07-10 09:13:59,096 autoreload File /usr/local/lib/python3.9/email/base64mime.py first seen with mtime 1719959277.0
DEBUG 2024-07-10 09:13:59,096 autoreload File /usr/local/lib/python3.9/site-packages/django/utils/regex_helper.py first seen with mtime 1720597118.434671
DEBUG 2024-07-10 09:13:59,097 autoreload File /usr/local/lib/python3.9/site-packages/idna/core.py first seen with mtime 1720597113.932671
DEBUG 2024-07-10 09:13:59,098 autoreload File /usr/local/lib/python3.9/site-packages/django/forms/boundfield.py first seen with mtime 1720597118.414671
DEBUG 2024-07-10 09:13:59,098 autoreload File /usr/local/lib/python3.9/site-packages/jinja2/loaders.py first seen with mtime 1720597114.191671
DEBUG 2024-07-10 09:13:59,099 autoreload File /usr/local/lib/python3.9/site-packages/django/utils/inspect.py first seen with mtime 1720597118.433671
DEBUG 2024-07-10 09:13:59,100 autoreload File /usr/local/lib/python3.9/sre_parse.py first seen with mtime 1719959275.0
DEBUG 2024-07-10 09:13:59,100 autoreload File /usr/local/lib/python3.9/encodings/aliases.py first seen with mtime 1719959277.0
DEBUG 2024-07-10 09:13:59,101 autoreload File /usr/local/lib/python3.9/hmac.py first seen with mtime 1719959275.0
DEBUG 2024-07-10 09:13:59,102 autoreload File /usr/local/lib/python3.9/site-packages/django/utils/autoreload.py first seen with mtime 1720597118.430671
DEBUG 2024-07-10 09:13:59,102 autoreload File /usr/local/lib/python3.9/lib-dynload/_asyncio.cpython-39-aarch64-linux-gnu.so first seen with mtime 1719959266.0
DEBUG 2024-07-10 09:13:59,103 autoreload File /usr/local/lib/python3.9/email/errors.py first seen with mtime 1719959277.0
DEBUG 2024-07-10 09:13:59,103 autoreload File /usr/local/lib/python3.9/lib-dynload/_contextvars.cpython-39-aarch64-linux-gnu.so first seen with mtime 1719959264.0
DEBUG 2024-07-10 09:13:59,104 autoreload File /usr/local/lib/python3.9/site-packages/pkg_resources/_vendor/packaging/_typing.py first seen with mtime 1719989270.0
DEBUG 2024-07-10 09:13:59,105 autoreload File /usr/local/lib/python3.9/site-packages/django/db/models/sql/__init__.py first seen with mtime 1720597118.412671
DEBUG 2024-07-10 09:13:59,105 autoreload File /usr/local/lib/python3.9/site-packages/yaml/cyaml.py first seen with mtime 1720597112.288671
DEBUG 2024-07-10 09:13:59,106 autoreload File /usr/local/lib/python3.9/unittest/util.py first seen with mtime 1719959277.0
DEBUG 2024-07-10 09:13:59,107 autoreload File /usr/local/lib/python3.9/site-packages/django/contrib/admin/checks.py first seen with mtime 1720597118.066671
DEBUG 2024-07-10 09:13:59,107 autoreload File /usr/local/lib/python3.9/getpass.py first seen with mtime 1719959275.0
DEBUG 2024-07-10 09:13:59,107 autoreload File /usr/local/lib/python3.9/site-packages/requests/auth.py first seen with mtime 1720597114.121671
DEBUG 2024-07-10 09:13:59,108 autoreload File /usr/local/lib/python3.9/lib-dynload/_bisect.cpython-39-aarch64-linux-gnu.so first seen with mtime 1719959265.0
DEBUG 2024-07-10 09:13:59,109 autoreload File /usr/local/lib/python3.9/site-packages/django/template/response.py first seen with mtime 1720597118.426671
DEBUG 2024-07-10 09:13:59,109 autoreload File /usr/local/lib/python3.9/asyncio/locks.py first seen with mtime 1719959277.0
DEBUG 2024-07-10 09:13:59,110 autoreload File /usr/local/lib/python3.9/site-packages/django/urls/utils.py first seen with mtime 1720597118.430671
DEBUG 2024-07-10 09:13:59,110 autoreload File /usr/local/lib/python3.9/site-packages/requests/cookies.py first seen with mtime 1720597114.121671
DEBUG 2024-07-10 09:13:59,111 autoreload File /usr/local/lib/python3.9/gettext.py first seen with mtime 1719959275.0
DEBUG 2024-07-10 09:13:59,111 autoreload File /usr/local/lib/python3.9/site-packages/drf_yasg/inspectors/view.py first seen with mtime 1720597120.055671
DEBUG 2024-07-10 09:13:59,112 autoreload File /usr/local/lib/python3.9/site-packages/django/contrib/messages/storage/base.py first seen with mtime 1720597118.302671
DEBUG 2024-07-10 09:13:59,113 autoreload File /usr/local/lib/python3.9/site-packages/django/urls/resolvers.py first seen with mtime 1720597118.430671
DEBUG 2024-07-10 09:13:59,113 autoreload File /usr/local/lib/python3.9/site-packages/django/contrib/admin/views/__init__.py first seen with mtime 1720597118.147671
DEBUG 2024-07-10 09:13:59,114 autoreload File /usr/local/lib/python3.9/site-packages/django/contrib/auth/signals.py first seen with mtime 1720597118.175671
DEBUG 2024-07-10 09:13:59,114 autoreload File /usr/local/lib/python3.9/site-packages/django/contrib/messages/storage/__init__.py first seen with mtime 1720597118.302671
DEBUG 2024-07-10 09:13:59,115 autoreload File /usr/local/lib/python3.9/pathlib.py first seen with mtime 1719959275.0
DEBUG 2024-07-10 09:13:59,115 autoreload File /usr/local/lib/python3.9/pkgutil.py first seen with mtime 1719959275.0
DEBUG 2024-07-10 09:13:59,116 autoreload File /usr/local/lib/python3.9/site-packages/yaml/events.py first seen with mtime 1720597112.288671
DEBUG 2024-07-10 09:13:59,116 autoreload File /usr/local/lib/python3.9/site-packages/urllib3/util/connection.py first seen with mtime 1720597112.086671
DEBUG 2024-07-10 09:13:59,117 autoreload File /usr/local/lib/python3.9/site-packages/django/utils/topological_sort.py first seen with mtime 1720597118.434671
DEBUG 2024-07-10 09:13:59,117 autoreload File /usr/local/lib/python3.9/site-packages/django/contrib/sites/__init__.py first seen with mtime 1720597118.363671
DEBUG 2024-07-10 09:13:59,118 autoreload File /usr/local/lib/python3.9/site-packages/django/db/models/functions/text.py first seen with mtime 1720597118.412671
DEBUG 2024-07-10 09:13:59,118 autoreload File /usr/local/lib/python3.9/site-packages/jinja2/exceptions.py first seen with mtime 1720597114.190671
DEBUG 2024-07-10 09:13:59,119 autoreload File /usr/local/lib/python3.9/site-packages/django/forms/fields.py first seen with mtime 1720597118.414671
DEBUG 2024-07-10 09:13:59,119 autoreload File /usr/local/lib/python3.9/site-packages/django/forms/renderers.py first seen with mtime 1720597118.415671
DEBUG 2024-07-10 09:13:59,120 autoreload File /usr/local/lib/python3.9/site-packages/coreapi/codecs/display.py first seen with mtime 1720597119.327671
DEBUG 2024-07-10 09:13:59,120 autoreload File /usr/local/lib/python3.9/site-packages/django/db/backends/base/base.py first seen with mtime 1720597118.397671
DEBUG 2024-07-10 09:13:59,121 autoreload File /usr/local/lib/python3.9/lib-dynload/pyexpat.cpython-39-aarch64-linux-gnu.so first seen with mtime 1719959269.0
DEBUG 2024-07-10 09:13:59,121 autoreload File /usr/local/lib/python3.9/site-packages/django/db/migrations/operations/fields.py first seen with mtime 1720597118.4056711
DEBUG 2024-07-10 09:13:59,121 autoreload File /usr/local/lib/python3.9/site-packages/urllib3/util/response.py first seen with mtime 1720597112.086671
DEBUG 2024-07-10 09:13:59,122 autoreload File /usr/local/lib/python3.9/tokenize.py first seen with mtime 1719959275.0
DEBUG 2024-07-10 09:13:59,122 autoreload File /usr/local/lib/python3.9/site-packages/django/core/handlers/wsgi.py first seen with mtime 1720597118.391671
DEBUG 2024-07-10 09:13:59,123 autoreload File /usr/local/lib/python3.9/site-packages/django/core/checks/templates.py first seen with mtime 1720597118.388671
DEBUG 2024-07-10 09:13:59,123 autoreload File /usr/local/lib/python3.9/_weakrefset.py first seen with mtime 1719959275.0
DEBUG 2024-07-10 09:13:59,123 autoreload File /usr/local/lib/python3.9/site-packages/django/core/serializers/json.py first seen with mtime 1720597118.396671
DEBUG 2024-07-10 09:13:59,124 autoreload File /usr/local/lib/python3.9/site-packages/rest_framework_simplejwt/models.py first seen with mtime 1720597120.162671
DEBUG 2024-07-10 09:13:59,124 autoreload File /usr/local/lib/python3.9/site-packages/yaml/dumper.py first seen with mtime 1720597112.288671
DEBUG 2024-07-10 09:13:59,125 autoreload File /usr/local/lib/python3.9/site-packages/rest_framework/schemas/inspectors.py first seen with mtime 1720597119.217671
DEBUG 2024-07-10 09:13:59,126 autoreload File /usr/local/lib/python3.9/site-packages/django/core/files/storage/filesystem.py first seen with mtime 1720597118.390671
DEBUG 2024-07-10 09:13:59,126 autoreload File /usr/local/lib/python3.9/site-packages/rest_framework/utils/encoders.py first seen with mtime 1720597119.235671
DEBUG 2024-07-10 09:13:59,127 autoreload File /usr/local/lib/python3.9/json/scanner.py first seen with mtime 1719959277.0
DEBUG 2024-07-10 09:13:59,128 autoreload File /usr/local/lib/python3.9/site-packages/django/core/management/color.py first seen with mtime 1720597118.392671
DEBUG 2024-07-10 09:13:59,128 autoreload File /usr/local/lib/python3.9/site-packages/django/db/backends/base/operations.py first seen with mtime 1720597118.398671
DEBUG 2024-07-10 09:13:59,129 autoreload File /usr/local/lib/python3.9/site-packages/django/contrib/staticfiles/checks.py first seen with mtime 1720597118.384671
DEBUG 2024-07-10 09:13:59,130 autoreload File /usr/local/lib/python3.9/site-packages/django/db/models/functions/mixins.py first seen with mtime 1720597118.411671
DEBUG 2024-07-10 09:13:59,130 autoreload File /usr/local/lib/python3.9/encodings/latin_1.py first seen with mtime 1719959277.0
DEBUG 2024-07-10 09:13:59,132 autoreload File /usr/local/lib/python3.9/site-packages/django/templatetags/tz.py first seen with mtime 1720597118.4286711
DEBUG 2024-07-10 09:13:59,133 autoreload File /usr/local/lib/python3.9/logging/config.py first seen with mtime 1719959277.0
DEBUG 2024-07-10 09:13:59,133 autoreload File /usr/local/lib/python3.9/site-packages/asgiref/__init__.py first seen with mtime 1720597114.312671
DEBUG 2024-07-10 09:13:59,133 autoreload File /usr/local/lib/python3.9/asyncio/streams.py first seen with mtime 1719959277.0
DEBUG 2024-07-10 09:13:59,134 autoreload File /usr/local/lib/python3.9/site-packages/django/contrib/staticfiles/apps.py first seen with mtime 1720597118.384671
DEBUG 2024-07-10 09:13:59,135 autoreload File /usr/local/lib/python3.9/site-packages/pkg_resources/_vendor/__init__.py first seen with mtime 1719989270.0
DEBUG 2024-07-10 09:13:59,135 autoreload File /usr/local/lib/python3.9/site-packages/django/core/files/temp.py first seen with mtime 1720597118.389671
DEBUG 2024-07-10 09:13:59,136 autoreload File /usr/local/lib/python3.9/site-packages/django/core/management/commands/__init__.py first seen with mtime 1720597118.392671
DEBUG 2024-07-10 09:13:59,136 autoreload File /usr/local/lib/python3.9/site-packages/rest_framework/serializers.py first seen with mtime 1720597119.205671
DEBUG 2024-07-10 09:13:59,136 autoreload File /usr/local/lib/python3.9/concurrent/__init__.py first seen with mtime 1719959277.0
DEBUG 2024-07-10 09:13:59,137 autoreload File /usr/local/lib/python3.9/site-packages/django/contrib/staticfiles/views.py first seen with mtime 1720597118.384671
DEBUG 2024-07-10 09:13:59,137 autoreload File /usr/local/lib/python3.9/site-packages/django/db/models/options.py first seen with mtime 1720597118.408671
DEBUG 2024-07-10 09:13:59,138 autoreload File /usr/local/lib/python3.9/site-packages/django/test/client.py first seen with mtime 1720597118.4286711
DEBUG 2024-07-10 09:13:59,138 autoreload File /usr/local/lib/python3.9/site-packages/yaml/__init__.py first seen with mtime 1720597112.288671
DEBUG 2024-07-10 09:13:59,139 autoreload File /usr/local/lib/python3.9/site-packages/django/contrib/admin/widgets.py first seen with mtime 1720597118.068671
DEBUG 2024-07-10 09:13:59,139 autoreload File /usr/local/lib/python3.9/site-packages/pytz/tzfile.py first seen with mtime 1720597111.984671
DEBUG 2024-07-10 09:13:59,141 autoreload File /usr/local/lib/python3.9/site-packages/drf_yasg/templates/drf-yasg first seen with mtime 1720597120.134671
DEBUG 2024-07-10 09:13:59,142 autoreload File /usr/local/lib/python3.9/site-packages/drf_yasg/templates/drf-yasg/redoc-old.html first seen with mtime 1720597120.134671
DEBUG 2024-07-10 09:13:59,142 autoreload File /usr/local/lib/python3.9/site-packages/drf_yasg/templates/drf-yasg/redoc.html first seen with mtime 1720597120.134671
DEBUG 2024-07-10 09:13:59,143 autoreload File /usr/local/lib/python3.9/site-packages/drf_yasg/templates/drf-yasg/swagger-ui.html first seen with mtime 1720597120.134671
DEBUG 2024-07-10 09:13:59,143 autoreload File /usr/local/lib/python3.9/site-packages/rest_framework/templates/rest_framework first seen with mtime 1720597119.234671
DEBUG 2024-07-10 09:13:59,144 autoreload File /usr/local/lib/python3.9/site-packages/rest_framework/templates/rest_framework/raw_data_form.html first seen with mtime 1720597119.230671
DEBUG 2024-07-10 09:13:59,144 autoreload File /usr/local/lib/python3.9/site-packages/rest_framework/templates/rest_framework/docs first seen with mtime 1720597119.231671
DEBUG 2024-07-10 09:13:59,145 autoreload File /usr/local/lib/python3.9/site-packages/rest_framework/templates/rest_framework/admin first seen with mtime 1720597119.230671
DEBUG 2024-07-10 09:13:59,145 autoreload File /usr/local/lib/python3.9/site-packages/rest_framework/templates/rest_framework/schema.js first seen with mtime 1720597119.230671
DEBUG 2024-07-10 09:13:59,147 autoreload File /usr/local/lib/python3.9/site-packages/rest_framework/templates/rest_framework/api.html first seen with mtime 1720597119.230671
DEBUG 2024-07-10 09:13:59,147 autoreload File /usr/local/lib/python3.9/site-packages/rest_framework/templates/rest_framework/admin.html first seen with mtime 1720597119.230671
DEBUG 2024-07-10 09:13:59,148 autoreload File /usr/local/lib/python3.9/site-packages/rest_framework/templates/rest_framework/vertical first seen with mtime 1720597119.235671
DEBUG 2024-07-10 09:13:59,149 autoreload File /usr/local/lib/python3.9/site-packages/rest_framework/templates/rest_framework/login_base.html first seen with mtime 1720597119.230671
DEBUG 2024-07-10 09:13:59,149 autoreload File /usr/local/lib/python3.9/site-packages/rest_framework/templates/rest_framework/pagination first seen with mtime 1720597119.234671
DEBUG 2024-07-10 09:13:59,150 autoreload File /usr/local/lib/python3.9/site-packages/rest_framework/templates/rest_framework/base.html first seen with mtime 1720597119.230671
DEBUG 2024-07-10 09:13:59,150 autoreload File /usr/local/lib/python3.9/site-packages/rest_framework/templates/rest_framework/login.html first seen with mtime 1720597119.230671
DEBUG 2024-07-10 09:13:59,151 autoreload File /usr/local/lib/python3.9/site-packages/rest_framework/templates/rest_framework/horizontal first seen with mtime 1720597119.233671
DEBUG 2024-07-10 09:13:59,151 autoreload File /usr/local/lib/python3.9/site-packages/rest_framework/templates/rest_framework/filters first seen with mtime 1720597119.232671
DEBUG 2024-07-10 09:13:59,152 autoreload File /usr/local/lib/python3.9/site-packages/rest_framework/templates/rest_framework/inline first seen with mtime 1720597119.234671
DEBUG 2024-07-10 09:13:59,153 autoreload File /usr/local/lib/python3.9/site-packages/rest_framework/templates/rest_framework/docs/langs first seen with mtime 1720597119.232671
DEBUG 2024-07-10 09:13:59,153 autoreload File /usr/local/lib/python3.9/site-packages/rest_framework/templates/rest_framework/docs/link.html first seen with mtime 1720597119.231671
DEBUG 2024-07-10 09:13:59,154 autoreload File /usr/local/lib/python3.9/site-packages/rest_framework/templates/rest_framework/docs/index.html first seen with mtime 1720597119.231671
DEBUG 2024-07-10 09:13:59,154 autoreload File /usr/local/lib/python3.9/site-packages/rest_framework/templates/rest_framework/docs/document.html first seen with mtime 1720597119.231671
DEBUG 2024-07-10 09:13:59,155 autoreload File /usr/local/lib/python3.9/site-packages/rest_framework/templates/rest_framework/docs/sidebar.html first seen with mtime 1720597119.231671
DEBUG 2024-07-10 09:13:59,156 autoreload File /usr/local/lib/python3.9/site-packages/rest_framework/templates/rest_framework/docs/interact.html first seen with mtime 1720597119.231671
DEBUG 2024-07-10 09:13:59,156 autoreload File /usr/local/lib/python3.9/site-packages/rest_framework/templates/rest_framework/docs/auth first seen with mtime 1720597119.231671
DEBUG 2024-07-10 09:13:59,157 autoreload File /usr/local/lib/python3.9/site-packages/rest_framework/templates/rest_framework/docs/error.html first seen with mtime 1720597119.231671
DEBUG 2024-07-10 09:13:59,157 autoreload File /usr/local/lib/python3.9/site-packages/rest_framework/templates/rest_framework/docs/langs/shell.html first seen with mtime 1720597119.232671
DEBUG 2024-07-10 09:13:59,157 autoreload File /usr/local/lib/python3.9/site-packages/rest_framework/templates/rest_framework/docs/langs/python.html first seen with mtime 1720597119.232671
DEBUG 2024-07-10 09:13:59,158 autoreload File /usr/local/lib/python3.9/site-packages/rest_framework/templates/rest_framework/docs/langs/shell-intro.html first seen with mtime 1720597119.232671
DEBUG 2024-07-10 09:13:59,158 autoreload File /usr/local/lib/python3.9/site-packages/rest_framework/templates/rest_framework/docs/langs/python-intro.html first seen with mtime 1720597119.232671
DEBUG 2024-07-10 09:13:59,159 autoreload File /usr/local/lib/python3.9/site-packages/rest_framework/templates/rest_framework/docs/langs/javascript.html first seen with mtime 1720597119.231671
DEBUG 2024-07-10 09:13:59,160 autoreload File /usr/local/lib/python3.9/site-packages/rest_framework/templates/rest_framework/docs/langs/javascript-intro.html first seen with mtime 1720597119.231671
DEBUG 2024-07-10 09:13:59,160 autoreload File /usr/local/lib/python3.9/site-packages/rest_framework/templates/rest_framework/docs/auth/token.html first seen with mtime 1720597119.231671
DEBUG 2024-07-10 09:13:59,161 autoreload File /usr/local/lib/python3.9/site-packages/rest_framework/templates/rest_framework/docs/auth/basic.html first seen with mtime 1720597119.231671
DEBUG 2024-07-10 09:13:59,161 autoreload File /usr/local/lib/python3.9/site-packages/rest_framework/templates/rest_framework/docs/auth/session.html first seen with mtime 1720597119.231671
DEBUG 2024-07-10 09:13:59,162 autoreload File /usr/local/lib/python3.9/site-packages/rest_framework/templates/rest_framework/admin/list.html first seen with mtime 1720597119.230671
DEBUG 2024-07-10 09:13:59,163 autoreload File /usr/local/lib/python3.9/site-packages/rest_framework/templates/rest_framework/admin/detail.html first seen with mtime 1720597119.230671
DEBUG 2024-07-10 09:13:59,163 autoreload File /usr/local/lib/python3.9/site-packages/rest_framework/templates/rest_framework/admin/list_value.html first seen with mtime 1720597119.230671
DEBUG 2024-07-10 09:13:59,164 autoreload File /usr/local/lib/python3.9/site-packages/rest_framework/templates/rest_framework/admin/dict_value.html first seen with mtime 1720597119.230671
DEBUG 2024-07-10 09:13:59,164 autoreload File /usr/local/lib/python3.9/site-packages/rest_framework/templates/rest_framework/admin/simple_list_value.html first seen with mtime 1720597119.231671
DEBUG 2024-07-10 09:13:59,165 autoreload File /usr/local/lib/python3.9/site-packages/rest_framework/templates/rest_framework/vertical/fieldset.html first seen with mtime 1720597119.234671
DEBUG 2024-07-10 09:13:59,166 autoreload File /usr/local/lib/python3.9/site-packages/rest_framework/templates/rest_framework/vertical/radio.html first seen with mtime 1720597119.235671
DEBUG 2024-07-10 09:13:59,166 autoreload File /usr/local/lib/python3.9/site-packages/rest_framework/templates/rest_framework/vertical/select.html first seen with mtime 1720597119.235671
DEBUG 2024-07-10 09:13:59,167 autoreload File /usr/local/lib/python3.9/site-packages/rest_framework/templates/rest_framework/vertical/dict_field.html first seen with mtime 1720597119.234671
DEBUG 2024-07-10 09:13:59,167 autoreload File /usr/local/lib/python3.9/site-packages/rest_framework/templates/rest_framework/vertical/list_field.html first seen with mtime 1720597119.235671
DEBUG 2024-07-10 09:13:59,168 autoreload File /usr/local/lib/python3.9/site-packages/rest_framework/templates/rest_framework/vertical/checkbox.html first seen with mtime 1720597119.234671
DEBUG 2024-07-10 09:13:59,169 autoreload File /usr/local/lib/python3.9/site-packages/rest_framework/templates/rest_framework/vertical/textarea.html first seen with mtime 1720597119.235671
DEBUG 2024-07-10 09:13:59,169 autoreload File /usr/local/lib/python3.9/site-packages/rest_framework/templates/rest_framework/vertical/checkbox_multiple.html first seen with mtime 1720597119.234671
DEBUG 2024-07-10 09:13:59,170 autoreload File /usr/local/lib/python3.9/site-packages/rest_framework/templates/rest_framework/vertical/form.html first seen with mtime 1720597119.234671
DEBUG 2024-07-10 09:13:59,170 autoreload File /usr/local/lib/python3.9/site-packages/rest_framework/templates/rest_framework/vertical/list_fieldset.html first seen with mtime 1720597119.235671
DEBUG 2024-07-10 09:13:59,171 autoreload File /usr/local/lib/python3.9/site-packages/rest_framework/templates/rest_framework/vertical/select_multiple.html first seen with mtime 1720597119.235671
DEBUG 2024-07-10 09:13:59,171 autoreload File /usr/local/lib/python3.9/site-packages/rest_framework/templates/rest_framework/vertical/input.html first seen with mtime 1720597119.234671
DEBUG 2024-07-10 09:13:59,172 autoreload File /usr/local/lib/python3.9/site-packages/rest_framework/templates/rest_framework/pagination/numbers.html first seen with mtime 1720597119.234671
DEBUG 2024-07-10 09:13:59,173 autoreload File /usr/local/lib/python3.9/site-packages/rest_framework/templates/rest_framework/pagination/previous_and_next.html first seen with mtime 1720597119.234671
DEBUG 2024-07-10 09:13:59,173 autoreload File /usr/local/lib/python3.9/site-packages/rest_framework/templates/rest_framework/horizontal/fieldset.html first seen with mtime 1720597119.232671
DEBUG 2024-07-10 09:13:59,174 autoreload File /usr/local/lib/python3.9/site-packages/rest_framework/templates/rest_framework/horizontal/radio.html first seen with mtime 1720597119.233671
DEBUG 2024-07-10 09:13:59,174 autoreload File /usr/local/lib/python3.9/site-packages/rest_framework/templates/rest_framework/horizontal/select.html first seen with mtime 1720597119.233671
DEBUG 2024-07-10 09:13:59,175 autoreload File /usr/local/lib/python3.9/site-packages/rest_framework/templates/rest_framework/horizontal/dict_field.html first seen with mtime 1720597119.232671
DEBUG 2024-07-10 09:13:59,176 autoreload File /usr/local/lib/python3.9/site-packages/rest_framework/templates/rest_framework/horizontal/list_field.html first seen with mtime 1720597119.233671
DEBUG 2024-07-10 09:13:59,176 autoreload File /usr/local/lib/python3.9/site-packages/rest_framework/templates/rest_framework/horizontal/checkbox.html first seen with mtime 1720597119.232671
DEBUG 2024-07-10 09:13:59,177 autoreload File /usr/local/lib/python3.9/site-packages/rest_framework/templates/rest_framework/horizontal/textarea.html first seen with mtime 1720597119.233671
DEBUG 2024-07-10 09:13:59,177 autoreload File /usr/local/lib/python3.9/site-packages/rest_framework/templates/rest_framework/horizontal/checkbox_multiple.html first seen with mtime 1720597119.232671
DEBUG 2024-07-10 09:13:59,177 autoreload File /usr/local/lib/python3.9/site-packages/rest_framework/templates/rest_framework/horizontal/form.html first seen with mtime 1720597119.232671
DEBUG 2024-07-10 09:13:59,178 autoreload File /usr/local/lib/python3.9/site-packages/rest_framework/templates/rest_framework/horizontal/list_fieldset.html first seen with mtime 1720597119.233671
DEBUG 2024-07-10 09:13:59,179 autoreload File /usr/local/lib/python3.9/site-packages/rest_framework/templates/rest_framework/horizontal/select_multiple.html first seen with mtime 1720597119.233671
DEBUG 2024-07-10 09:13:59,179 autoreload File /usr/local/lib/python3.9/site-packages/rest_framework/templates/rest_framework/horizontal/input.html first seen with mtime 1720597119.232671
DEBUG 2024-07-10 09:13:59,180 autoreload File /usr/local/lib/python3.9/site-packages/rest_framework/templates/rest_framework/filters/base.html first seen with mtime 1720597119.232671
DEBUG 2024-07-10 09:13:59,180 autoreload File /usr/local/lib/python3.9/site-packages/rest_framework/templates/rest_framework/filters/ordering.html first seen with mtime 1720597119.232671
DEBUG 2024-07-10 09:13:59,181 autoreload File /usr/local/lib/python3.9/site-packages/rest_framework/templates/rest_framework/filters/search.html first seen with mtime 1720597119.232671
DEBUG 2024-07-10 09:13:59,181 autoreload File /usr/local/lib/python3.9/site-packages/rest_framework/templates/rest_framework/inline/fieldset.html first seen with mtime 1720597119.233671
DEBUG 2024-07-10 09:13:59,182 autoreload File /usr/local/lib/python3.9/site-packages/rest_framework/templates/rest_framework/inline/radio.html first seen with mtime 1720597119.234671
DEBUG 2024-07-10 09:13:59,182 autoreload File /usr/local/lib/python3.9/site-packages/rest_framework/templates/rest_framework/inline/select.html first seen with mtime 1720597119.234671
DEBUG 2024-07-10 09:13:59,183 autoreload File /usr/local/lib/python3.9/site-packages/rest_framework/templates/rest_framework/inline/dict_field.html first seen with mtime 1720597119.233671
DEBUG 2024-07-10 09:13:59,183 autoreload File /usr/local/lib/python3.9/site-packages/rest_framework/templates/rest_framework/inline/list_field.html first seen with mtime 1720597119.233671
DEBUG 2024-07-10 09:13:59,184 autoreload File /usr/local/lib/python3.9/site-packages/rest_framework/templates/rest_framework/inline/checkbox.html first seen with mtime 1720597119.233671
DEBUG 2024-07-10 09:13:59,184 autoreload File /usr/local/lib/python3.9/site-packages/rest_framework/templates/rest_framework/inline/textarea.html first seen with mtime 1720597119.234671
DEBUG 2024-07-10 09:13:59,185 autoreload File /usr/local/lib/python3.9/site-packages/rest_framework/templates/rest_framework/inline/checkbox_multiple.html first seen with mtime 1720597119.233671
DEBUG 2024-07-10 09:13:59,185 autoreload File /usr/local/lib/python3.9/site-packages/rest_framework/templates/rest_framework/inline/form.html first seen with mtime 1720597119.233671
DEBUG 2024-07-10 09:13:59,186 autoreload File /usr/local/lib/python3.9/site-packages/rest_framework/templates/rest_framework/inline/list_fieldset.html first seen with mtime 1720597119.234671
DEBUG 2024-07-10 09:13:59,188 autoreload File /usr/local/lib/python3.9/site-packages/rest_framework/templates/rest_framework/inline/select_multiple.html first seen with mtime 1720597119.234671
DEBUG 2024-07-10 09:13:59,188 autoreload File /usr/local/lib/python3.9/site-packages/rest_framework/templates/rest_framework/inline/input.html first seen with mtime 1720597119.233671
DEBUG 2024-07-10 09:13:59,190 autoreload File /usr/local/lib/python3.9/site-packages/rest_framework/locale/da/LC_MESSAGES/django.mo first seen with mtime 1720597119.208671
DEBUG 2024-07-10 09:13:59,191 autoreload File /usr/local/lib/python3.9/site-packages/rest_framework/locale/sl/LC_MESSAGES/django.mo first seen with mtime 1720597119.214671
DEBUG 2024-07-10 09:13:59,192 autoreload File /usr/local/lib/python3.9/site-packages/rest_framework/locale/es/LC_MESSAGES/django.mo first seen with mtime 1720597119.209671
DEBUG 2024-07-10 09:13:59,192 autoreload File /usr/local/lib/python3.9/site-packages/rest_framework/locale/pl/LC_MESSAGES/django.mo first seen with mtime 1720597119.213671
DEBUG 2024-07-10 09:13:59,193 autoreload File /usr/local/lib/python3.9/site-packages/rest_framework/locale/az/LC_MESSAGES/django.mo first seen with mtime 1720597119.207671
DEBUG 2024-07-10 09:13:59,194 autoreload File /usr/local/lib/python3.9/site-packages/rest_framework/locale/be/LC_MESSAGES/django.mo first seen with mtime 1720597119.207671
DEBUG 2024-07-10 09:13:59,194 autoreload File /usr/local/lib/python3.9/site-packages/rest_framework/locale/en/LC_MESSAGES/django.mo first seen with mtime 1720597119.209671
DEBUG 2024-07-10 09:13:59,195 autoreload File /usr/local/lib/python3.9/site-packages/rest_framework/locale/fr/LC_MESSAGES/django.mo first seen with mtime 1720597119.210671
DEBUG 2024-07-10 09:13:59,195 autoreload File /usr/local/lib/python3.9/site-packages/rest_framework/locale/hy/LC_MESSAGES/django.mo first seen with mtime 1720597119.211671
DEBUG 2024-07-10 09:13:59,196 autoreload File /usr/local/lib/python3.9/site-packages/rest_framework/locale/gl/LC_MESSAGES/django.mo first seen with mtime 1720597119.210671
DEBUG 2024-07-10 09:13:59,197 autoreload File /usr/local/lib/python3.9/site-packages/rest_framework/locale/ru_RU/LC_MESSAGES/django.mo first seen with mtime 1720597119.214671
DEBUG 2024-07-10 09:13:59,197 autoreload File /usr/local/lib/python3.9/site-packages/rest_framework/locale/et/LC_MESSAGES/django.mo first seen with mtime 1720597119.210671
DEBUG 2024-07-10 09:13:59,198 autoreload File /usr/local/lib/python3.9/site-packages/rest_framework/locale/ach/LC_MESSAGES/django.mo first seen with mtime 1720597119.207671
DEBUG 2024-07-10 09:13:59,198 autoreload File /usr/local/lib/python3.9/site-packages/rest_framework/locale/ro/LC_MESSAGES/django.mo first seen with mtime 1720597119.214671
DEBUG 2024-07-10 09:13:59,199 autoreload File /usr/local/lib/python3.9/site-packages/rest_framework/locale/ko_KR/LC_MESSAGES/django.mo first seen with mtime 1720597119.212671
DEBUG 2024-07-10 09:13:59,200 autoreload File /usr/local/lib/python3.9/site-packages/rest_framework/locale/zh_Hant/LC_MESSAGES/django.mo first seen with mtime 1720597119.216671
DEBUG 2024-07-10 09:13:59,200 autoreload File /usr/local/lib/python3.9/site-packages/rest_framework/locale/hu/LC_MESSAGES/django.mo first seen with mtime 1720597119.211671
DEBUG 2024-07-10 09:13:59,201 autoreload File /usr/local/lib/python3.9/site-packages/rest_framework/locale/en_US/LC_MESSAGES/django.mo first seen with mtime 1720597119.209671
DEBUG 2024-07-10 09:13:59,201 autoreload File /usr/local/lib/python3.9/site-packages/rest_framework/locale/lt/LC_MESSAGES/django.mo first seen with mtime 1720597119.212671
DEBUG 2024-07-10 09:13:59,202 autoreload File /usr/local/lib/python3.9/site-packages/rest_framework/locale/pt_BR/LC_MESSAGES/django.mo first seen with mtime 1720597119.213671
DEBUG 2024-07-10 09:13:59,203 autoreload File /usr/local/lib/python3.9/site-packages/rest_framework/locale/lv/LC_MESSAGES/django.mo first seen with mtime 1720597119.212671
DEBUG 2024-07-10 09:13:59,204 autoreload File /usr/local/lib/python3.9/site-packages/rest_framework/locale/tr_TR/LC_MESSAGES/django.mo first seen with mtime 1720597119.215671
DEBUG 2024-07-10 09:13:59,204 autoreload File /usr/local/lib/python3.9/site-packages/rest_framework/locale/gl_ES/LC_MESSAGES/django.mo first seen with mtime 1720597119.211671
DEBUG 2024-07-10 09:13:59,205 autoreload File /usr/local/lib/python3.9/site-packages/rest_framework/locale/en_AU/LC_MESSAGES/django.mo first seen with mtime 1720597119.209671
DEBUG 2024-07-10 09:13:59,206 autoreload File /usr/local/lib/python3.9/site-packages/rest_framework/locale/de/LC_MESSAGES/django.mo first seen with mtime 1720597119.208671
DEBUG 2024-07-10 09:13:59,207 autoreload File /usr/local/lib/python3.9/site-packages/rest_framework/locale/th/LC_MESSAGES/django.mo first seen with mtime 1720597119.215671
DEBUG 2024-07-10 09:13:59,208 autoreload File /usr/local/lib/python3.9/site-packages/rest_framework/locale/en_CA/LC_MESSAGES/django.mo first seen with mtime 1720597119.209671
DEBUG 2024-07-10 09:13:59,209 autoreload File /usr/local/lib/python3.9/site-packages/rest_framework/locale/bg/LC_MESSAGES/django.mo first seen with mtime 1720597119.208671
DEBUG 2024-07-10 09:13:59,210 autoreload File /usr/local/lib/python3.9/site-packages/rest_framework/locale/sk/LC_MESSAGES/django.mo first seen with mtime 1720597119.214671
DEBUG 2024-07-10 09:13:59,211 autoreload File /usr/local/lib/python3.9/site-packages/rest_framework/locale/fa/LC_MESSAGES/django.mo first seen with mtime 1720597119.210671
DEBUG 2024-07-10 09:13:59,212 autoreload File /usr/local/lib/python3.9/site-packages/rest_framework/locale/uk/LC_MESSAGES/django.mo first seen with mtime 1720597119.215671
DEBUG 2024-07-10 09:13:59,214 autoreload File /usr/local/lib/python3.9/site-packages/rest_framework/locale/tr/LC_MESSAGES/django.mo first seen with mtime 1720597119.215671
DEBUG 2024-07-10 09:13:59,215 autoreload File /usr/local/lib/python3.9/site-packages/rest_framework/locale/pt/LC_MESSAGES/django.mo first seen with mtime 1720597119.213671
DEBUG 2024-07-10 09:13:59,216 autoreload File /usr/local/lib/python3.9/site-packages/rest_framework/locale/zh_Hans/LC_MESSAGES/django.mo first seen with mtime 1720597119.216671
DEBUG 2024-07-10 09:13:59,217 autoreload File /usr/local/lib/python3.9/site-packages/rest_framework/locale/ne_NP/LC_MESSAGES/django.mo first seen with mtime 1720597119.212671
DEBUG 2024-07-10 09:13:59,217 autoreload File /usr/local/lib/python3.9/site-packages/rest_framework/locale/fr_CA/LC_MESSAGES/django.mo first seen with mtime 1720597119.210671
DEBUG 2024-07-10 09:13:59,218 autoreload File /usr/local/lib/python3.9/site-packages/rest_framework/locale/zh_TW/LC_MESSAGES/django.mo first seen with mtime 1720597119.216671
DEBUG 2024-07-10 09:13:59,219 autoreload File /usr/local/lib/python3.9/site-packages/rest_framework/locale/el/LC_MESSAGES/django.mo first seen with mtime 1720597119.209671
DEBUG 2024-07-10 09:13:59,220 autoreload File /usr/local/lib/python3.9/site-packages/rest_framework/locale/vi/LC_MESSAGES/django.mo first seen with mtime 1720597119.215671
DEBUG 2024-07-10 09:13:59,221 autoreload File /usr/local/lib/python3.9/site-packages/rest_framework/locale/ar/LC_MESSAGES/django.mo first seen with mtime 1720597119.207671
DEBUG 2024-07-10 09:13:59,221 autoreload File /usr/local/lib/python3.9/site-packages/rest_framework/locale/ja/LC_MESSAGES/django.mo first seen with mtime 1720597119.211671
DEBUG 2024-07-10 09:13:59,222 autoreload File /usr/local/lib/python3.9/site-packages/rest_framework/locale/no/LC_MESSAGES/django.mo first seen with mtime 1720597119.213671
DEBUG 2024-07-10 09:13:59,223 autoreload File /usr/local/lib/python3.9/site-packages/rest_framework/locale/he_IL/LC_MESSAGES/django.mo first seen with mtime 1720597119.211671
DEBUG 2024-07-10 09:13:59,223 autoreload File /usr/local/lib/python3.9/site-packages/rest_framework/locale/fa_IR/LC_MESSAGES/django.mo first seen with mtime 1720597119.210671
DEBUG 2024-07-10 09:13:59,224 autoreload File /usr/local/lib/python3.9/site-packages/rest_framework/locale/nb/LC_MESSAGES/django.mo first seen with mtime 1720597119.212671
DEBUG 2024-07-10 09:13:59,225 autoreload File /usr/local/lib/python3.9/site-packages/rest_framework/locale/nl/LC_MESSAGES/django.mo first seen with mtime 1720597119.213671
DEBUG 2024-07-10 09:13:59,226 autoreload File /usr/local/lib/python3.9/site-packages/rest_framework/locale/zh_CN/LC_MESSAGES/django.mo first seen with mtime 1720597119.215671
DEBUG 2024-07-10 09:13:59,227 autoreload File /usr/local/lib/python3.9/site-packages/rest_framework/locale/ru/LC_MESSAGES/django.mo first seen with mtime 1720597119.214671
DEBUG 2024-07-10 09:13:59,228 autoreload File /usr/local/lib/python3.9/site-packages/rest_framework/locale/cs/LC_MESSAGES/django.mo first seen with mtime 1720597119.208671
DEBUG 2024-07-10 09:13:59,229 autoreload File /usr/local/lib/python3.9/site-packages/rest_framework/locale/nn/LC_MESSAGES/django.mo first seen with mtime 1720597119.213671
DEBUG 2024-07-10 09:13:59,230 autoreload File /usr/local/lib/python3.9/site-packages/rest_framework/locale/pt_PT/LC_MESSAGES/django.mo first seen with mtime 1720597119.213671
DEBUG 2024-07-10 09:13:59,231 autoreload File /usr/local/lib/python3.9/site-packages/rest_framework/locale/sv/LC_MESSAGES/django.mo first seen with mtime 1720597119.214671
DEBUG 2024-07-10 09:13:59,232 autoreload File /usr/local/lib/python3.9/site-packages/rest_framework/locale/id/LC_MESSAGES/django.mo first seen with mtime 1720597119.211671
DEBUG 2024-07-10 09:13:59,233 autoreload File /usr/local/lib/python3.9/site-packages/rest_framework/locale/el_GR/LC_MESSAGES/django.mo first seen with mtime 1720597119.209671
DEBUG 2024-07-10 09:13:59,233 autoreload File /usr/local/lib/python3.9/site-packages/rest_framework/locale/ca/LC_MESSAGES/django.mo first seen with mtime 1720597119.208671
DEBUG 2024-07-10 09:13:59,234 autoreload File /usr/local/lib/python3.9/site-packages/rest_framework/locale/ca_ES/LC_MESSAGES/django.mo first seen with mtime 1720597119.208671
DEBUG 2024-07-10 09:13:59,234 autoreload File /usr/local/lib/python3.9/site-packages/rest_framework/locale/it/LC_MESSAGES/django.mo first seen with mtime 1720597119.211671
DEBUG 2024-07-10 09:13:59,235 autoreload File /usr/local/lib/python3.9/site-packages/rest_framework/locale/fi/LC_MESSAGES/django.mo first seen with mtime 1720597119.210671
DEBUG 2024-07-10 09:13:59,236 autoreload File /usr/local/lib/python3.9/site-packages/rest_framework/locale/mk/LC_MESSAGES/django.mo first seen with mtime 1720597119.212671
INFO 2024-07-10 09:35:49,321 autoreload Watching for file changes with StatReloader
DEBUG 2024-07-10 09:35:49,323 autoreload Waiting for apps ready_event.
DEBUG 2024-07-10 09:35:49,404 autoreload Apps ready_event triggered. Sending autoreload_started signal.
DEBUG 2024-07-10 09:35:49,410 autoreload Watching dir /usr/local/lib/python3.9/site-packages/drf_yasg/templates with glob **/*.
DEBUG 2024-07-10 09:35:49,410 autoreload Watching dir /app/templates with glob **/*.
DEBUG 2024-07-10 09:35:49,411 autoreload Watching dir /app/apps/info/templates with glob **/*.
DEBUG 2024-07-10 09:35:49,411 autoreload Watching dir /app/apps/users/templates with glob **/*.
DEBUG 2024-07-10 09:35:49,411 autoreload Watching dir /usr/local/lib/python3.9/site-packages/rest_framework/templates with glob **/*.
DEBUG 2024-07-10 09:35:49,412 autoreload Watching dir /app/apps/options/templates with glob **/*.
DEBUG 2024-07-10 09:35:49,412 autoreload Watching dir /app/apps/entry/templates with glob **/*.
DEBUG 2024-07-10 09:35:49,412 autoreload Watching dir /app/locale with glob **/*.mo.
DEBUG 2024-07-10 09:35:49,413 autoreload Watching dir /usr/local/lib/python3.9/site-packages/rest_framework/locale with glob **/*.mo.
DEBUG 2024-07-10 09:35:49,413 autoreload Watching dir /usr/local/lib/python3.9/site-packages/requests/locale with glob **/*.mo.
DEBUG 2024-07-10 09:35:49,413 autoreload Watching dir /usr/local/lib/python3.9/site-packages/drf_yasg/locale with glob **/*.mo.
DEBUG 2024-07-10 09:35:49,413 autoreload Watching dir /usr/local/lib/python3.9/site-packages/rest_framework_simplejwt/token_blacklist/locale with glob **/*.mo.
DEBUG 2024-07-10 09:35:49,414 autoreload Watching dir /app/apps/users/locale with glob **/*.mo.
DEBUG 2024-07-10 09:35:49,414 autoreload Watching dir /app/apps/entry/locale with glob **/*.mo.
DEBUG 2024-07-10 09:35:49,450 autoreload File /usr/local/lib/python3.9/site-packages/django/test/__init__.py first seen with mtime 1720604143.393769
DEBUG 2024-07-10 09:35:49,451 autoreload File /usr/local/lib/python3.9/_markupbase.py first seen with mtime 1719959275.0
DEBUG 2024-07-10 09:35:49,451 autoreload File /usr/local/lib/python3.9/importlib/__init__.py first seen with mtime 1719959276.0
DEBUG 2024-07-10 09:35:49,451 autoreload File /usr/local/lib/python3.9/lib-dynload/_json.cpython-39-aarch64-linux-gnu.so first seen with mtime 1719959266.0
DEBUG 2024-07-10 09:35:49,452 autoreload File /usr/local/lib/python3.9/site-packages/django/utils/__init__.py first seen with mtime 1720604143.396769
DEBUG 2024-07-10 09:35:49,452 autoreload File /usr/local/lib/python3.9/site-packages/rest_framework_simplejwt/settings.py first seen with mtime 1720604145.410769
DEBUG 2024-07-10 09:35:49,452 autoreload File /app/apps/users/serializers.py first seen with mtime 1720602786.2349288
DEBUG 2024-07-10 09:35:49,453 autoreload File /usr/local/lib/python3.9/site-packages/django/core/checks/database.py first seen with mtime 1720604143.351769
DEBUG 2024-07-10 09:35:49,453 autoreload File /usr/local/lib/python3.9/site-packages/rest_framework/negotiation.py first seen with mtime 1720604144.180769
DEBUG 2024-07-10 09:35:49,454 autoreload File /usr/local/lib/python3.9/asyncio/trsock.py first seen with mtime 1719959277.0
DEBUG 2024-07-10 09:35:49,454 autoreload File /usr/local/lib/python3.9/site-packages/yaml/constructor.py first seen with mtime 1720604136.587769
DEBUG 2024-07-10 09:35:49,454 autoreload File /usr/local/lib/python3.9/html/entities.py first seen with mtime 1719959277.0
DEBUG 2024-07-10 09:35:49,455 autoreload File /usr/local/lib/python3.9/site-packages/sqlparse/formatter.py first seen with mtime 1720604136.515769
DEBUG 2024-07-10 09:35:49,455 autoreload File /usr/local/lib/python3.9/lib-dynload/_lzma.cpython-39-aarch64-linux-gnu.so first seen with mtime 1719959269.0
DEBUG 2024-07-10 09:35:49,455 autoreload File /usr/local/lib/python3.9/site-packages/urllib3/poolmanager.py first seen with mtime 1720604136.374769
DEBUG 2024-07-10 09:35:49,456 autoreload File /usr/local/lib/python3.9/site-packages/environ/compat.py first seen with mtime 1720604138.650769
DEBUG 2024-07-10 09:35:49,456 autoreload File /usr/local/lib/python3.9/site-packages/django/utils/translation/trans_real.py first seen with mtime 1720604143.401769
DEBUG 2024-07-10 09:35:49,457 autoreload File /usr/local/lib/python3.9/site-packages/django/db/backends/ddl_references.py first seen with mtime 1720604143.361769
DEBUG 2024-07-10 09:35:49,457 autoreload File /usr/local/lib/python3.9/site-packages/django/contrib/contenttypes/apps.py first seen with mtime 1720604143.150769
DEBUG 2024-07-10 09:35:49,458 autoreload File /usr/local/lib/python3.9/site-packages/django/views/generic/edit.py first seen with mtime 1720604143.403769
DEBUG 2024-07-10 09:35:49,458 autoreload File /usr/local/lib/python3.9/site-packages/django/contrib/postgres/forms/array.py first seen with mtime 1720604143.258769
DEBUG 2024-07-10 09:35:49,459 autoreload File /usr/local/lib/python3.9/site-packages/yaml/__init__.py first seen with mtime 1720604136.586769
DEBUG 2024-07-10 09:35:49,459 autoreload File /usr/local/lib/python3.9/zoneinfo/_tzpath.py first seen with mtime 1719959277.0
DEBUG 2024-07-10 09:35:49,459 autoreload File /usr/local/lib/python3.9/site-packages/coreapi/transports/base.py first seen with mtime 1720604144.364769
DEBUG 2024-07-10 09:35:49,460 autoreload File /usr/local/lib/python3.9/copyreg.py first seen with mtime 1719959275.0
DEBUG 2024-07-10 09:35:49,460 autoreload File /usr/local/lib/python3.9/site-packages/django/contrib/contenttypes/__init__.py first seen with mtime 1720604143.150769
DEBUG 2024-07-10 09:35:49,460 autoreload File /usr/local/lib/python3.9/site-packages/django/template/backends/base.py first seen with mtime 1720604143.392769
DEBUG 2024-07-10 09:35:49,461 autoreload File /usr/local/lib/python3.9/site-packages/django/db/models/base.py first seen with mtime 1720604143.372769
DEBUG 2024-07-10 09:35:49,461 autoreload File /usr/local/lib/python3.9/site-packages/jinja2/filters.py first seen with mtime 1720604138.896769
DEBUG 2024-07-10 09:35:49,462 autoreload File /usr/local/lib/python3.9/site-packages/django/core/cache/backends/base.py first seen with mtime 1720604143.345769
DEBUG 2024-07-10 09:35:49,462 autoreload File /usr/local/lib/python3.9/token.py first seen with mtime 1719959275.0
DEBUG 2024-07-10 09:35:49,463 autoreload File /usr/local/lib/python3.9/site-packages/charset_normalizer/md.cpython-39-aarch64-linux-gnu.so first seen with mtime 1720604138.708769
DEBUG 2024-07-10 09:35:49,463 autoreload File /usr/local/lib/python3.9/site-packages/django/contrib/messages/utils.py first seen with mtime 1720604143.255769
DEBUG 2024-07-10 09:35:49,463 autoreload File /usr/local/lib/python3.9/asyncio/exceptions.py first seen with mtime 1719959277.0
DEBUG 2024-07-10 09:35:49,464 autoreload File /usr/local/lib/python3.9/site-packages/django/contrib/admin/decorators.py first seen with mtime 1720604143.004769
DEBUG 2024-07-10 09:35:49,464 autoreload File /usr/local/lib/python3.9/site-packages/django/contrib/admin/templatetags/admin_list.py first seen with mtime 1720604143.091769
DEBUG 2024-07-10 09:35:49,465 autoreload File /usr/local/lib/python3.9/site-packages/rest_framework/utils/json.py first seen with mtime 1720604144.2147691
DEBUG 2024-07-10 09:35:49,465 autoreload File /usr/local/lib/python3.9/sre_compile.py first seen with mtime 1719959275.0
DEBUG 2024-07-10 09:35:49,465 autoreload File /usr/local/lib/python3.9/urllib/response.py first seen with mtime 1719959277.0
DEBUG 2024-07-10 09:35:49,466 autoreload File /usr/local/lib/python3.9/site-packages/django/db/backends/base/introspection.py first seen with mtime 1720604143.3627691
DEBUG 2024-07-10 09:35:49,466 autoreload File /usr/local/lib/python3.9/site-packages/django/forms/utils.py first seen with mtime 1720604143.380769
DEBUG 2024-07-10 09:35:49,466 autoreload File /usr/local/lib/python3.9/lib-dynload/fcntl.cpython-39-aarch64-linux-gnu.so first seen with mtime 1719959266.0
DEBUG 2024-07-10 09:35:49,467 autoreload File /usr/local/lib/python3.9/site-packages/idna/package_data.py first seen with mtime 1720604138.534769
DEBUG 2024-07-10 09:35:49,467 autoreload File /usr/local/lib/python3.9/site-packages/django/contrib/postgres/lookups.py first seen with mtime 1720604143.256769
DEBUG 2024-07-10 09:35:49,467 autoreload File /usr/local/lib/python3.9/urllib/error.py first seen with mtime 1719959277.0
DEBUG 2024-07-10 09:35:49,468 autoreload File /usr/local/lib/python3.9/urllib/__init__.py first seen with mtime 1719959277.0
DEBUG 2024-07-10 09:35:49,468 autoreload File /usr/local/lib/python3.9/lib-dynload/grp.cpython-39-aarch64-linux-gnu.so first seen with mtime 1719959265.0
DEBUG 2024-07-10 09:35:49,468 autoreload File /usr/local/lib/python3.9/site-packages/rest_framework/schemas/openapi.py first seen with mtime 1720604144.194769
DEBUG 2024-07-10 09:35:49,469 autoreload File /usr/local/lib/python3.9/site-packages/django/templatetags/cache.py first seen with mtime 1720604143.393769
DEBUG 2024-07-10 09:35:49,469 autoreload File /usr/local/lib/python3.9/site-packages/urllib3/util/response.py first seen with mtime 1720604136.376769
DEBUG 2024-07-10 09:35:49,469 autoreload File /usr/local/lib/python3.9/site-packages/django/contrib/admin/models.py first seen with mtime 1720604143.005769
DEBUG 2024-07-10 09:35:49,470 autoreload File /usr/local/lib/python3.9/site-packages/django/utils/termcolors.py first seen with mtime 1720604143.400769
DEBUG 2024-07-10 09:35:49,470 autoreload File /usr/local/lib/python3.9/xml/dom/minicompat.py first seen with mtime 1719959277.0
DEBUG 2024-07-10 09:35:49,471 autoreload File /usr/local/lib/python3.9/site-packages/urllib3/util/__init__.py first seen with mtime 1720604136.375769
DEBUG 2024-07-10 09:35:49,471 autoreload File /usr/local/lib/python3.9/site-packages/django/core/signing.py first seen with mtime 1720604143.344769
DEBUG 2024-07-10 09:35:49,471 autoreload File /usr/local/lib/python3.9/site-packages/urllib3/util/ssl_match_hostname.py first seen with mtime 1720604136.376769
DEBUG 2024-07-10 09:35:49,472 autoreload File /usr/local/lib/python3.9/socketserver.py first seen with mtime 1719959275.0
DEBUG 2024-07-10 09:35:49,472 autoreload File /usr/local/lib/python3.9/site-packages/certifi/core.py first seen with mtime 1720604138.732769
DEBUG 2024-07-10 09:35:49,472 autoreload File /usr/local/lib/python3.9/site-packages/django/db/backends/mysql/schema.py first seen with mtime 1720604143.364769
DEBUG 2024-07-10 09:35:49,473 autoreload File /usr/local/lib/python3.9/site-packages/django/db/models/sql/query.py first seen with mtime 1720604143.378769
DEBUG 2024-07-10 09:35:49,473 autoreload File /usr/local/lib/python3.9/site-packages/django/utils/duration.py first seen with mtime 1720604143.398769
DEBUG 2024-07-10 09:35:49,473 autoreload File /usr/local/lib/python3.9/site-packages/django/templatetags/__init__.py first seen with mtime 1720604143.393769
DEBUG 2024-07-10 09:35:49,474 autoreload File /usr/local/lib/python3.9/site-packages/django/contrib/auth/password_validation.py first seen with mtime 1720604143.120769
DEBUG 2024-07-10 09:35:49,474 autoreload File /usr/local/lib/python3.9/site-packages/rest_framework/templatetags/rest_framework.py first seen with mtime 1720604144.213769
DEBUG 2024-07-10 09:35:49,474 autoreload File /usr/local/lib/python3.9/site-packages/rest_framework_simplejwt/authentication.py first seen with mtime 1720604145.410769
DEBUG 2024-07-10 09:35:49,475 autoreload File /usr/local/lib/python3.9/site-packages/rest_framework/schemas/generators.py first seen with mtime 1720604144.194769
DEBUG 2024-07-10 09:35:49,475 autoreload File /usr/local/lib/python3.9/unittest/main.py first seen with mtime 1719959277.0
DEBUG 2024-07-10 09:35:49,475 autoreload File /usr/local/lib/python3.9/site-packages/django/core/files/images.py first seen with mtime 1720604143.353769
DEBUG 2024-07-10 09:35:49,476 autoreload File /usr/local/lib/python3.9/site-packages/django/views/decorators/vary.py first seen with mtime 1720604143.402769
DEBUG 2024-07-10 09:35:49,476 autoreload File /usr/local/lib/python3.9/site-packages/django/contrib/messages/api.py first seen with mtime 1720604143.254769
DEBUG 2024-07-10 09:35:49,476 autoreload File /usr/local/lib/python3.9/site-packages/django/db/models/signals.py first seen with mtime 1720604143.374769
DEBUG 2024-07-10 09:35:49,477 autoreload File /usr/local/lib/python3.9/glob.py first seen with mtime 1719959275.0
DEBUG 2024-07-10 09:35:49,477 autoreload File /usr/local/lib/python3.9/site-packages/rest_framework/views.py first seen with mtime 1720604144.182769
DEBUG 2024-07-10 09:35:49,478 autoreload File /usr/local/lib/python3.9/site-packages/django/dispatch/dispatcher.py first seen with mtime 1720604143.379769
DEBUG 2024-07-10 09:35:49,478 autoreload File /usr/local/lib/python3.9/site-packages/django/http/multipartparser.py first seen with mtime 1720604143.388769
DEBUG 2024-07-10 09:35:49,479 autoreload File /usr/local/lib/python3.9/site-packages/requests/compat.py first seen with mtime 1720604138.827769
DEBUG 2024-07-10 09:35:49,479 autoreload File /usr/local/lib/python3.9/site-packages/rest_framework/parsers.py first seen with mtime 1720604144.180769
DEBUG 2024-07-10 09:35:49,479 autoreload File /usr/local/lib/python3.9/site-packages/sqlparse/filters/right_margin.py first seen with mtime 1720604136.516769
DEBUG 2024-07-10 09:35:49,480 autoreload File /usr/local/lib/python3.9/site-packages/idna/__init__.py first seen with mtime 1720604138.533769
DEBUG 2024-07-10 09:35:49,480 autoreload File /usr/local/lib/python3.9/email/utils.py first seen with mtime 1719959277.0
DEBUG 2024-07-10 09:35:49,480 autoreload File /usr/local/lib/python3.9/asyncio/base_subprocess.py first seen with mtime 1719959277.0
DEBUG 2024-07-10 09:35:49,481 autoreload File /app/apps/users/models.py first seen with mtime 1720542273.510298
DEBUG 2024-07-10 09:35:49,481 autoreload File /usr/local/lib/python3.9/site-packages/django/views/decorators/csrf.py first seen with mtime 1720604143.402769
DEBUG 2024-07-10 09:35:49,482 autoreload File /usr/local/lib/python3.9/site-packages/django/contrib/admin/views/main.py first seen with mtime 1720604143.091769
DEBUG 2024-07-10 09:35:49,482 autoreload File /usr/local/lib/python3.9/site-packages/MySQLdb/__init__.py first seen with mtime 1720604138.504769
DEBUG 2024-07-10 09:35:49,482 autoreload File /usr/local/lib/python3.9/site-packages/requests/api.py first seen with mtime 1720604138.826769
DEBUG 2024-07-10 09:35:49,483 autoreload File /usr/local/lib/python3.9/site-packages/psycopg2/__init__.py first seen with mtime 1720604136.701769
DEBUG 2024-07-10 09:35:49,483 autoreload File /usr/local/lib/python3.9/selectors.py first seen with mtime 1719959275.0
DEBUG 2024-07-10 09:35:49,483 autoreload File /usr/local/lib/python3.9/unittest/signals.py first seen with mtime 1719959277.0
DEBUG 2024-07-10 09:35:49,484 autoreload File /usr/local/lib/python3.9/email/mime/multipart.py first seen with mtime 1719959277.0
DEBUG 2024-07-10 09:35:49,484 autoreload File /usr/local/lib/python3.9/site-packages/django/contrib/staticfiles/management/__init__.py first seen with mtime 1720604143.343769
DEBUG 2024-07-10 09:35:49,485 autoreload File /usr/local/lib/python3.9/site-packages/click/parser.py first seen with mtime 1720604138.662769
DEBUG 2024-07-10 09:35:49,485 autoreload File /usr/local/lib/python3.9/zoneinfo/__init__.py first seen with mtime 1719959277.0
DEBUG 2024-07-10 09:35:49,485 autoreload File /usr/local/lib/python3.9/importlib/abc.py first seen with mtime 1719959276.0
DEBUG 2024-07-10 09:35:49,486 autoreload File /usr/local/lib/python3.9/site-packages/django/urls/converters.py first seen with mtime 1720604143.3957691
DEBUG 2024-07-10 09:35:49,486 autoreload File /usr/local/lib/python3.9/site-packages/django/db/models/query_utils.py first seen with mtime 1720604143.374769
DEBUG 2024-07-10 09:35:49,486 autoreload File /usr/local/lib/python3.9/site-packages/django/core/files/storage/handler.py first seen with mtime 1720604143.354769
DEBUG 2024-07-10 09:35:49,487 autoreload File /usr/local/lib/python3.9/site-packages/click/exceptions.py first seen with mtime 1720604138.662769
DEBUG 2024-07-10 09:35:49,487 autoreload File /usr/local/lib/python3.9/wsgiref/simple_server.py first seen with mtime 1719959277.0
DEBUG 2024-07-10 09:35:49,487 autoreload File /usr/local/lib/python3.9/site-packages/django/core/checks/security/sessions.py first seen with mtime 1720604143.352769
DEBUG 2024-07-10 09:35:49,488 autoreload File /usr/local/lib/python3.9/site-packages/asgiref/sync.py first seen with mtime 1720604139.034769
DEBUG 2024-07-10 09:35:49,488 autoreload File /usr/local/lib/python3.9/site-packages/django/core/checks/async_checks.py first seen with mtime 1720604143.347769
DEBUG 2024-07-10 09:35:49,489 autoreload File /usr/local/lib/python3.9/site-packages/django/core/checks/compatibility/__init__.py first seen with mtime 1720604143.352769
DEBUG 2024-07-10 09:35:49,489 autoreload File /usr/local/lib/python3.9/site-packages/django/utils/crypto.py first seen with mtime 1720604143.397769
DEBUG 2024-07-10 09:35:49,489 autoreload File /app/apps/entry/urls.py first seen with mtime 1720512557.4511504
DEBUG 2024-07-10 09:35:49,490 autoreload File /usr/local/lib/python3.9/site-packages/coreschema/formats.py first seen with mtime 1720604144.156769
DEBUG 2024-07-10 09:35:49,490 autoreload File /usr/local/lib/python3.9/site-packages/uritemplate/__init__.py first seen with mtime 1720604136.421769
DEBUG 2024-07-10 09:35:49,491 autoreload File /usr/local/lib/python3.9/site-packages/django/contrib/sites/shortcuts.py first seen with mtime 1720604143.321769
DEBUG 2024-07-10 09:35:49,491 autoreload File /usr/local/lib/python3.9/site-packages/django/test/testcases.py first seen with mtime 1720604143.3957691
DEBUG 2024-07-10 09:35:49,491 autoreload File /usr/local/lib/python3.9/site-packages/django/utils/text.py first seen with mtime 1720604143.400769
DEBUG 2024-07-10 09:35:49,492 autoreload File /usr/local/lib/python3.9/site-packages/drf_yasg/app_settings.py first seen with mtime 1720604145.300769
DEBUG 2024-07-10 09:35:49,492 autoreload File /usr/local/lib/python3.9/site-packages/charset_normalizer/utils.py first seen with mtime 1720604138.709769
DEBUG 2024-07-10 09:35:49,492 autoreload File /usr/local/lib/python3.9/xml/dom/minidom.py first seen with mtime 1719959277.0
DEBUG 2024-07-10 09:35:49,493 autoreload File /usr/local/lib/python3.9/site-packages/django/core/files/temp.py first seen with mtime 1720604143.353769
DEBUG 2024-07-10 09:35:49,493 autoreload File /usr/local/lib/python3.9/site-packages/urllib3/util/ssltransport.py first seen with mtime 1720604136.376769
DEBUG 2024-07-10 09:35:49,494 autoreload File /usr/local/lib/python3.9/site-packages/rest_framework/serializers.py first seen with mtime 1720604144.181769
DEBUG 2024-07-10 09:35:49,494 autoreload File /usr/local/lib/python3.9/site-packages/coreschema/encodings/html.py first seen with mtime 1720604144.157769
DEBUG 2024-07-10 09:35:49,494 autoreload File /usr/local/lib/python3.9/site-packages/django/contrib/admin/views/decorators.py first seen with mtime 1720604143.091769
DEBUG 2024-07-10 09:35:49,495 autoreload File /usr/local/lib/python3.9/site-packages/markupsafe/_speedups.cpython-39-aarch64-linux-gnu.so first seen with mtime 1720604138.521769
DEBUG 2024-07-10 09:35:49,495 autoreload File /usr/local/lib/python3.9/ipaddress.py first seen with mtime 1719959275.0
DEBUG 2024-07-10 09:35:49,496 autoreload File /usr/local/lib/python3.9/importlib/machinery.py first seen with mtime 1719959276.0
DEBUG 2024-07-10 09:35:49,496 autoreload File /usr/local/lib/python3.9/site-packages/django/db/models/functions/__init__.py first seen with mtime 1720604143.376769
DEBUG 2024-07-10 09:35:49,496 autoreload File /usr/local/lib/python3.9/site-packages/pytz/exceptions.py first seen with mtime 1720604136.249769
DEBUG 2024-07-10 09:35:49,497 autoreload File /usr/local/lib/python3.9/site-packages/django/db/models/sql/where.py first seen with mtime 1720604143.378769
DEBUG 2024-07-10 09:35:49,497 autoreload File /usr/local/lib/python3.9/zipfile.py first seen with mtime 1719959275.0
DEBUG 2024-07-10 09:35:49,498 autoreload File /usr/local/lib/python3.9/site-packages/rest_framework/utils/humanize_datetime.py first seen with mtime 1720604144.2147691
DEBUG 2024-07-10 09:35:49,498 autoreload File /usr/local/lib/python3.9/site-packages/django/core/mail/message.py first seen with mtime 1720604143.355769
DEBUG 2024-07-10 09:35:49,498 autoreload File /usr/local/lib/python3.9/site-packages/rest_framework/renderers.py first seen with mtime 1720604144.180769
DEBUG 2024-07-10 09:35:49,499 autoreload File /usr/local/lib/python3.9/zoneinfo/_common.py first seen with mtime 1719959277.0
DEBUG 2024-07-10 09:35:49,499 autoreload File /usr/local/lib/python3.9/site-packages/django/contrib/contenttypes/fields.py first seen with mtime 1720604143.150769
DEBUG 2024-07-10 09:35:49,499 autoreload File /usr/local/lib/python3.9/site-packages/django/template/autoreload.py first seen with mtime 1720604143.390769
DEBUG 2024-07-10 09:35:49,500 autoreload File /usr/local/lib/python3.9/site-packages/django/contrib/auth/models.py first seen with mtime 1720604143.119769
DEBUG 2024-07-10 09:35:49,500 autoreload File /usr/local/lib/python3.9/site-packages/django/contrib/admin/options.py first seen with mtime 1720604143.005769
DEBUG 2024-07-10 09:35:49,501 autoreload File /usr/local/lib/python3.9/pprint.py first seen with mtime 1719959275.0
DEBUG 2024-07-10 09:35:49,501 autoreload File /usr/local/lib/python3.9/site-packages/django/views/i18n.py first seen with mtime 1720604143.402769
DEBUG 2024-07-10 09:35:49,502 autoreload File /usr/local/lib/python3.9/site-packages/django/core/files/__init__.py first seen with mtime 1720604143.352769
DEBUG 2024-07-10 09:35:49,502 autoreload File /usr/local/lib/python3.9/site-packages/django/contrib/auth/validators.py first seen with mtime 1720604143.120769
DEBUG 2024-07-10 09:35:49,502 autoreload File /usr/local/lib/python3.9/site-packages/rest_framework_simplejwt/utils.py first seen with mtime 1720604145.410769
DEBUG 2024-07-10 09:35:49,503 autoreload File /usr/local/lib/python3.9/site-packages/django/db/backends/signals.py first seen with mtime 1720604143.361769
DEBUG 2024-07-10 09:35:49,503 autoreload File /usr/local/lib/python3.9/site-packages/requests/structures.py first seen with mtime 1720604138.828769
DEBUG 2024-07-10 09:35:49,503 autoreload File /usr/local/lib/python3.9/site-packages/rest_framework_simplejwt/tokens.py first seen with mtime 1720604145.410769
DEBUG 2024-07-10 09:35:49,504 autoreload File /usr/local/lib/python3.9/site-packages/rest_framework/permissions.py first seen with mtime 1720604144.180769
DEBUG 2024-07-10 09:35:49,504 autoreload File /usr/local/lib/python3.9/site-packages/django/contrib/postgres/fields/jsonb.py first seen with mtime 1720604143.257769
DEBUG 2024-07-10 09:35:49,504 autoreload File /usr/local/lib/python3.9/site-packages/django/http/__init__.py first seen with mtime 1720604143.388769
DEBUG 2024-07-10 09:35:49,505 autoreload File /usr/local/lib/python3.9/site-packages/pkg_resources/_vendor/packaging/markers.py first seen with mtime 1719989270.0
DEBUG 2024-07-10 09:35:49,505 autoreload File /usr/local/lib/python3.9/asyncio/futures.py first seen with mtime 1719959277.0
DEBUG 2024-07-10 09:35:49,506 autoreload File /usr/local/lib/python3.9/encodings/idna.py first seen with mtime 1719959277.0
DEBUG 2024-07-10 09:35:49,506 autoreload File /usr/local/lib/python3.9/site-packages/charset_normalizer/api.py first seen with mtime 1720604138.709769
DEBUG 2024-07-10 09:35:49,506 autoreload File /usr/local/lib/python3.9/site-packages/django/forms/widgets.py first seen with mtime 1720604143.380769
DEBUG 2024-07-10 09:35:49,507 autoreload File /usr/local/lib/python3.9/site-packages/django/db/backends/postgresql/psycopg_any.py first seen with mtime 1720604143.367769
DEBUG 2024-07-10 09:35:49,507 autoreload File /usr/local/lib/python3.9/site-packages/coreschema/utils.py first seen with mtime 1720604144.157769
DEBUG 2024-07-10 09:35:49,508 autoreload File /usr/local/lib/python3.9/site-packages/django/contrib/postgres/fields/citext.py first seen with mtime 1720604143.257769
DEBUG 2024-07-10 09:35:49,508 autoreload File /usr/local/lib/python3.9/asyncio/selector_events.py first seen with mtime 1719959277.0
DEBUG 2024-07-10 09:35:49,508 autoreload File /usr/local/lib/python3.9/site-packages/jinja2/lexer.py first seen with mtime 1720604138.896769
DEBUG 2024-07-10 09:35:49,509 autoreload File /usr/local/lib/python3.9/site.py first seen with mtime 1719959275.0
DEBUG 2024-07-10 09:35:49,509 autoreload File /usr/local/lib/python3.9/lib-dynload/binascii.cpython-39-aarch64-linux-gnu.so first seen with mtime 1719959269.0
DEBUG 2024-07-10 09:35:49,509 autoreload File /usr/local/lib/python3.9/secrets.py first seen with mtime 1719959275.0
DEBUG 2024-07-10 09:35:49,510 autoreload File /usr/local/lib/python3.9/site-packages/coreapi/codecs/jsondata.py first seen with mtime 1720604144.363769
DEBUG 2024-07-10 09:35:49,510 autoreload File /usr/local/lib/python3.9/logging/__init__.py first seen with mtime 1719959277.0
DEBUG 2024-07-10 09:35:49,510 autoreload File /usr/local/lib/python3.9/site-packages/django/contrib/admin/utils.py first seen with mtime 1720604143.006769
DEBUG 2024-07-10 09:35:49,511 autoreload File /usr/local/lib/python3.9/email/mime/nonmultipart.py first seen with mtime 1719959277.0
DEBUG 2024-07-10 09:35:49,511 autoreload File /usr/local/lib/python3.9/site-packages/django/apps/__init__.py first seen with mtime 1720604142.9417691
DEBUG 2024-07-10 09:35:49,512 autoreload File /usr/local/lib/python3.9/site-packages/django/contrib/staticfiles/finders.py first seen with mtime 1720604143.342769
DEBUG 2024-07-10 09:35:49,512 autoreload File /usr/local/lib/python3.9/_weakrefset.py first seen with mtime 1719959275.0
DEBUG 2024-07-10 09:35:49,512 autoreload File /usr/local/lib/python3.9/site-packages/django/contrib/staticfiles/apps.py first seen with mtime 1720604143.342769
DEBUG 2024-07-10 09:35:49,513 autoreload File /usr/local/lib/python3.9/encodings/latin_1.py first seen with mtime 1719959277.0
DEBUG 2024-07-10 09:35:49,513 autoreload File /usr/local/lib/python3.9/lib-dynload/_asyncio.cpython-39-aarch64-linux-gnu.so first seen with mtime 1719959266.0
DEBUG 2024-07-10 09:35:49,514 autoreload File /usr/local/lib/python3.9/site-packages/rest_framework/utils/formatting.py first seen with mtime 1720604144.213769
DEBUG 2024-07-10 09:35:49,514 autoreload File /usr/local/lib/python3.9/site-packages/django/contrib/staticfiles/__init__.py first seen with mtime 1720604143.342769
DEBUG 2024-07-10 09:35:49,514 autoreload File /usr/local/lib/python3.9/site-packages/django/contrib/contenttypes/management/__init__.py first seen with mtime 1720604143.171769
DEBUG 2024-07-10 09:35:49,515 autoreload File /usr/local/lib/python3.9/calendar.py first seen with mtime 1719959275.0
DEBUG 2024-07-10 09:35:49,515 autoreload File /usr/local/lib/python3.9/asyncio/subprocess.py first seen with mtime 1719959277.0
DEBUG 2024-07-10 09:35:49,516 autoreload File /usr/local/lib/python3.9/site-packages/django/db/backends/base/client.py first seen with mtime 1720604143.3627691
DEBUG 2024-07-10 09:35:49,516 autoreload File /usr/local/lib/python3.9/site-packages/coreschema/compat.py first seen with mtime 1720604144.156769
DEBUG 2024-07-10 09:35:49,517 autoreload File /usr/local/lib/python3.9/xml/dom/domreg.py first seen with mtime 1719959277.0
DEBUG 2024-07-10 09:35:49,517 autoreload File /usr/local/lib/python3.9/email/_encoded_words.py first seen with mtime 1719959277.0
DEBUG 2024-07-10 09:35:49,518 autoreload File /usr/local/lib/python3.9/site-packages/django/db/models/expressions.py first seen with mtime 1720604143.372769
DEBUG 2024-07-10 09:35:49,518 autoreload File /usr/local/lib/python3.9/site-packages/django/db/models/sql/datastructures.py first seen with mtime 1720604143.378769
DEBUG 2024-07-10 09:35:49,518 autoreload File /usr/local/lib/python3.9/site-packages/django/db/models/indexes.py first seen with mtime 1720604143.373769
DEBUG 2024-07-10 09:35:49,519 autoreload File /usr/local/lib/python3.9/collections/abc.py first seen with mtime 1719959277.0
DEBUG 2024-07-10 09:35:49,520 autoreload File /usr/local/lib/python3.9/site-packages/django/apps/registry.py first seen with mtime 1720604142.9417691
DEBUG 2024-07-10 09:35:49,520 autoreload File /usr/local/lib/python3.9/site-packages/django/contrib/staticfiles/management/commands/__init__.py first seen with mtime 1720604143.343769
DEBUG 2024-07-10 09:35:49,520 autoreload File /usr/local/lib/python3.9/ntpath.py first seen with mtime 1719959275.0
DEBUG 2024-07-10 09:35:49,521 autoreload File /usr/local/lib/python3.9/_bootlocale.py first seen with mtime 1719959275.0
DEBUG 2024-07-10 09:35:49,521 autoreload File /usr/local/lib/python3.9/email/feedparser.py first seen with mtime 1719959277.0
DEBUG 2024-07-10 09:35:49,521 autoreload File /usr/local/lib/python3.9/site-packages/django/core/management/sql.py first seen with mtime 1720604143.356769
DEBUG 2024-07-10 09:35:49,522 autoreload File /usr/local/lib/python3.9/site-packages/django/conf/global_settings.py first seen with mtime 1720604142.942769
DEBUG 2024-07-10 09:35:49,523 autoreload File /usr/local/lib/python3.9/site-packages/rest_framework/validators.py first seen with mtime 1720604144.182769
DEBUG 2024-07-10 09:35:49,523 autoreload File /usr/local/lib/python3.9/uuid.py first seen with mtime 1719959275.0
DEBUG 2024-07-10 09:35:49,524 autoreload File /usr/local/lib/python3.9/site-packages/django/template/defaultfilters.py first seen with mtime 1720604143.390769
DEBUG 2024-07-10 09:35:49,524 autoreload File /usr/local/lib/python3.9/unittest/__init__.py first seen with mtime 1719959277.0
DEBUG 2024-07-10 09:35:49,524 autoreload File /usr/local/lib/python3.9/lib-dynload/math.cpython-39-aarch64-linux-gnu.so first seen with mtime 1719959265.0
DEBUG 2024-07-10 09:35:49,525 autoreload File /usr/local/lib/python3.9/site-packages/requests/models.py first seen with mtime 1720604138.827769
DEBUG 2024-07-10 09:35:49,525 autoreload File /usr/local/lib/python3.9/site-packages/requests/certs.py first seen with mtime 1720604138.827769
DEBUG 2024-07-10 09:35:49,525 autoreload File /usr/local/lib/python3.9/asyncio/tasks.py first seen with mtime 1719959277.0
DEBUG 2024-07-10 09:35:49,526 autoreload File /usr/local/lib/python3.9/site-packages/jinja2/__init__.py first seen with mtime 1720604138.894769
DEBUG 2024-07-10 09:35:49,526 autoreload File /usr/local/lib/python3.9/site-packages/yaml/nodes.py first seen with mtime 1720604136.586769
DEBUG 2024-07-10 09:35:49,526 autoreload File /usr/local/lib/python3.9/lib-dynload/termios.cpython-39-aarch64-linux-gnu.so first seen with mtime 1719959268.0
DEBUG 2024-07-10 09:35:49,527 autoreload File /usr/local/lib/python3.9/asyncio/events.py first seen with mtime 1719959277.0
DEBUG 2024-07-10 09:35:49,527 autoreload File /usr/local/lib/python3.9/site-packages/django/db/models/functions/datetime.py first seen with mtime 1720604143.376769
DEBUG 2024-07-10 09:35:49,527 autoreload File /usr/local/lib/python3.9/ast.py first seen with mtime 1719959275.0
DEBUG 2024-07-10 09:35:49,528 autoreload File /usr/local/lib/python3.9/site-packages/django/contrib/auth/admin.py first seen with mtime 1720604143.118769
DEBUG 2024-07-10 09:35:49,528 autoreload File /usr/local/lib/python3.9/string.py first seen with mtime 1719959275.0
DEBUG 2024-07-10 09:35:49,528 autoreload File /usr/local/lib/python3.9/site-packages/django/contrib/messages/constants.py first seen with mtime 1720604143.254769
DEBUG 2024-07-10 09:35:49,529 autoreload File /usr/local/lib/python3.9/site-packages/django/contrib/admin/views/__init__.py first seen with mtime 1720604143.091769
DEBUG 2024-07-10 09:35:49,529 autoreload File /usr/local/lib/python3.9/site-packages/drf_yasg/__init__.py first seen with mtime 1720604145.300769
DEBUG 2024-07-10 09:35:49,529 autoreload File /usr/local/lib/python3.9/site-packages/asgiref/current_thread_executor.py first seen with mtime 1720604139.033769
DEBUG 2024-07-10 09:35:49,530 autoreload File /usr/local/lib/python3.9/site-packages/django/views/static.py first seen with mtime 1720604143.402769
DEBUG 2024-07-10 09:35:49,530 autoreload File /usr/local/lib/python3.9/site-packages/environ/__init__.py first seen with mtime 1720604138.650769
DEBUG 2024-07-10 09:35:49,531 autoreload File /usr/local/lib/python3.9/site-packages/django/template/utils.py first seen with mtime 1720604143.392769
DEBUG 2024-07-10 09:35:49,531 autoreload File /usr/local/lib/python3.9/site-packages/django/contrib/admin/checks.py first seen with mtime 1720604143.004769
DEBUG 2024-07-10 09:35:49,531 autoreload File /usr/local/lib/python3.9/site-packages/django/views/decorators/cache.py first seen with mtime 1720604143.402769
DEBUG 2024-07-10 09:35:49,532 autoreload File /usr/local/lib/python3.9/site-packages/django/core/mail/utils.py first seen with mtime 1720604143.355769
DEBUG 2024-07-10 09:35:49,532 autoreload File /usr/local/lib/python3.9/site-packages/django/urls/conf.py first seen with mtime 1720604143.3957691
DEBUG 2024-07-10 09:35:49,532 autoreload File /usr/local/lib/python3.9/site-packages/django/db/migrations/utils.py first seen with mtime 1720604143.370769
DEBUG 2024-07-10 09:35:49,533 autoreload File /usr/local/lib/python3.9/site-packages/MySQLdb/times.py first seen with mtime 1720604138.506769
DEBUG 2024-07-10 09:35:49,533 autoreload File /usr/local/lib/python3.9/email/quoprimime.py first seen with mtime 1719959277.0
DEBUG 2024-07-10 09:35:49,534 autoreload File /usr/local/lib/python3.9/site-packages/django/db/models/fields/__init__.py first seen with mtime 1720604143.374769
DEBUG 2024-07-10 09:35:49,534 autoreload File /usr/local/lib/python3.9/wsgiref/handlers.py first seen with mtime 1719959277.0
DEBUG 2024-07-10 09:35:49,534 autoreload File /usr/local/lib/python3.9/lib-dynload/_csv.cpython-39-aarch64-linux-gnu.so first seen with mtime 1719959266.0
DEBUG 2024-07-10 09:35:49,535 autoreload File /usr/local/lib/python3.9/site-packages/django/utils/translation/reloader.py first seen with mtime 1720604143.401769
DEBUG 2024-07-10 09:35:49,535 autoreload File /usr/local/lib/python3.9/site-packages/yaml/resolver.py first seen with mtime 1720604136.586769
DEBUG 2024-07-10 09:35:49,535 autoreload File /usr/local/lib/python3.9/site-packages/django/db/models/functions/text.py first seen with mtime 1720604143.377769
DEBUG 2024-07-10 09:35:49,536 autoreload File /usr/local/lib/python3.9/site-packages/sqlparse/engine/__init__.py first seen with mtime 1720604136.516769
DEBUG 2024-07-10 09:35:49,536 autoreload File /usr/local/lib/python3.9/site-packages/django/utils/ipv6.py first seen with mtime 1720604143.399769
DEBUG 2024-07-10 09:35:49,537 autoreload File /usr/local/lib/python3.9/concurrent/__init__.py first seen with mtime 1719959277.0
DEBUG 2024-07-10 09:35:49,537 autoreload File /usr/local/lib/python3.9/xml/parsers/expat.py first seen with mtime 1719959277.0
DEBUG 2024-07-10 09:35:49,537 autoreload File /usr/local/lib/python3.9/site-packages/django/utils/dates.py first seen with mtime 1720604143.397769
DEBUG 2024-07-10 09:35:49,538 autoreload File /usr/local/lib/python3.9/site-packages/drf_yasg/errors.py first seen with mtime 1720604145.301769
DEBUG 2024-07-10 09:35:49,538 autoreload File /usr/local/lib/python3.9/site-packages/django/core/files/move.py first seen with mtime 1720604143.353769
DEBUG 2024-07-10 09:35:49,538 autoreload File /usr/local/lib/python3.9/site-packages/django/db/backends/base/validation.py first seen with mtime 1720604143.363769
DEBUG 2024-07-10 09:35:49,539 autoreload File /app/config/__init__.py first seen with mtime 1720164569.0897193
DEBUG 2024-07-10 09:35:49,539 autoreload File /usr/local/lib/python3.9/site-packages/django/views/debug.py first seen with mtime 1720604143.401769
DEBUG 2024-07-10 09:35:49,540 autoreload File /usr/local/lib/python3.9/site-packages/django/views/decorators/common.py first seen with mtime 1720604143.402769
DEBUG 2024-07-10 09:35:49,540 autoreload File /usr/local/lib/python3.9/site-packages/django/core/files/base.py first seen with mtime 1720604143.353769
DEBUG 2024-07-10 09:35:49,540 autoreload File /usr/local/lib/python3.9/site-packages/django/db/backends/base/features.py first seen with mtime 1720604143.3627691
DEBUG 2024-07-10 09:35:49,541 autoreload File /usr/local/lib/python3.9/site-packages/click/types.py first seen with mtime 1720604138.663769
DEBUG 2024-07-10 09:35:49,541 autoreload File /usr/local/lib/python3.9/site-packages/django/db/models/fields/related_descriptors.py first seen with mtime 1720604143.376769
DEBUG 2024-07-10 09:35:49,541 autoreload File /usr/local/lib/python3.9/site-packages/pytz/lazy.py first seen with mtime 1720604136.249769
DEBUG 2024-07-10 09:35:49,542 autoreload File /usr/local/lib/python3.9/site-packages/django/core/checks/caches.py first seen with mtime 1720604143.347769
DEBUG 2024-07-10 09:35:49,542 autoreload File /usr/local/lib/python3.9/site-packages/django/template/engine.py first seen with mtime 1720604143.391769
DEBUG 2024-07-10 09:35:49,543 autoreload File /usr/local/lib/python3.9/site-packages/django/template/loaders/filesystem.py first seen with mtime 1720604143.393769
DEBUG 2024-07-10 09:35:49,543 autoreload File /usr/local/lib/python3.9/site-packages/django/db/backends/base/schema.py first seen with mtime 1720604143.363769
DEBUG 2024-07-10 09:35:49,544 autoreload File /usr/local/lib/python3.9/site-packages/psycopg2/_range.py first seen with mtime 1720604136.701769
DEBUG 2024-07-10 09:35:49,544 autoreload File /usr/local/lib/python3.9/site-packages/django/db/models/lookups.py first seen with mtime 1720604143.373769
DEBUG 2024-07-10 09:35:49,545 autoreload File /usr/local/lib/python3.9/site-packages/jinja2/environment.py first seen with mtime 1720604138.8957691
DEBUG 2024-07-10 09:35:49,545 autoreload File /usr/local/lib/python3.9/site-packages/django/utils/version.py first seen with mtime 1720604143.400769
DEBUG 2024-07-10 09:35:49,546 autoreload File /usr/local/lib/python3.9/site-packages/django/utils/deprecation.py first seen with mtime 1720604143.398769
DEBUG 2024-07-10 09:35:49,546 autoreload File /usr/local/lib/python3.9/site-packages/sqlparse/utils.py first seen with mtime 1720604136.515769
DEBUG 2024-07-10 09:35:49,547 autoreload File /usr/local/lib/python3.9/xml/dom/__init__.py first seen with mtime 1719959277.0
DEBUG 2024-07-10 09:35:49,547 autoreload File /usr/local/lib/python3.9/site-packages/rest_framework/metadata.py first seen with mtime 1720604144.179769
DEBUG 2024-07-10 09:35:49,547 autoreload File /usr/local/lib/python3.9/site-packages/pkg_resources/_vendor/packaging/utils.py first seen with mtime 1719989270.0
DEBUG 2024-07-10 09:35:49,548 autoreload File /usr/local/lib/python3.9/email/generator.py first seen with mtime 1719959277.0
DEBUG 2024-07-10 09:35:49,548 autoreload File /usr/local/lib/python3.9/site-packages/django/contrib/auth/tokens.py first seen with mtime 1720604143.120769
DEBUG 2024-07-10 09:35:49,549 autoreload File /usr/local/lib/python3.9/gzip.py first seen with mtime 1719959275.0
DEBUG 2024-07-10 09:35:49,549 autoreload File /usr/local/lib/python3.9/site-packages/django/utils/cache.py first seen with mtime 1720604143.397769
DEBUG 2024-07-10 09:35:49,549 autoreload File /usr/local/lib/python3.9/site-packages/django/utils/dateparse.py first seen with mtime 1720604143.397769
DEBUG 2024-07-10 09:35:49,550 autoreload File /usr/local/lib/python3.9/site-packages/django/views/generic/__init__.py first seen with mtime 1720604143.403769
DEBUG 2024-07-10 09:35:49,550 autoreload File /usr/local/lib/python3.9/site-packages/sqlparse/engine/filter_stack.py first seen with mtime 1720604136.516769
DEBUG 2024-07-10 09:35:49,550 autoreload File /usr/local/lib/python3.9/site-packages/rest_framework/utils/timezone.py first seen with mtime 1720604144.2147691
DEBUG 2024-07-10 09:35:49,551 autoreload File /usr/local/lib/python3.9/site-packages/django/contrib/messages/apps.py first seen with mtime 1720604143.254769
DEBUG 2024-07-10 09:35:49,551 autoreload File /usr/local/lib/python3.9/site-packages/django/contrib/staticfiles/checks.py first seen with mtime 1720604143.342769
DEBUG 2024-07-10 09:35:49,551 autoreload File /usr/local/lib/python3.9/urllib/request.py first seen with mtime 1719959277.0
DEBUG 2024-07-10 09:35:49,552 autoreload File /usr/local/lib/python3.9/email/contentmanager.py first seen with mtime 1719959277.0
DEBUG 2024-07-10 09:35:49,552 autoreload File /usr/local/lib/python3.9/site-packages/charset_normalizer/models.py first seen with mtime 1720604138.709769
DEBUG 2024-07-10 09:35:49,553 autoreload File /usr/local/lib/python3.9/site-packages/django/db/models/aggregates.py first seen with mtime 1720604143.371769
DEBUG 2024-07-10 09:35:49,553 autoreload File /usr/local/lib/python3.9/site-packages/drf_yasg/openapi.py first seen with mtime 1720604145.301769
DEBUG 2024-07-10 09:35:49,553 autoreload File /usr/local/lib/python3.9/site-packages/django/contrib/messages/__init__.py first seen with mtime 1720604143.254769
DEBUG 2024-07-10 09:35:49,554 autoreload File /usr/local/lib/python3.9/site-packages/django/urls/utils.py first seen with mtime 1720604143.396769
DEBUG 2024-07-10 09:35:49,554 autoreload File /usr/local/lib/python3.9/site-packages/django/db/models/fields/mixins.py first seen with mtime 1720604143.375769
DEBUG 2024-07-10 09:35:49,554 autoreload File /usr/local/lib/python3.9/site-packages/coreapi/utils.py first seen with mtime 1720604144.363769
DEBUG 2024-07-10 09:35:49,554 autoreload File /usr/local/lib/python3.9/http/cookiejar.py first seen with mtime 1719959277.0
DEBUG 2024-07-10 09:35:49,555 autoreload File /usr/local/lib/python3.9/html/__init__.py first seen with mtime 1719959277.0
DEBUG 2024-07-10 09:35:49,555 autoreload File /usr/local/lib/python3.9/site-packages/urllib3/util/request.py first seen with mtime 1720604136.376769
DEBUG 2024-07-10 09:35:49,555 autoreload File /usr/local/lib/python3.9/site-packages/urllib3/contrib/socks.py first seen with mtime 1720604136.375769
DEBUG 2024-07-10 09:35:49,556 autoreload File /usr/local/lib/python3.9/site-packages/django/forms/__init__.py first seen with mtime 1720604143.379769
DEBUG 2024-07-10 09:35:49,556 autoreload File /usr/local/lib/python3.9/email/policy.py first seen with mtime 1719959277.0
DEBUG 2024-07-10 09:35:49,557 autoreload File /usr/local/lib/python3.9/site-packages/django/template/defaulttags.py first seen with mtime 1720604143.391769
DEBUG 2024-07-10 09:35:49,557 autoreload File /usr/local/lib/python3.9/weakref.py first seen with mtime 1719959275.0
DEBUG 2024-07-10 09:35:49,558 autoreload File /usr/local/lib/python3.9/site-packages/django/db/models/fields/related.py first seen with mtime 1720604143.375769
DEBUG 2024-07-10 09:35:49,558 autoreload File /usr/local/lib/python3.9/site-packages/uritemplate/variable.py first seen with mtime 1720604136.422769
DEBUG 2024-07-10 09:35:49,559 autoreload File /usr/local/lib/python3.9/site-packages/certifi/__init__.py first seen with mtime 1720604138.730769
DEBUG 2024-07-10 09:35:49,559 autoreload File /usr/local/lib/python3.9/site-packages/django/contrib/admin/widgets.py first seen with mtime 1720604143.006769
DEBUG 2024-07-10 09:35:49,560 autoreload File /usr/local/lib/python3.9/site-packages/MySQLdb/_exceptions.py first seen with mtime 1720604138.504769
DEBUG 2024-07-10 09:35:49,560 autoreload File /usr/local/lib/python3.9/site-packages/click/formatting.py first seen with mtime 1720604138.662769
DEBUG 2024-07-10 09:35:49,561 autoreload File /usr/local/lib/python3.9/lib-dynload/_zoneinfo.cpython-39-aarch64-linux-gnu.so first seen with mtime 1719959265.0
DEBUG 2024-07-10 09:35:49,561 autoreload File /usr/local/lib/python3.9/site-packages/sqlparse/sql.py first seen with mtime 1720604136.515769
DEBUG 2024-07-10 09:35:49,561 autoreload File /usr/local/lib/python3.9/site-packages/yaml/error.py first seen with mtime 1720604136.587769
DEBUG 2024-07-10 09:35:49,562 autoreload File /usr/local/lib/python3.9/site-packages/urllib3/_base_connection.py first seen with mtime 1720604136.372769
DEBUG 2024-07-10 09:35:49,562 autoreload File /usr/local/lib/python3.9/site-packages/requests/__init__.py first seen with mtime 1720604138.826769
DEBUG 2024-07-10 09:35:49,563 autoreload File /app/apps/entry/views.py first seen with mtime 1720513188.6477406
DEBUG 2024-07-10 09:35:49,563 autoreload File /usr/local/lib/python3.9/site-packages/requests/__version__.py first seen with mtime 1720604138.826769
DEBUG 2024-07-10 09:35:49,564 autoreload File /usr/local/lib/python3.9/site-packages/drf_yasg/generators.py first seen with mtime 1720604145.301769
DEBUG 2024-07-10 09:35:49,564 autoreload File /usr/local/lib/python3.9/site-packages/django/utils/numberformat.py first seen with mtime 1720604143.399769
DEBUG 2024-07-10 09:35:49,565 autoreload File /usr/local/lib/python3.9/lib-dynload/_socket.cpython-39-aarch64-linux-gnu.so first seen with mtime 1719959268.0
DEBUG 2024-07-10 09:35:49,565 autoreload File /usr/local/lib/python3.9/site-packages/django/template/library.py first seen with mtime 1720604143.391769
DEBUG 2024-07-10 09:35:49,566 autoreload File /usr/local/lib/python3.9/site-packages/rest_framework/utils/html.py first seen with mtime 1720604144.2147691
DEBUG 2024-07-10 09:35:49,566 autoreload File /usr/local/lib/python3.9/site-packages/rest_framework_simplejwt/models.py first seen with mtime 1720604145.410769
DEBUG 2024-07-10 09:35:49,567 autoreload File /usr/local/lib/python3.9/xml/dom/xmlbuilder.py first seen with mtime 1719959277.0
DEBUG 2024-07-10 09:35:49,567 autoreload File /usr/local/lib/python3.9/email/mime/message.py first seen with mtime 1719959277.0
DEBUG 2024-07-10 09:35:49,570 autoreload File /usr/local/lib/python3.9/site-packages/yaml/_yaml.cpython-39-aarch64-linux-gnu.so first seen with mtime 1720604136.585769
DEBUG 2024-07-10 09:35:49,570 autoreload File /usr/local/lib/python3.9/concurrent/futures/__init__.py first seen with mtime 1719959277.0
DEBUG 2024-07-10 09:35:49,571 autoreload File /usr/local/lib/python3.9/importlib/util.py first seen with mtime 1719959276.0
DEBUG 2024-07-10 09:35:49,571 autoreload File /usr/local/lib/python3.9/site-packages/sqlparse/filters/output.py first seen with mtime 1720604136.516769
DEBUG 2024-07-10 09:35:49,572 autoreload File /usr/local/lib/python3.9/site-packages/socks.py first seen with mtime 1720604136.629769
DEBUG 2024-07-10 09:35:49,572 autoreload File /usr/local/lib/python3.9/site-packages/django/contrib/admindocs/utils.py first seen with mtime 1720604143.092769
DEBUG 2024-07-10 09:35:49,572 autoreload File /usr/local/lib/python3.9/site-packages/django/core/files/storage/filesystem.py first seen with mtime 1720604143.354769
DEBUG 2024-07-10 09:35:49,573 autoreload File /usr/local/lib/python3.9/site-packages/psycopg2/extras.py first seen with mtime 1720604136.701769
DEBUG 2024-07-10 09:35:49,573 autoreload File /usr/local/lib/python3.9/site-packages/coreapi/compat.py first seen with mtime 1720604144.3627691
DEBUG 2024-07-10 09:35:49,574 autoreload File /usr/local/lib/python3.9/site-packages/django/contrib/postgres/fields/ranges.py first seen with mtime 1720604143.257769
DEBUG 2024-07-10 09:35:49,574 autoreload File /usr/local/lib/python3.9/site-packages/django/contrib/auth/checks.py first seen with mtime 1720604143.118769
DEBUG 2024-07-10 09:35:49,574 autoreload File /usr/local/lib/python3.9/site-packages/packaging/__init__.py first seen with mtime 1720604136.907769
DEBUG 2024-07-10 09:35:49,575 autoreload File /usr/local/lib/python3.9/site-packages/django/test/client.py first seen with mtime 1720604143.394769
DEBUG 2024-07-10 09:35:49,575 autoreload File /usr/local/lib/python3.9/site-packages/django/utils/regex_helper.py first seen with mtime 1720604143.399769
DEBUG 2024-07-10 09:35:49,576 autoreload File /usr/local/lib/python3.9/site-packages/django/db/models/sql/constants.py first seen with mtime 1720604143.377769
DEBUG 2024-07-10 09:35:49,576 autoreload File /usr/local/lib/python3.9/site-packages/jinja2/async_utils.py first seen with mtime 1720604138.894769
DEBUG 2024-07-10 09:35:49,577 autoreload File /usr/local/lib/python3.9/site-packages/django/core/signals.py first seen with mtime 1720604143.344769
DEBUG 2024-07-10 09:35:49,577 autoreload File /usr/local/lib/python3.9/site-packages/pkg_resources/__init__.py first seen with mtime 1719989270.0
DEBUG 2024-07-10 09:35:49,577 autoreload File /usr/local/lib/python3.9/site-packages/sqlparse/filters/reindent.py first seen with mtime 1720604136.516769
DEBUG 2024-07-10 09:35:49,578 autoreload File /usr/local/lib/python3.9/site-packages/rest_framework/utils/serializer_helpers.py first seen with mtime 1720604144.2147691
DEBUG 2024-07-10 09:35:49,578 autoreload File /usr/local/lib/python3.9/dis.py first seen with mtime 1719959275.0
DEBUG 2024-07-10 09:35:49,578 autoreload File /usr/local/lib/python3.9/site-packages/django/core/serializers/__init__.py first seen with mtime 1720604143.360769
DEBUG 2024-07-10 09:35:49,579 autoreload File /usr/local/lib/python3.9/site-packages/django/core/checks/model_checks.py first seen with mtime 1720604143.351769
DEBUG 2024-07-10 09:35:49,579 autoreload File /usr/local/lib/python3.9/lib-dynload/pyexpat.cpython-39-aarch64-linux-gnu.so first seen with mtime 1719959269.0
DEBUG 2024-07-10 09:35:49,580 autoreload File /usr/local/lib/python3.9/site-packages/requests/utils.py first seen with mtime 1720604138.828769
DEBUG 2024-07-10 09:35:49,580 autoreload File /usr/local/lib/python3.9/email/__init__.py first seen with mtime 1719959277.0
DEBUG 2024-07-10 09:35:49,580 autoreload File /usr/local/lib/python3.9/hashlib.py first seen with mtime 1719959275.0
DEBUG 2024-07-10 09:35:49,580 autoreload File /usr/local/lib/python3.9/site-packages/django/db/models/enums.py first seen with mtime 1720604143.372769
DEBUG 2024-07-10 09:35:49,581 autoreload File /usr/local/lib/python3.9/hmac.py first seen with mtime 1719959275.0
DEBUG 2024-07-10 09:35:49,581 autoreload File /usr/local/lib/python3.9/site-packages/django/contrib/admin/templatetags/admin_modify.py first seen with mtime 1720604143.091769
DEBUG 2024-07-10 09:35:49,582 autoreload File /usr/local/lib/python3.9/lib-dynload/_hashlib.cpython-39-aarch64-linux-gnu.so first seen with mtime 1719959267.0
DEBUG 2024-07-10 09:35:49,582 autoreload File /usr/local/lib/python3.9/decimal.py first seen with mtime 1719959275.0
DEBUG 2024-07-10 09:35:49,582 autoreload File /usr/local/lib/python3.9/site-packages/sqlparse/filters/__init__.py first seen with mtime 1720604136.516769
DEBUG 2024-07-10 09:35:49,583 autoreload File /usr/local/lib/python3.9/site-packages/drf_yasg/views.py first seen with mtime 1720604145.301769
DEBUG 2024-07-10 09:35:49,583 autoreload File /usr/local/lib/python3.9/site-packages/rest_framework/utils/field_mapping.py first seen with mtime 1720604144.213769
DEBUG 2024-07-10 09:35:49,584 autoreload File /app/apps/entry/serializers.py first seen with mtime 1720512557.4509146
DEBUG 2024-07-10 09:35:49,584 autoreload File /usr/local/lib/python3.9/site-packages/pkg_resources/extern/__init__.py first seen with mtime 1719989270.0
DEBUG 2024-07-10 09:35:49,585 autoreload File /usr/local/lib/python3.9/site-packages/django/conf/locale/__init__.py first seen with mtime 1720604142.942769
DEBUG 2024-07-10 09:35:49,585 autoreload File /usr/local/lib/python3.9/site-packages/django/utils/translation/__init__.py first seen with mtime 1720604143.401769
DEBUG 2024-07-10 09:35:49,586 autoreload File /usr/local/lib/python3.9/site-packages/django/utils/hashable.py first seen with mtime 1720604143.398769
DEBUG 2024-07-10 09:35:49,586 autoreload File /usr/local/lib/python3.9/site-packages/markupsafe/__init__.py first seen with mtime 1720604138.521769
DEBUG 2024-07-10 09:35:49,587 autoreload File /usr/local/lib/python3.9/site-packages/pkg_resources/_vendor/packaging/_compat.py first seen with mtime 1719989270.0
DEBUG 2024-07-10 09:35:49,587 autoreload File /usr/local/lib/python3.9/site-packages/rest_framework/compat.py first seen with mtime 1720604144.178769
DEBUG 2024-07-10 09:35:49,587 autoreload File /usr/local/lib/python3.9/asyncio/base_events.py first seen with mtime 1719959277.0
DEBUG 2024-07-10 09:35:49,588 autoreload File /usr/local/lib/python3.9/site-packages/django/core/wsgi.py first seen with mtime 1720604143.345769
DEBUG 2024-07-10 09:35:49,588 autoreload File /usr/local/lib/python3.9/site-packages/urllib3/connectionpool.py first seen with mtime 1720604136.373769
DEBUG 2024-07-10 09:35:49,589 autoreload File /usr/local/lib/python3.9/json/__init__.py first seen with mtime 1719959277.0
DEBUG 2024-07-10 09:35:49,589 autoreload File /usr/local/lib/python3.9/queue.py first seen with mtime 1719959275.0
DEBUG 2024-07-10 09:35:49,590 autoreload File /usr/local/lib/python3.9/site-packages/django/core/files/uploadhandler.py first seen with mtime 1720604143.353769
DEBUG 2024-07-10 09:35:49,590 autoreload File /usr/local/lib/python3.9/site-packages/rest_framework/schemas/utils.py first seen with mtime 1720604144.194769
DEBUG 2024-07-10 09:35:49,590 autoreload File /usr/local/lib/python3.9/_collections_abc.py first seen with mtime 1719959275.0
DEBUG 2024-07-10 09:35:49,591 autoreload File /usr/local/lib/python3.9/mimetypes.py first seen with mtime 1719959275.0
DEBUG 2024-07-10 09:35:49,591 autoreload File /usr/local/lib/python3.9/site-packages/django/db/migrations/operations/models.py first seen with mtime 1720604143.371769
DEBUG 2024-07-10 09:35:49,591 autoreload File /usr/local/lib/python3.9/site-packages/charset_normalizer/__init__.py first seen with mtime 1720604138.708769
DEBUG 2024-07-10 09:35:49,592 autoreload File /usr/local/lib/python3.9/site-packages/django/contrib/contenttypes/forms.py first seen with mtime 1720604143.150769
DEBUG 2024-07-10 09:35:49,592 autoreload File /usr/local/lib/python3.9/site-packages/drf_yasg/inspectors/query.py first seen with mtime 1720604145.302769
DEBUG 2024-07-10 09:35:49,593 autoreload File /usr/local/lib/python3.9/site-packages/urllib3/util/util.py first seen with mtime 1720604136.377769
DEBUG 2024-07-10 09:35:49,593 autoreload File /usr/local/lib/python3.9/site-packages/requests/_internal_utils.py first seen with mtime 1720604138.826769
DEBUG 2024-07-10 09:35:49,593 autoreload File /usr/local/lib/python3.9/site-packages/coreapi/codecs/__init__.py first seen with mtime 1720604144.363769
DEBUG 2024-07-10 09:35:49,594 autoreload File /usr/local/lib/python3.9/site-packages/django/contrib/admin/exceptions.py first seen with mtime 1720604143.004769
DEBUG 2024-07-10 09:35:49,594 autoreload File /usr/local/lib/python3.9/site-packages/django/db/migrations/state.py first seen with mtime 1720604143.370769
DEBUG 2024-07-10 09:35:49,594 autoreload File /usr/local/lib/python3.9/lib-dynload/select.cpython-39-aarch64-linux-gnu.so first seen with mtime 1719959266.0
DEBUG 2024-07-10 09:35:49,595 autoreload File /usr/local/lib/python3.9/sre_constants.py first seen with mtime 1719959275.0
DEBUG 2024-07-10 09:35:49,595 autoreload File /usr/local/lib/python3.9/site-packages/django/db/models/functions/comparison.py first seen with mtime 1720604143.376769
DEBUG 2024-07-10 09:35:49,595 autoreload File /usr/local/lib/python3.9/site-packages/pkg_resources/_vendor/__init__.py first seen with mtime 1719989270.0
DEBUG 2024-07-10 09:35:49,596 autoreload File /usr/local/lib/python3.9/site-packages/django/contrib/auth/management/__init__.py first seen with mtime 1720604143.148769
DEBUG 2024-07-10 09:35:49,596 autoreload File /usr/local/lib/python3.9/xml/__init__.py first seen with mtime 1719959277.0
DEBUG 2024-07-10 09:35:49,597 autoreload File /usr/local/lib/python3.9/site-packages/django/db/backends/base/creation.py first seen with mtime 1720604143.3627691
DEBUG 2024-07-10 09:35:49,597 autoreload File /usr/local/lib/python3.9/site-packages/django/db/models/sql/__init__.py first seen with mtime 1720604143.377769
DEBUG 2024-07-10 09:35:49,598 autoreload File /usr/local/lib/python3.9/site-packages/django/template/loaders/cached.py first seen with mtime 1720604143.392769
DEBUG 2024-07-10 09:35:49,598 autoreload File /usr/local/lib/python3.9/site-packages/django/contrib/postgres/forms/ranges.py first seen with mtime 1720604143.258769
DEBUG 2024-07-10 09:35:49,599 autoreload File /usr/local/lib/python3.9/site-packages/urllib3/_version.py first seen with mtime 1720604136.373769
DEBUG 2024-07-10 09:35:49,599 autoreload File /usr/local/lib/python3.9/site-packages/django/middleware/csrf.py first seen with mtime 1720604143.389769
DEBUG 2024-07-10 09:35:49,599 autoreload File /usr/local/lib/python3.9/random.py first seen with mtime 1719959275.0
DEBUG 2024-07-10 09:35:49,600 autoreload File /usr/local/lib/python3.9/site-packages/django/contrib/auth/signals.py first seen with mtime 1720604143.120769
DEBUG 2024-07-10 09:35:49,600 autoreload File /usr/local/lib/python3.9/site-packages/django/views/generic/base.py first seen with mtime 1720604143.403769
DEBUG 2024-07-10 09:35:49,601 autoreload File /usr/local/lib/python3.9/site-packages/rest_framework/checks.py first seen with mtime 1720604144.178769
DEBUG 2024-07-10 09:35:49,601 autoreload File /usr/local/lib/python3.9/site-packages/django/db/backends/mysql/operations.py first seen with mtime 1720604143.364769
DEBUG 2024-07-10 09:35:49,602 autoreload File /usr/local/lib/python3.9/site-packages/django/contrib/sessions/base_session.py first seen with mtime 1720604143.298769
DEBUG 2024-07-10 09:35:49,602 autoreload File /usr/local/lib/python3.9/site-packages/django/utils/timesince.py first seen with mtime 1720604143.400769
DEBUG 2024-07-10 09:35:49,603 autoreload File /usr/local/lib/python3.9/lib-dynload/_bz2.cpython-39-aarch64-linux-gnu.so first seen with mtime 1719959268.0
DEBUG 2024-07-10 09:35:49,603 autoreload File /usr/local/lib/python3.9/site-packages/psycopg2/errors.py first seen with mtime 1720604136.701769
DEBUG 2024-07-10 09:35:49,603 autoreload File /usr/local/lib/python3.9/site-packages/rest_framework_simplejwt/__init__.py first seen with mtime 1720604145.409769
DEBUG 2024-07-10 09:35:49,604 autoreload File /usr/local/lib/python3.9/site-packages/django/db/models/functions/window.py first seen with mtime 1720604143.377769
DEBUG 2024-07-10 09:35:49,604 autoreload File /usr/local/lib/python3.9/difflib.py first seen with mtime 1719959275.0
DEBUG 2024-07-10 09:35:49,605 autoreload File /usr/local/lib/python3.9/site-packages/django/core/exceptions.py first seen with mtime 1720604143.344769
DEBUG 2024-07-10 09:35:49,606 autoreload File /usr/local/lib/python3.9/site-packages/django/core/handlers/exception.py first seen with mtime 1720604143.354769
DEBUG 2024-07-10 09:35:49,606 autoreload File /usr/local/lib/python3.9/site-packages/charset_normalizer/constant.py first seen with mtime 1720604138.706769
DEBUG 2024-07-10 09:35:49,606 autoreload File /usr/local/lib/python3.9/site-packages/django/core/checks/compatibility/django_4_0.py first seen with mtime 1720604143.352769
DEBUG 2024-07-10 09:35:49,607 autoreload File /usr/local/lib/python3.9/logging/config.py first seen with mtime 1719959277.0
DEBUG 2024-07-10 09:35:49,607 autoreload File /usr/local/lib/python3.9/site-packages/requests/hooks.py first seen with mtime 1720604138.827769
DEBUG 2024-07-10 09:35:49,607 autoreload File /usr/local/lib/python3.9/site-packages/django/utils/itercompat.py first seen with mtime 1720604143.399769
DEBUG 2024-07-10 09:35:49,608 autoreload File /usr/local/lib/python3.9/site-packages/django/contrib/auth/decorators.py first seen with mtime 1720604143.119769
DEBUG 2024-07-10 09:35:49,608 autoreload File /usr/local/lib/python3.9/site-packages/django/forms/fields.py first seen with mtime 1720604143.379769
DEBUG 2024-07-10 09:35:49,609 autoreload File /usr/local/lib/python3.9/site-packages/django/apps/config.py first seen with mtime 1720604142.9417691
DEBUG 2024-07-10 09:35:49,609 autoreload File /usr/local/lib/python3.9/site-packages/drf_yasg/renderers.py first seen with mtime 1720604145.301769
DEBUG 2024-07-10 09:35:49,610 autoreload File /usr/local/lib/python3.9/site-packages/django/template/loaders/__init__.py first seen with mtime 1720604143.392769
DEBUG 2024-07-10 09:35:49,610 autoreload File /usr/local/lib/python3.9/site-packages/sqlparse/keywords.py first seen with mtime 1720604136.515769
DEBUG 2024-07-10 09:35:49,610 autoreload File /usr/local/lib/python3.9/asyncio/threads.py first seen with mtime 1719959277.0
DEBUG 2024-07-10 09:35:49,611 autoreload File /usr/local/lib/python3.9/site-packages/jinja2/_identifier.py first seen with mtime 1720604138.894769
DEBUG 2024-07-10 09:35:49,611 autoreload File /usr/local/lib/python3.9/site-packages/jinja2/nodes.py first seen with mtime 1720604138.897769
DEBUG 2024-07-10 09:35:49,612 autoreload File /usr/local/lib/python3.9/site-packages/coreschema/__init__.py first seen with mtime 1720604144.156769
DEBUG 2024-07-10 09:35:49,612 autoreload File /usr/local/lib/python3.9/fnmatch.py first seen with mtime 1719959275.0
DEBUG 2024-07-10 09:35:49,613 autoreload File /usr/local/lib/python3.9/site-packages/coreapi/transports/http.py first seen with mtime 1720604144.364769
DEBUG 2024-07-10 09:35:49,613 autoreload File /usr/local/lib/python3.9/site-packages/django/contrib/admin/apps.py first seen with mtime 1720604143.004769
DEBUG 2024-07-10 09:35:49,613 autoreload File /usr/local/lib/python3.9/site-packages/django/utils/inspect.py first seen with mtime 1720604143.399769
DEBUG 2024-07-10 09:35:49,613 autoreload File /usr/local/lib/python3.9/tempfile.py first seen with mtime 1719959275.0
DEBUG 2024-07-10 09:35:49,614 autoreload File /usr/local/lib/python3.9/site-packages/jinja2/idtracking.py first seen with mtime 1720604138.896769
DEBUG 2024-07-10 09:35:49,614 autoreload File /usr/local/lib/python3.9/site-packages/django/contrib/contenttypes/views.py first seen with mtime 1720604143.151769
DEBUG 2024-07-10 09:35:49,615 autoreload File /usr/local/lib/python3.9/site-packages/django/core/cache/backends/filebased.py first seen with mtime 1720604143.345769
DEBUG 2024-07-10 09:35:49,615 autoreload File /usr/local/lib/python3.9/site-packages/django/db/models/fields/proxy.py first seen with mtime 1720604143.375769
DEBUG 2024-07-10 09:35:49,616 autoreload File /usr/local/lib/python3.9/site-packages/django/contrib/admin/__init__.py first seen with mtime 1720604143.004769
DEBUG 2024-07-10 09:35:49,616 autoreload File /usr/local/lib/python3.9/site-packages/django/core/management/__init__.py first seen with mtime 1720604143.356769
DEBUG 2024-07-10 09:35:49,617 autoreload File /usr/local/lib/python3.9/site-packages/django/contrib/staticfiles/management/commands/runserver.py first seen with mtime 1720604143.343769
DEBUG 2024-07-10 09:35:49,618 autoreload File /usr/local/lib/python3.9/site-packages/urllib3/__init__.py first seen with mtime 1720604136.372769
DEBUG 2024-07-10 09:35:49,618 autoreload File /usr/local/lib/python3.9/site-packages/django/core/management/commands/__init__.py first seen with mtime 1720604143.357769
DEBUG 2024-07-10 09:35:49,619 autoreload File /usr/local/lib/python3.9/site-packages/django/http/response.py first seen with mtime 1720604143.389769
DEBUG 2024-07-10 09:35:49,620 autoreload File /app/apps/entry/models.py first seen with mtime 1720438198.9354937
DEBUG 2024-07-10 09:35:49,620 autoreload File /usr/local/lib/python3.9/site-packages/requests/packages.py first seen with mtime 1720604138.827769
DEBUG 2024-07-10 09:35:49,620 autoreload File /usr/local/lib/python3.9/site-packages/django/contrib/sessions/models.py first seen with mtime 1720604143.298769
DEBUG 2024-07-10 09:35:49,621 autoreload File /usr/local/lib/python3.9/site-packages/yaml/events.py first seen with mtime 1720604136.586769
DEBUG 2024-07-10 09:35:49,622 autoreload File /usr/local/lib/python3.9/site-packages/rest_framework/templatetags/__init__.py first seen with mtime 1720604144.213769
DEBUG 2024-07-10 09:35:49,622 autoreload File /usr/local/lib/python3.9/site-packages/jinja2/parser.py first seen with mtime 1720604138.897769
DEBUG 2024-07-10 09:35:49,623 autoreload File /usr/local/lib/python3.9/site-packages/MySQLdb/constants/FIELD_TYPE.py first seen with mtime 1720604138.507769
DEBUG 2024-07-10 09:35:49,624 autoreload File /usr/local/lib/python3.9/site-packages/rest_framework/utils/model_meta.py first seen with mtime 1720604144.2147691
DEBUG 2024-07-10 09:35:49,624 autoreload File /usr/local/lib/python3.9/copy.py first seen with mtime 1719959275.0
DEBUG 2024-07-10 09:35:49,625 autoreload File /usr/local/lib/python3.9/site-packages/django/template/loader.py first seen with mtime 1720604143.391769
DEBUG 2024-07-10 09:35:49,626 autoreload File /usr/local/lib/python3.9/site-packages/django/core/serializers/base.py first seen with mtime 1720604143.360769
DEBUG 2024-07-10 09:35:49,626 autoreload File /usr/local/lib/python3.9/email/base64mime.py first seen with mtime 1719959277.0
DEBUG 2024-07-10 09:35:49,627 autoreload File /usr/local/lib/python3.9/site-packages/jinja2/exceptions.py first seen with mtime 1720604138.896769
DEBUG 2024-07-10 09:35:49,627 autoreload File /usr/local/lib/python3.9/site-packages/django/core/__init__.py first seen with mtime 1720604143.344769
DEBUG 2024-07-10 09:35:49,628 autoreload File /usr/local/lib/python3.9/stringprep.py first seen with mtime 1719959275.0
DEBUG 2024-07-10 09:35:49,628 autoreload File /usr/local/lib/python3.9/cgi.py first seen with mtime 1719959275.0
DEBUG 2024-07-10 09:35:49,629 autoreload File /usr/local/lib/python3.9/site-packages/environ/environ.py first seen with mtime 1720604138.651769
DEBUG 2024-07-10 09:35:49,629 autoreload File /usr/local/lib/python3.9/asyncio/queues.py first seen with mtime 1719959277.0
DEBUG 2024-07-10 09:35:49,630 autoreload File /usr/local/lib/python3.9/site-packages/django/db/models/fields/files.py first seen with mtime 1720604143.375769
DEBUG 2024-07-10 09:35:49,630 autoreload File /usr/local/lib/python3.9/site-packages/django/utils/deconstruct.py first seen with mtime 1720604143.397769
DEBUG 2024-07-10 09:35:49,630 autoreload File /usr/local/lib/python3.9/site-packages/django/template/smartif.py first seen with mtime 1720604143.392769
DEBUG 2024-07-10 09:35:49,631 autoreload File /usr/local/lib/python3.9/site-packages/django/db/backends/mysql/introspection.py first seen with mtime 1720604143.364769
DEBUG 2024-07-10 09:35:49,631 autoreload File /usr/local/lib/python3.9/encodings/utf_8.py first seen with mtime 1719959277.0
DEBUG 2024-07-10 09:35:49,632 autoreload File /usr/local/lib/python3.9/site-packages/django/utils/connection.py first seen with mtime 1720604143.397769
DEBUG 2024-07-10 09:35:49,632 autoreload File /usr/local/lib/python3.9/site-packages/django/db/migrations/operations/special.py first seen with mtime 1720604143.371769
DEBUG 2024-07-10 09:35:49,633 autoreload File /usr/local/lib/python3.9/site-packages/django/core/serializers/python.py first seen with mtime 1720604143.360769
DEBUG 2024-07-10 09:35:49,633 autoreload File /usr/local/lib/python3.9/site-packages/jinja2/loaders.py first seen with mtime 1720604138.897769
DEBUG 2024-07-10 09:35:49,633 autoreload File /usr/local/lib/python3.9/unittest/suite.py first seen with mtime 1719959277.0
DEBUG 2024-07-10 09:35:49,634 autoreload File /usr/local/lib/python3.9/site-packages/django/core/files/storage/__init__.py first seen with mtime 1720604143.353769
DEBUG 2024-07-10 09:35:49,634 autoreload File /usr/local/lib/python3.9/site-packages/yaml/composer.py first seen with mtime 1720604136.587769
DEBUG 2024-07-10 09:35:49,634 autoreload File /usr/local/lib/python3.9/asyncio/base_futures.py first seen with mtime 1719959277.0
DEBUG 2024-07-10 09:35:49,635 autoreload File /usr/local/lib/python3.9/site-packages/rest_framework_simplejwt/token_blacklist/admin.py first seen with mtime 1720604145.416769
DEBUG 2024-07-10 09:35:49,635 autoreload File /usr/local/lib/python3.9/site-packages/sqlparse/lexer.py first seen with mtime 1720604136.515769
DEBUG 2024-07-10 09:35:49,635 autoreload File /usr/local/lib/python3.9/functools.py first seen with mtime 1719959275.0
DEBUG 2024-07-10 09:35:49,636 autoreload File /usr/local/lib/python3.9/site-packages/django/views/generic/detail.py first seen with mtime 1720604143.403769
DEBUG 2024-07-10 09:35:49,637 autoreload File /usr/local/lib/python3.9/operator.py first seen with mtime 1719959275.0
DEBUG 2024-07-10 09:35:49,637 autoreload File /usr/local/lib/python3.9/pathlib.py first seen with mtime 1719959275.0
DEBUG 2024-07-10 09:35:49,638 autoreload File /usr/local/lib/python3.9/site-packages/coreschema/encodings/__init__.py first seen with mtime 1720604144.157769
DEBUG 2024-07-10 09:35:49,638 autoreload File /usr/local/lib/python3.9/site-packages/django/core/files/uploadedfile.py first seen with mtime 1720604143.353769
DEBUG 2024-07-10 09:35:49,639 autoreload File /usr/local/lib/python3.9/shutil.py first seen with mtime 1719959275.0
DEBUG 2024-07-10 09:35:49,639 autoreload File /usr/local/lib/python3.9/opcode.py first seen with mtime 1719959275.0
DEBUG 2024-07-10 09:35:49,639 autoreload File /usr/local/lib/python3.9/site-packages/django/contrib/admin/templatetags/log.py first seen with mtime 1720604143.091769
DEBUG 2024-07-10 09:35:49,640 autoreload File /usr/local/lib/python3.9/email/charset.py first seen with mtime 1719959277.0
DEBUG 2024-07-10 09:35:49,640 autoreload File /usr/local/lib/python3.9/asyncio/streams.py first seen with mtime 1719959277.0
DEBUG 2024-07-10 09:35:49,641 autoreload File /usr/local/lib/python3.9/wsgiref/util.py first seen with mtime 1719959277.0
DEBUG 2024-07-10 09:35:49,641 autoreload File /usr/local/lib/python3.9/typing.py first seen with mtime 1719959275.0
DEBUG 2024-07-10 09:35:49,642 autoreload File /usr/local/lib/python3.9/site-packages/MySQLdb/_mysql.cpython-39-aarch64-linux-gnu.so first seen with mtime 1720604138.506769
DEBUG 2024-07-10 09:35:49,642 autoreload File /usr/local/lib/python3.9/site-packages/django/template/loader_tags.py first seen with mtime 1720604143.391769
DEBUG 2024-07-10 09:35:49,643 autoreload File /usr/local/lib/python3.9/site-packages/click/globals.py first seen with mtime 1720604138.662769
DEBUG 2024-07-10 09:35:49,643 autoreload File /usr/local/lib/python3.9/site-packages/coreapi/codecs/base.py first seen with mtime 1720604144.363769
DEBUG 2024-07-10 09:35:49,643 autoreload File /usr/local/lib/python3.9/site-packages/django/template/__init__.py first seen with mtime 1720604143.390769
DEBUG 2024-07-10 09:35:49,644 autoreload File /usr/local/lib/python3.9/site-packages/coreapi/exceptions.py first seen with mtime 1720604144.3627691
DEBUG 2024-07-10 09:35:49,645 autoreload File /usr/local/lib/python3.9/site-packages/coreapi/codecs/text.py first seen with mtime 1720604144.363769
DEBUG 2024-07-10 09:35:49,645 autoreload File /usr/local/lib/python3.9/site-packages/django/core/mail/__init__.py first seen with mtime 1720604143.355769
DEBUG 2024-07-10 09:35:49,645 autoreload File /usr/local/lib/python3.9/lib-dynload/_pickle.cpython-39-aarch64-linux-gnu.so first seen with mtime 1719959266.0
DEBUG 2024-07-10 09:35:49,646 autoreload File /usr/local/lib/python3.9/site-packages/django/templatetags/i18n.py first seen with mtime 1720604143.393769
DEBUG 2024-07-10 09:35:49,646 autoreload File /usr/local/lib/python3.9/site-packages/django/db/migrations/__init__.py first seen with mtime 1720604143.368769
DEBUG 2024-07-10 09:35:49,647 autoreload File /usr/local/lib/python3.9/asyncio/coroutines.py first seen with mtime 1719959277.0
DEBUG 2024-07-10 09:35:49,647 autoreload File /usr/local/lib/python3.9/site-packages/django/contrib/admin/sites.py first seen with mtime 1720604143.005769
DEBUG 2024-07-10 09:35:49,648 autoreload File /usr/local/lib/python3.9/site-packages/pkg_resources/_vendor/packaging/version.py first seen with mtime 1719989270.0
DEBUG 2024-07-10 09:35:49,648 autoreload File /usr/local/lib/python3.9/site-packages/psycopg2/_psycopg.cpython-39-aarch64-linux-gnu.so first seen with mtime 1720604136.700769
DEBUG 2024-07-10 09:35:49,649 autoreload File /usr/local/lib/python3.9/site-packages/django/db/models/query.py first seen with mtime 1720604143.374769
DEBUG 2024-07-10 09:35:49,650 autoreload File /usr/local/lib/python3.9/site-packages/django/views/decorators/debug.py first seen with mtime 1720604143.402769
DEBUG 2024-07-10 09:35:49,650 autoreload File /usr/local/lib/python3.9/site-packages/rest_framework/utils/mediatypes.py first seen with mtime 1720604144.2147691
DEBUG 2024-07-10 09:35:49,651 autoreload File /usr/local/lib/python3.9/site-packages/pkg_resources/_vendor/packaging/specifiers.py first seen with mtime 1719989270.0
DEBUG 2024-07-10 09:35:49,652 autoreload File /usr/local/lib/python3.9/site-packages/django/core/checks/__init__.py first seen with mtime 1720604143.347769
DEBUG 2024-07-10 09:35:49,652 autoreload File /usr/local/lib/python3.9/site-packages/django/contrib/auth/apps.py first seen with mtime 1720604143.118769
DEBUG 2024-07-10 09:35:49,653 autoreload File /usr/local/lib/python3.9/site-packages/django/db/transaction.py first seen with mtime 1720604143.361769
DEBUG 2024-07-10 09:35:49,653 autoreload File /usr/local/lib/python3.9/lib-dynload/_contextvars.cpython-39-aarch64-linux-gnu.so first seen with mtime 1719959264.0
DEBUG 2024-07-10 09:35:49,654 autoreload File /usr/local/lib/python3.9/site-packages/psycopg2/extensions.py first seen with mtime 1720604136.698769
DEBUG 2024-07-10 09:35:49,654 autoreload File /usr/local/lib/python3.9/site-packages/sqlparse/engine/statement_splitter.py first seen with mtime 1720604136.516769
DEBUG 2024-07-10 09:35:49,654 autoreload File /usr/local/lib/python3.9/sre_parse.py first seen with mtime 1719959275.0
DEBUG 2024-07-10 09:35:49,655 autoreload File /usr/local/lib/python3.9/site-packages/django/conf/__init__.py first seen with mtime 1720604142.9417691
DEBUG 2024-07-10 09:35:49,655 autoreload File /usr/local/lib/python3.9/site-packages/urllib3/_request_methods.py first seen with mtime 1720604136.373769
DEBUG 2024-07-10 09:35:49,656 autoreload File /usr/local/lib/python3.9/site-packages/django/contrib/admin/views/autocomplete.py first seen with mtime 1720604143.091769
DEBUG 2024-07-10 09:35:49,656 autoreload File /usr/local/lib/python3.9/site-packages/django/utils/http.py first seen with mtime 1720604143.399769
DEBUG 2024-07-10 09:35:49,656 autoreload File /usr/local/lib/python3.9/site-packages/django/contrib/auth/__init__.py first seen with mtime 1720604143.118769
DEBUG 2024-07-10 09:35:49,657 autoreload File /usr/local/lib/python3.9/site-packages/django/core/files/storage/mixins.py first seen with mtime 1720604143.354769
DEBUG 2024-07-10 09:35:49,657 autoreload File /usr/local/lib/python3.9/site-packages/django/db/utils.py first seen with mtime 1720604143.361769
DEBUG 2024-07-10 09:35:49,658 autoreload File /usr/local/lib/python3.9/html/parser.py first seen with mtime 1719959277.0
DEBUG 2024-07-10 09:35:49,658 autoreload File /usr/local/lib/python3.9/site-packages/django/contrib/postgres/validators.py first seen with mtime 1720604143.256769
DEBUG 2024-07-10 09:35:49,658 autoreload File /usr/local/lib/python3.9/site-packages/coreapi/auth.py first seen with mtime 1720604144.3627691
DEBUG 2024-07-10 09:35:49,659 autoreload File /usr/local/lib/python3.9/site-packages/django/contrib/sessions/apps.py first seen with mtime 1720604143.298769
DEBUG 2024-07-10 09:35:49,659 autoreload File /usr/local/lib/python3.9/concurrent/futures/_base.py first seen with mtime 1719959277.0
DEBUG 2024-07-10 09:35:49,660 autoreload File /usr/local/lib/python3.9/asyncio/protocols.py first seen with mtime 1719959277.0
DEBUG 2024-07-10 09:35:49,661 autoreload File /usr/local/lib/python3.9/site-packages/urllib3/util/connection.py first seen with mtime 1720604136.376769
DEBUG 2024-07-10 09:35:49,662 autoreload File /usr/local/lib/python3.9/site-packages/sqlparse/__init__.py first seen with mtime 1720604136.514769
DEBUG 2024-07-10 09:35:49,662 autoreload File /usr/local/lib/python3.9/site-packages/django/core/servers/__init__.py first seen with mtime 1720604143.361769
DEBUG 2024-07-10 09:35:49,663 autoreload File /usr/local/lib/python3.9/site-packages/yaml/scanner.py first seen with mtime 1720604136.587769
DEBUG 2024-07-10 09:35:49,663 autoreload File /usr/local/lib/python3.9/site-packages/django/contrib/auth/base_user.py first seen with mtime 1720604143.118769
DEBUG 2024-07-10 09:35:49,664 autoreload File /usr/local/lib/python3.9/site-packages/django/template/loaders/base.py first seen with mtime 1720604143.392769
DEBUG 2024-07-10 09:35:49,664 autoreload File /usr/local/lib/python3.9/site-packages/django/contrib/postgres/fields/hstore.py first seen with mtime 1720604143.257769
DEBUG 2024-07-10 09:35:49,665 autoreload File /usr/local/lib/python3.9/http/server.py first seen with mtime 1719959277.0
DEBUG 2024-07-10 09:35:49,665 autoreload File /usr/local/lib/python3.9/site-packages/django/views/generic/dates.py first seen with mtime 1720604143.403769
DEBUG 2024-07-10 09:35:49,666 autoreload File /usr/local/lib/python3.9/site-packages/click/utils.py first seen with mtime 1720604138.663769
DEBUG 2024-07-10 09:35:49,666 autoreload File /usr/local/lib/python3.9/site-packages/django/contrib/sessions/__init__.py first seen with mtime 1720604143.298769
DEBUG 2024-07-10 09:35:49,667 autoreload File /usr/local/lib/python3.9/site-packages/django/core/checks/registry.py first seen with mtime 1720604143.351769
DEBUG 2024-07-10 09:35:49,667 autoreload File /usr/local/lib/python3.9/traceback.py first seen with mtime 1719959275.0
DEBUG 2024-07-10 09:35:49,667 autoreload File /usr/local/lib/python3.9/json/encoder.py first seen with mtime 1719959277.0
DEBUG 2024-07-10 09:35:49,668 autoreload File /usr/local/lib/python3.9/site-packages/django/core/handlers/__init__.py first seen with mtime 1720604143.354769
DEBUG 2024-07-10 09:35:49,668 autoreload File /usr/local/lib/python3.9/unittest/util.py first seen with mtime 1719959277.0
DEBUG 2024-07-10 09:35:49,669 autoreload File /usr/local/lib/python3.9/site-packages/pkg_resources/_vendor/packaging/_typing.py first seen with mtime 1719989270.0
DEBUG 2024-07-10 09:35:49,669 autoreload File /usr/local/lib/python3.9/site-packages/yaml/parser.py first seen with mtime 1720604136.587769
DEBUG 2024-07-10 09:35:49,669 autoreload File /usr/local/lib/python3.9/site-packages/django/core/checks/translation.py first seen with mtime 1720604143.351769
DEBUG 2024-07-10 09:35:49,670 autoreload File /usr/local/lib/python3.9/site-packages/django/db/models/options.py first seen with mtime 1720604143.373769
DEBUG 2024-07-10 09:35:49,671 autoreload File /usr/local/lib/python3.9/bisect.py first seen with mtime 1719959275.0
DEBUG 2024-07-10 09:35:49,671 autoreload File /usr/local/lib/python3.9/site-packages/django/middleware/cache.py first seen with mtime 1720604143.389769
DEBUG 2024-07-10 09:35:49,672 autoreload File /usr/local/lib/python3.9/logging/handlers.py first seen with mtime 1719959277.0
DEBUG 2024-07-10 09:35:49,672 autoreload File /usr/local/lib/python3.9/site-packages/requests/exceptions.py first seen with mtime 1720604138.827769
DEBUG 2024-07-10 09:35:49,673 autoreload File /usr/local/lib/python3.9/site-packages/django/http/cookie.py first seen with mtime 1720604143.388769
DEBUG 2024-07-10 09:35:49,673 autoreload File /usr/local/lib/python3.9/site-packages/yaml/dumper.py first seen with mtime 1720604136.586769
DEBUG 2024-07-10 09:35:49,674 autoreload File /usr/local/lib/python3.9/asyncio/locks.py first seen with mtime 1719959277.0
DEBUG 2024-07-10 09:35:49,674 autoreload File /usr/local/lib/python3.9/site-packages/django/core/management/base.py first seen with mtime 1720604143.356769
DEBUG 2024-07-10 09:35:49,675 autoreload File /usr/local/lib/python3.9/site-packages/coreapi/__init__.py first seen with mtime 1720604144.3627691
DEBUG 2024-07-10 09:35:49,675 autoreload File /usr/local/lib/python3.9/site-packages/click/core.py first seen with mtime 1720604138.661769
DEBUG 2024-07-10 09:35:49,676 autoreload File /usr/local/lib/python3.9/lib-dynload/_ssl.cpython-39-aarch64-linux-gnu.so first seen with mtime 1719959268.0
DEBUG 2024-07-10 09:35:49,676 autoreload File /usr/local/lib/python3.9/site-packages/django/contrib/admin/templatetags/admin_urls.py first seen with mtime 1720604143.091769
DEBUG 2024-07-10 09:35:49,677 autoreload File /usr/local/lib/python3.9/site-packages/django/forms/boundfield.py first seen with mtime 1720604143.379769
DEBUG 2024-07-10 09:35:49,677 autoreload File /usr/local/lib/python3.9/site-packages/django/urls/__init__.py first seen with mtime 1720604143.3957691
DEBUG 2024-07-10 09:35:49,680 autoreload File /usr/local/lib/python3.9/heapq.py first seen with mtime 1719959275.0
DEBUG 2024-07-10 09:35:49,680 autoreload File /usr/local/lib/python3.9/http/__init__.py first seen with mtime 1719959277.0
DEBUG 2024-07-10 09:35:49,681 autoreload File /usr/local/lib/python3.9/site-packages/django/contrib/staticfiles/handlers.py first seen with mtime 1720604143.342769
DEBUG 2024-07-10 09:35:49,681 autoreload File /usr/local/lib/python3.9/reprlib.py first seen with mtime 1719959275.0
DEBUG 2024-07-10 09:35:49,682 autoreload File /usr/local/lib/python3.9/site-packages/urllib3/fields.py first seen with mtime 1720604136.374769
DEBUG 2024-07-10 09:35:49,682 autoreload File /usr/local/lib/python3.9/site-packages/django/db/models/fields/related_lookups.py first seen with mtime 1720604143.376769
DEBUG 2024-07-10 09:35:49,683 autoreload File /usr/local/lib/python3.9/site-packages/urllib3/util/timeout.py first seen with mtime 1720604136.376769
DEBUG 2024-07-10 09:35:49,683 autoreload File /usr/local/lib/python3.9/site-packages/django/middleware/__init__.py first seen with mtime 1720604143.389769
DEBUG 2024-07-10 09:35:49,685 autoreload File /usr/local/lib/python3.9/site-packages/drf_yasg/inspectors/field.py first seen with mtime 1720604145.302769
DEBUG 2024-07-10 09:35:49,686 autoreload File /usr/local/lib/python3.9/genericpath.py first seen with mtime 1719959275.0
DEBUG 2024-07-10 09:35:49,686 autoreload File /usr/local/lib/python3.9/email/header.py first seen with mtime 1719959277.0
DEBUG 2024-07-10 09:35:49,687 autoreload File /usr/local/lib/python3.9/datetime.py first seen with mtime 1719959275.0
DEBUG 2024-07-10 09:35:49,687 autoreload File /usr/local/lib/python3.9/site-packages/MySQLdb/converters.py first seen with mtime 1720604138.506769
DEBUG 2024-07-10 09:35:49,688 autoreload File /usr/local/lib/python3.9/site-packages/django/contrib/messages/storage/base.py first seen with mtime 1720604143.255769
DEBUG 2024-07-10 09:35:49,688 autoreload File /usr/local/lib/python3.9/site-packages/django/contrib/postgres/fields/utils.py first seen with mtime 1720604143.257769
DEBUG 2024-07-10 09:35:49,688 autoreload File /usr/local/lib/python3.9/site-packages/django/db/models/constraints.py first seen with mtime 1720604143.372769
DEBUG 2024-07-10 09:35:49,689 autoreload File /usr/local/lib/python3.9/site-packages/django/test/html.py first seen with mtime 1720604143.394769
DEBUG 2024-07-10 09:35:49,689 autoreload File /usr/local/lib/python3.9/site-packages/django/contrib/contenttypes/models.py first seen with mtime 1720604143.150769
DEBUG 2024-07-10 09:35:49,690 autoreload File /usr/local/lib/python3.9/abc.py first seen with mtime 1719959275.0
DEBUG 2024-07-10 09:35:49,690 autoreload File /usr/local/lib/python3.9/site-packages/django/utils/autoreload.py first seen with mtime 1720604143.396769
DEBUG 2024-07-10 09:35:49,691 autoreload File /usr/local/lib/python3.9/site-packages/django/utils/encoding.py first seen with mtime 1720604143.398769
DEBUG 2024-07-10 09:35:49,691 autoreload File /usr/local/lib/python3.9/types.py first seen with mtime 1719959275.0
DEBUG 2024-07-10 09:35:49,692 autoreload File /usr/local/lib/python3.9/contextvars.py first seen with mtime 1719959275.0
DEBUG 2024-07-10 09:35:49,692 autoreload File /usr/local/lib/python3.9/site-packages/jinja2/optimizer.py first seen with mtime 1720604138.897769
DEBUG 2024-07-10 09:35:49,694 autoreload File /usr/local/lib/python3.9/site-packages/pytz/tzfile.py first seen with mtime 1720604136.250769
DEBUG 2024-07-10 09:35:49,695 autoreload File /usr/local/lib/python3.9/email/parser.py first seen with mtime 1719959277.0
DEBUG 2024-07-10 09:35:49,696 autoreload File /usr/local/lib/python3.9/subprocess.py first seen with mtime 1719959275.0
DEBUG 2024-07-10 09:35:49,697 autoreload File /usr/local/lib/python3.9/lib-dynload/_blake2.cpython-39-aarch64-linux-gnu.so first seen with mtime 1719959269.0
DEBUG 2024-07-10 09:35:49,698 autoreload File /usr/local/lib/python3.9/site-packages/requests/auth.py first seen with mtime 1720604138.826769
DEBUG 2024-07-10 09:35:49,699 autoreload File /usr/local/lib/python3.9/site-packages/inflection/__init__.py first seen with mtime 1720604138.527769
DEBUG 2024-07-10 09:35:49,699 autoreload File /usr/local/lib/python3.9/lib-dynload/_posixsubprocess.cpython-39-aarch64-linux-gnu.so first seen with mtime 1719959266.0
DEBUG 2024-07-10 09:35:49,700 autoreload File /usr/local/lib/python3.9/site-packages/django/contrib/admindocs/__init__.py first seen with mtime 1720604143.091769
DEBUG 2024-07-10 09:35:49,700 autoreload File /usr/local/lib/python3.9/site-packages/urllib3/contrib/__init__.py first seen with mtime 1720604136.374769
DEBUG 2024-07-10 09:35:49,701 autoreload File /usr/local/lib/python3.9/site-packages/django/utils/module_loading.py first seen with mtime 1720604143.399769
DEBUG 2024-07-10 09:35:49,702 autoreload File /usr/local/lib/python3.9/struct.py first seen with mtime 1719959275.0
DEBUG 2024-07-10 09:35:49,702 autoreload File /usr/local/lib/python3.9/site-packages/django/db/backends/mysql/__init__.py first seen with mtime 1720604143.363769
DEBUG 2024-07-10 09:35:49,703 autoreload File /usr/local/lib/python3.9/site-packages/rest_framework/response.py first seen with mtime 1720604144.181769
DEBUG 2024-07-10 09:35:49,703 autoreload File /usr/local/lib/python3.9/site-packages/rest_framework/apps.py first seen with mtime 1720604144.178769
DEBUG 2024-07-10 09:35:49,704 autoreload File /usr/local/lib/python3.9/site-packages/django/core/cache/utils.py first seen with mtime 1720604143.345769
DEBUG 2024-07-10 09:35:49,704 autoreload File /usr/local/lib/python3.9/site-packages/rest_framework/utils/representation.py first seen with mtime 1720604144.2147691
DEBUG 2024-07-10 09:35:49,705 autoreload File /usr/local/lib/python3.9/site-packages/django/db/backends/postgresql/__init__.py first seen with mtime 1720604143.366769
DEBUG 2024-07-10 09:35:49,706 autoreload File /usr/local/lib/python3.9/site-packages/django/core/files/storage/base.py first seen with mtime 1720604143.354769
DEBUG 2024-07-10 09:35:49,706 autoreload File /usr/local/lib/python3.9/contextlib.py first seen with mtime 1719959275.0
DEBUG 2024-07-10 09:35:49,707 autoreload File /usr/local/lib/python3.9/xml/parsers/__init__.py first seen with mtime 1719959277.0
DEBUG 2024-07-10 09:35:49,707 autoreload File /usr/local/lib/python3.9/site-packages/django/contrib/admin/templatetags/__init__.py first seen with mtime 1720604143.090769
DEBUG 2024-07-10 09:35:49,708 autoreload File /usr/local/lib/python3.9/site-packages/rest_framework/__init__.py first seen with mtime 1720604144.178769
DEBUG 2024-07-10 09:35:49,708 autoreload File /usr/local/lib/python3.9/site-packages/environ/fileaware_mapping.py first seen with mtime 1720604138.651769
DEBUG 2024-07-10 09:35:49,709 autoreload File /usr/local/lib/python3.9/site-packages/packaging/version.py first seen with mtime 1720604136.909769
DEBUG 2024-07-10 09:35:49,709 autoreload File /usr/local/lib/python3.9/site-packages/django/templatetags/static.py first seen with mtime 1720604143.393769
DEBUG 2024-07-10 09:35:49,710 autoreload File /usr/local/lib/python3.9/locale.py first seen with mtime 1719959275.0
DEBUG 2024-07-10 09:35:49,710 autoreload File /usr/local/lib/python3.9/site-packages/django/contrib/postgres/forms/__init__.py first seen with mtime 1720604143.258769
DEBUG 2024-07-10 09:35:49,710 autoreload File /usr/local/lib/python3.9/lib-dynload/_heapq.cpython-39-aarch64-linux-gnu.so first seen with mtime 1719959265.0
DEBUG 2024-07-10 09:35:49,711 autoreload File /usr/local/lib/python3.9/site-packages/django/contrib/postgres/forms/hstore.py first seen with mtime 1720604143.258769
DEBUG 2024-07-10 09:35:49,711 autoreload File /usr/local/lib/python3.9/site-packages/django/contrib/staticfiles/views.py first seen with mtime 1720604143.343769
DEBUG 2024-07-10 09:35:49,712 autoreload File /usr/local/lib/python3.9/site-packages/django/core/files/storage/memory.py first seen with mtime 1720604143.354769
DEBUG 2024-07-10 09:35:49,712 autoreload File /app/manage.py first seen with mtime 1720164569.09217
DEBUG 2024-07-10 09:35:49,712 autoreload File /usr/local/lib/python3.9/site-packages/django/db/migrations/migration.py first seen with mtime 1720604143.369769
DEBUG 2024-07-10 09:35:49,713 autoreload File /usr/local/lib/python3.9/keyword.py first seen with mtime 1719959275.0
DEBUG 2024-07-10 09:35:49,713 autoreload File /usr/local/lib/python3.9/importlib/metadata.py first seen with mtime 1719959276.0
DEBUG 2024-07-10 09:35:49,714 autoreload File /usr/local/lib/python3.9/_compat_pickle.py first seen with mtime 1719959275.0
DEBUG 2024-07-10 09:35:49,714 autoreload File /usr/local/lib/python3.9/site-packages/django/template/backends/django.py first seen with mtime 1720604143.392769
DEBUG 2024-07-10 09:35:49,714 autoreload File /usr/local/lib/python3.9/inspect.py first seen with mtime 1719959275.0
DEBUG 2024-07-10 09:35:49,715 autoreload File /usr/local/lib/python3.9/site-packages/yaml/serializer.py first seen with mtime 1720604136.586769
DEBUG 2024-07-10 09:35:49,716 autoreload File /usr/local/lib/python3.9/textwrap.py first seen with mtime 1719959275.0
DEBUG 2024-07-10 09:35:49,716 autoreload File /usr/local/lib/python3.9/pickle.py first seen with mtime 1719959275.0
DEBUG 2024-07-10 09:35:49,716 autoreload File /usr/local/lib/python3.9/sysconfig.py first seen with mtime 1719959275.0
DEBUG 2024-07-10 09:35:49,717 autoreload File /usr/local/lib/python3.9/site-packages/pkg_resources/_vendor/packaging/__about__.py first seen with mtime 1719989270.0
DEBUG 2024-07-10 09:35:49,717 autoreload File /usr/local/lib/python3.9/site-packages/django/contrib/sites/requests.py first seen with mtime 1720604143.321769
DEBUG 2024-07-10 09:35:49,718 autoreload File /usr/local/lib/python3.9/site-packages/django/template/base.py first seen with mtime 1720604143.390769
DEBUG 2024-07-10 09:35:49,718 autoreload File /usr/local/lib/python3.9/site-packages/coreapi/codecs/display.py first seen with mtime 1720604144.363769
DEBUG 2024-07-10 09:35:49,719 autoreload File /usr/local/lib/python3.9/site-packages/django/contrib/postgres/search.py first seen with mtime 1720604143.256769
DEBUG 2024-07-10 09:35:49,719 autoreload File /usr/local/lib/python3.9/site-packages/django/template/loaders/app_directories.py first seen with mtime 1720604143.392769
DEBUG 2024-07-10 09:35:49,719 autoreload File /usr/local/lib/python3.9/site-packages/django/utils/formats.py first seen with mtime 1720604143.398769
DEBUG 2024-07-10 09:35:49,720 autoreload File /usr/local/lib/python3.9/site-packages/sqlparse/filters/aligned_indent.py first seen with mtime 1720604136.516769
DEBUG 2024-07-10 09:35:49,720 autoreload File /usr/local/lib/python3.9/asyncio/log.py first seen with mtime 1719959277.0
DEBUG 2024-07-10 09:35:49,720 autoreload File /usr/local/lib/python3.9/lib-dynload/_sha512.cpython-39-aarch64-linux-gnu.so first seen with mtime 1719959267.0
DEBUG 2024-07-10 09:35:49,721 autoreload File /usr/local/lib/python3.9/site-packages/pytz/tzinfo.py first seen with mtime 1720604136.250769
DEBUG 2024-07-10 09:35:49,721 autoreload File /usr/local/lib/python3.9/site-packages/jinja2/compiler.py first seen with mtime 1720604138.8957691
DEBUG 2024-07-10 09:35:49,721 autoreload File /usr/local/lib/python3.9/site-packages/django/urls/resolvers.py first seen with mtime 1720604143.396769
DEBUG 2024-07-10 09:35:49,722 autoreload File /usr/local/lib/python3.9/site-packages/click/_compat.py first seen with mtime 1720604138.660769
DEBUG 2024-07-10 09:35:49,722 autoreload File /usr/local/lib/python3.9/site-packages/django/core/servers/basehttp.py first seen with mtime 1720604143.361769
DEBUG 2024-07-10 09:35:49,723 autoreload File /usr/local/lib/python3.9/importlib/resources.py first seen with mtime 1719959276.0
DEBUG 2024-07-10 09:35:49,723 autoreload File /usr/local/lib/python3.9/site-packages/MySQLdb/constants/FLAG.py first seen with mtime 1720604138.507769
DEBUG 2024-07-10 09:35:49,723 autoreload File /usr/local/lib/python3.9/pkgutil.py first seen with mtime 1719959275.0
DEBUG 2024-07-10 09:35:49,724 autoreload File /usr/local/lib/python3.9/site-packages/rest_framework/schemas/__init__.py first seen with mtime 1720604144.194769
DEBUG 2024-07-10 09:35:49,724 autoreload File /usr/local/lib/python3.9/site-packages/django/core/serializers/json.py first seen with mtime 1720604143.360769
DEBUG 2024-07-10 09:35:49,724 autoreload File /usr/local/lib/python3.9/site-packages/rest_framework/utils/breadcrumbs.py first seen with mtime 1720604144.213769
DEBUG 2024-07-10 09:35:49,724 autoreload File /usr/local/lib/python3.9/site-packages/jinja2/tests.py first seen with mtime 1720604138.898769
DEBUG 2024-07-10 09:35:49,725 autoreload File /usr/local/lib/python3.9/site-packages/django/views/__init__.py first seen with mtime 1720604143.401769
DEBUG 2024-07-10 09:35:49,725 autoreload File /usr/local/lib/python3.9/site-packages/psycopg2/_ipaddress.py first seen with mtime 1720604136.701769
DEBUG 2024-07-10 09:35:49,725 autoreload File /usr/local/lib/python3.9/site-packages/jinja2/bccache.py first seen with mtime 1720604138.894769
DEBUG 2024-07-10 09:35:49,726 autoreload File /usr/local/lib/python3.9/_sysconfigdata__linux_aarch64-linux-gnu.py first seen with mtime 1719959277.0
DEBUG 2024-07-10 09:35:49,726 autoreload File /usr/local/lib/python3.9/site-packages/rest_framework/mixins.py first seen with mtime 1720604144.179769
DEBUG 2024-07-10 09:35:49,726 autoreload File /usr/local/lib/python3.9/site-packages/rest_framework_simplejwt/exceptions.py first seen with mtime 1720604145.410769
DEBUG 2024-07-10 09:35:49,726 autoreload File /usr/local/lib/python3.9/site-packages/django/contrib/auth/hashers.py first seen with mtime 1720604143.119769
DEBUG 2024-07-10 09:35:49,727 autoreload File /usr/local/lib/python3.9/os.py first seen with mtime 1719959275.0
DEBUG 2024-07-10 09:35:49,727 autoreload File /usr/local/lib/python3.9/site-packages/yaml/emitter.py first seen with mtime 1720604136.587769
DEBUG 2024-07-10 09:35:49,728 autoreload File /usr/local/lib/python3.9/site-packages/charset_normalizer/version.py first seen with mtime 1720604138.709769
DEBUG 2024-07-10 09:35:49,728 autoreload File /usr/local/lib/python3.9/site-packages/django/contrib/postgres/utils.py first seen with mtime 1720604143.256769
DEBUG 2024-07-10 09:35:49,728 autoreload File /usr/local/lib/python3.9/site-packages/requests/adapters.py first seen with mtime 1720604138.826769
DEBUG 2024-07-10 09:35:49,728 autoreload File /usr/local/lib/python3.9/site-packages/asgiref/local.py first seen with mtime 1720604139.034769
DEBUG 2024-07-10 09:35:49,729 autoreload File /usr/local/lib/python3.9/site-packages/requests/sessions.py first seen with mtime 1720604138.828769
DEBUG 2024-07-10 09:35:49,729 autoreload File /usr/local/lib/python3.9/site-packages/sqlparse/cli.py first seen with mtime 1720604136.515769
DEBUG 2024-07-10 09:35:49,729 autoreload File /usr/local/lib/python3.9/asyncio/transports.py first seen with mtime 1719959277.0
DEBUG 2024-07-10 09:35:49,730 autoreload File /usr/local/lib/python3.9/quopri.py first seen with mtime 1719959275.0
DEBUG 2024-07-10 09:35:49,730 autoreload File /usr/local/lib/python3.9/site-packages/django/core/handlers/base.py first seen with mtime 1720604143.354769
DEBUG 2024-07-10 09:35:49,730 autoreload File /usr/local/lib/python3.9/site-packages/django/contrib/__init__.py first seen with mtime 1720604143.003769
DEBUG 2024-07-10 09:35:49,731 autoreload File /usr/local/lib/python3.9/site-packages/django/forms/forms.py first seen with mtime 1720604143.379769
DEBUG 2024-07-10 09:35:49,731 autoreload File /usr/local/lib/python3.9/argparse.py first seen with mtime 1719959275.0
DEBUG 2024-07-10 09:35:49,731 autoreload File /usr/local/lib/python3.9/site-packages/django/db/models/manager.py first seen with mtime 1720604143.373769
DEBUG 2024-07-10 09:35:49,732 autoreload File /usr/local/lib/python3.9/email/errors.py first seen with mtime 1719959277.0
DEBUG 2024-07-10 09:35:49,732 autoreload File /usr/local/lib/python3.9/site-packages/django/utils/_os.py first seen with mtime 1720604143.396769
DEBUG 2024-07-10 09:35:49,732 autoreload File /usr/local/lib/python3.9/site-packages/django/contrib/contenttypes/admin.py first seen with mtime 1720604143.150769
DEBUG 2024-07-10 09:35:49,733 autoreload File /usr/local/lib/python3.9/site-packages/django/db/backends/utils.py first seen with mtime 1720604143.3627691
DEBUG 2024-07-10 09:35:49,733 autoreload File /usr/local/lib/python3.9/site-packages/urllib3/_collections.py first seen with mtime 1720604136.373769
DEBUG 2024-07-10 09:35:49,733 autoreload File /usr/local/lib/python3.9/site-packages/yaml/cyaml.py first seen with mtime 1720604136.586769
DEBUG 2024-07-10 09:35:49,734 autoreload File /usr/local/lib/python3.9/asyncio/constants.py first seen with mtime 1719959277.0
DEBUG 2024-07-10 09:35:49,734 autoreload File /usr/local/lib/python3.9/site-packages/django/test/utils.py first seen with mtime 1720604143.3957691
DEBUG 2024-07-10 09:35:49,734 autoreload File /usr/local/lib/python3.9/site-packages/django/db/models/fields/reverse_related.py first seen with mtime 1720604143.376769
DEBUG 2024-07-10 09:35:49,735 autoreload File /usr/local/lib/python3.9/site-packages/django/urls/base.py first seen with mtime 1720604143.3957691
DEBUG 2024-07-10 09:35:49,735 autoreload File /usr/local/lib/python3.9/site-packages/django/utils/tree.py first seen with mtime 1720604143.400769
DEBUG 2024-07-10 09:35:49,735 autoreload File /usr/local/lib/python3.9/site-packages/django/core/management/commands/runserver.py first seen with mtime 1720604143.359769
DEBUG 2024-07-10 09:35:49,736 autoreload File /usr/local/lib/python3.9/site-packages/rest_framework/utils/__init__.py first seen with mtime 1720604144.213769
DEBUG 2024-07-10 09:35:49,736 autoreload File /usr/local/lib/python3.9/site-packages/urllib3/exceptions.py first seen with mtime 1720604136.373769
DEBUG 2024-07-10 09:35:49,736 autoreload File /usr/local/lib/python3.9/importlib/_common.py first seen with mtime 1719959276.0
DEBUG 2024-07-10 09:35:49,737 autoreload File /usr/local/lib/python3.9/signal.py first seen with mtime 1719959275.0
DEBUG 2024-07-10 09:35:49,737 autoreload File /usr/local/lib/python3.9/site-packages/yaml/representer.py first seen with mtime 1720604136.586769
DEBUG 2024-07-10 09:35:49,737 autoreload File /usr/local/lib/python3.9/site-packages/rest_framework_simplejwt/token_blacklist/models.py first seen with mtime 1720604145.416769
DEBUG 2024-07-10 09:35:49,738 autoreload File /usr/local/lib/python3.9/email/mime/__init__.py first seen with mtime 1719959277.0
DEBUG 2024-07-10 09:35:49,738 autoreload File /usr/local/lib/python3.9/site-packages/click/decorators.py first seen with mtime 1720604138.661769
DEBUG 2024-07-10 09:35:49,738 autoreload File /usr/local/lib/python3.9/lzma.py first seen with mtime 1719959275.0
DEBUG 2024-07-10 09:35:49,739 autoreload File /usr/local/lib/python3.9/site-packages/django/db/backends/mysql/validation.py first seen with mtime 1720604143.365769
DEBUG 2024-07-10 09:35:49,739 autoreload File /usr/local/lib/python3.9/site-packages/django/core/checks/messages.py first seen with mtime 1720604143.351769
DEBUG 2024-07-10 09:35:49,739 autoreload File /usr/local/lib/python3.9/site-packages/django/utils/dateformat.py first seen with mtime 1720604143.397769
DEBUG 2024-07-10 09:35:49,740 autoreload File /usr/local/lib/python3.9/site-packages/django/db/backends/mysql/features.py first seen with mtime 1720604143.364769
DEBUG 2024-07-10 09:35:49,740 autoreload File /usr/local/lib/python3.9/site-packages/django/http/request.py first seen with mtime 1720604143.388769
DEBUG 2024-07-10 09:35:49,740 autoreload File /usr/local/lib/python3.9/site-packages/rest_framework/reverse.py first seen with mtime 1720604144.181769
DEBUG 2024-07-10 09:35:49,741 autoreload File /usr/local/lib/python3.9/site-packages/jinja2/runtime.py first seen with mtime 1720604138.898769
DEBUG 2024-07-10 09:35:49,741 autoreload File /usr/local/lib/python3.9/site-packages/django/core/checks/security/__init__.py first seen with mtime 1720604143.352769
DEBUG 2024-07-10 09:35:49,741 autoreload File /usr/local/lib/python3.9/numbers.py first seen with mtime 1719959275.0
DEBUG 2024-07-10 09:35:49,742 autoreload File /usr/local/lib/python3.9/site-packages/django/utils/safestring.py first seen with mtime 1720604143.400769
DEBUG 2024-07-10 09:35:49,742 autoreload File /usr/local/lib/python3.9/site-packages/django/contrib/admindocs/views.py first seen with mtime 1720604143.092769
DEBUG 2024-07-10 09:35:49,742 autoreload File /usr/local/lib/python3.9/site-packages/yaml/tokens.py first seen with mtime 1720604136.586769
DEBUG 2024-07-10 09:35:49,743 autoreload File /usr/local/lib/python3.9/site-packages/django/db/backends/mysql/base.py first seen with mtime 1720604143.364769
DEBUG 2024-07-10 09:35:49,743 autoreload File /usr/local/lib/python3.9/site-packages/charset_normalizer/md__mypyc.cpython-39-aarch64-linux-gnu.so first seen with mtime 1720604138.707769
DEBUG 2024-07-10 09:35:49,743 autoreload File /usr/local/lib/python3.9/site-packages/django/templatetags/l10n.py first seen with mtime 1720604143.393769
DEBUG 2024-07-10 09:35:49,744 autoreload File /usr/local/lib/python3.9/site-packages/drf_yasg/inspectors/__init__.py first seen with mtime 1720604145.302769
DEBUG 2024-07-10 09:35:49,744 autoreload File /usr/local/lib/python3.9/getpass.py first seen with mtime 1719959275.0
DEBUG 2024-07-10 09:35:49,744 autoreload File /usr/local/lib/python3.9/site-packages/django/contrib/admin/templatetags/base.py first seen with mtime 1720604143.091769
DEBUG 2024-07-10 09:35:49,745 autoreload File /usr/local/lib/python3.9/site-packages/yaml/reader.py first seen with mtime 1720604136.586769
DEBUG 2024-07-10 09:35:49,745 autoreload File /usr/local/lib/python3.9/site-packages/rest_framework/fields.py first seen with mtime 1720604144.179769
DEBUG 2024-07-10 09:35:49,745 autoreload File /usr/local/lib/python3.9/lib-dynload/_multibytecodec.cpython-39-aarch64-linux-gnu.so first seen with mtime 1719959269.0
DEBUG 2024-07-10 09:35:49,746 autoreload File /usr/local/lib/python3.9/wsgiref/headers.py first seen with mtime 1719959277.0
DEBUG 2024-07-10 09:35:49,746 autoreload File /usr/local/lib/python3.9/csv.py first seen with mtime 1719959275.0
DEBUG 2024-07-10 09:35:49,746 autoreload File /usr/local/lib/python3.9/site-packages/charset_normalizer/legacy.py first seen with mtime 1720604138.708769
DEBUG 2024-07-10 09:35:49,747 autoreload File /usr/local/lib/python3.9/site-packages/django/core/validators.py first seen with mtime 1720604143.344769
DEBUG 2024-07-10 09:35:49,747 autoreload File /usr/local/lib/python3.9/site-packages/pkg_resources/_vendor/packaging/requirements.py first seen with mtime 1719989270.0
DEBUG 2024-07-10 09:35:49,747 autoreload File /usr/local/lib/python3.9/asyncio/__init__.py first seen with mtime 1719959277.0
DEBUG 2024-07-10 09:35:49,747 autoreload File /usr/local/lib/python3.9/site-packages/django/core/management/color.py first seen with mtime 1720604143.356769
DEBUG 2024-07-10 09:35:49,748 autoreload File /usr/local/lib/python3.9/site-packages/django/core/checks/urls.py first seen with mtime 1720604143.352769
DEBUG 2024-07-10 09:35:49,748 autoreload File /usr/local/lib/python3.9/site-packages/django/__init__.py first seen with mtime 1720604142.9417691
DEBUG 2024-07-10 09:35:49,748 autoreload File /usr/local/lib/python3.9/encodings/aliases.py first seen with mtime 1719959277.0
DEBUG 2024-07-10 09:35:49,749 autoreload File /usr/local/lib/python3.9/gettext.py first seen with mtime 1719959275.0
DEBUG 2024-07-10 09:35:49,749 autoreload File /usr/local/lib/python3.9/site-packages/urllib3/response.py first seen with mtime 1720604136.374769
DEBUG 2024-07-10 09:35:49,749 autoreload File /usr/local/lib/python3.9/site-packages/django/templatetags/tz.py first seen with mtime 1720604143.393769
DEBUG 2024-07-10 09:35:49,750 autoreload File /usr/local/lib/python3.9/site-packages/django/core/handlers/wsgi.py first seen with mtime 1720604143.355769
DEBUG 2024-07-10 09:35:49,750 autoreload File /usr/local/lib/python3.9/lib-dynload/_random.cpython-39-aarch64-linux-gnu.so first seen with mtime 1719959265.0
DEBUG 2024-07-10 09:35:49,750 autoreload File /usr/local/lib/python3.9/ssl.py first seen with mtime 1719959275.0
DEBUG 2024-07-10 09:35:49,751 autoreload File /usr/local/lib/python3.9/tokenize.py first seen with mtime 1719959275.0
DEBUG 2024-07-10 09:35:49,751 autoreload File /usr/local/lib/python3.9/site-packages/django/template/exceptions.py first seen with mtime 1720604143.391769
DEBUG 2024-07-10 09:35:49,751 autoreload File /usr/local/lib/python3.9/site-packages/django/core/checks/files.py first seen with mtime 1720604143.351769
DEBUG 2024-07-10 09:35:49,752 autoreload File /usr/local/lib/python3.9/site-packages/django/utils/datastructures.py first seen with mtime 1720604143.397769
DEBUG 2024-07-10 09:35:49,752 autoreload File /usr/local/lib/python3.9/site-packages/sqlparse/filters/tokens.py first seen with mtime 1720604136.517769
DEBUG 2024-07-10 09:35:49,752 autoreload File /usr/local/lib/python3.9/collections/__init__.py first seen with mtime 1719959277.0
DEBUG 2024-07-10 09:35:49,753 autoreload File /usr/local/lib/python3.9/lib-dynload/array.cpython-39-aarch64-linux-gnu.so first seen with mtime 1719959265.0
DEBUG 2024-07-10 09:35:49,753 autoreload File /usr/local/lib/python3.9/site-packages/django/db/migrations/exceptions.py first seen with mtime 1720604143.369769
DEBUG 2024-07-10 09:35:49,753 autoreload File /usr/local/lib/python3.9/site-packages/django/contrib/messages/storage/__init__.py first seen with mtime 1720604143.255769
DEBUG 2024-07-10 09:35:49,754 autoreload File /usr/local/lib/python3.9/site-packages/requests/status_codes.py first seen with mtime 1720604138.828769
DEBUG 2024-07-10 09:35:49,754 autoreload File /usr/local/lib/python3.9/site-packages/psycopg2/_json.py first seen with mtime 1720604136.701769
DEBUG 2024-07-10 09:35:49,754 autoreload File /usr/local/lib/python3.9/threading.py first seen with mtime 1719959275.0
DEBUG 2024-07-10 09:35:49,755 autoreload File /usr/local/lib/python3.9/site-packages/django/contrib/contenttypes/checks.py first seen with mtime 1720604143.150769
DEBUG 2024-07-10 09:35:49,755 autoreload File /usr/local/lib/python3.9/plistlib.py first seen with mtime 1719959275.0
DEBUG 2024-07-10 09:35:49,755 autoreload File /usr/local/lib/python3.9/site-packages/django/core/handlers/asgi.py first seen with mtime 1720604143.354769
DEBUG 2024-07-10 09:35:49,756 autoreload File /usr/local/lib/python3.9/uu.py first seen with mtime 1719959275.0
DEBUG 2024-07-10 09:35:49,756 autoreload File /usr/local/lib/python3.9/site-packages/itypes.py first seen with mtime 1720604136.318769
DEBUG 2024-07-10 09:35:49,756 autoreload File /usr/local/lib/python3.9/site-packages/asgiref/__init__.py first seen with mtime 1720604139.033769
DEBUG 2024-07-10 09:35:49,756 autoreload File /usr/local/lib/python3.9/site-packages/django/db/migrations/operations/__init__.py first seen with mtime 1720604143.370769
DEBUG 2024-07-10 09:35:49,757 autoreload File /usr/local/lib/python3.9/site-packages/MySQLdb/constants/__init__.py first seen with mtime 1720604138.507769
DEBUG 2024-07-10 09:35:49,757 autoreload File /usr/local/lib/python3.9/site-packages/rest_framework_simplejwt/token_blacklist/apps.py first seen with mtime 1720604145.416769
DEBUG 2024-07-10 09:35:49,757 autoreload File /usr/local/lib/python3.9/http/cookies.py first seen with mtime 1719959277.0
DEBUG 2024-07-10 09:35:49,758 autoreload File /usr/local/lib/python3.9/email/_policybase.py first seen with mtime 1719959277.0
DEBUG 2024-07-10 09:35:49,758 autoreload File /usr/local/lib/python3.9/io.py first seen with mtime 1719959275.0
DEBUG 2024-07-10 09:35:49,758 autoreload File /usr/local/lib/python3.9/site-packages/sqlparse/exceptions.py first seen with mtime 1720604136.515769
DEBUG 2024-07-10 09:35:49,759 autoreload File /usr/local/lib/python3.9/site-packages/urllib3/filepost.py first seen with mtime 1720604136.374769
DEBUG 2024-07-10 09:35:49,759 autoreload File /usr/local/lib/python3.9/site-packages/charset_normalizer/cd.py first seen with mtime 1720604138.708769
DEBUG 2024-07-10 09:35:49,759 autoreload File /usr/local/lib/python3.9/site-packages/django/contrib/admin/helpers.py first seen with mtime 1720604143.005769
DEBUG 2024-07-10 09:35:49,759 autoreload File /usr/local/lib/python3.9/site-packages/django/forms/renderers.py first seen with mtime 1720604143.380769
DEBUG 2024-07-10 09:35:49,760 autoreload File /usr/local/lib/python3.9/site-packages/idna/core.py first seen with mtime 1720604138.533769
DEBUG 2024-07-10 09:35:49,760 autoreload File /usr/local/lib/python3.9/re.py first seen with mtime 1719959275.0
DEBUG 2024-07-10 09:35:49,760 autoreload File /usr/local/lib/python3.9/site-packages/rest_framework_simplejwt/token_blacklist/__init__.py first seen with mtime 1720604145.416769
DEBUG 2024-07-10 09:35:49,761 autoreload File /usr/local/lib/python3.9/site-packages/coreapi/codecs/corejson.py first seen with mtime 1720604144.363769
DEBUG 2024-07-10 09:35:49,761 autoreload File /usr/local/lib/python3.9/codecs.py first seen with mtime 1719959275.0
DEBUG 2024-07-10 09:35:49,762 autoreload File /app/config/settings.py first seen with mtime 1720602786.2317243
DEBUG 2024-07-10 09:35:49,762 autoreload File /usr/local/lib/python3.9/site-packages/django/db/models/constants.py first seen with mtime 1720604143.372769
DEBUG 2024-07-10 09:35:49,762 autoreload File /usr/local/lib/python3.9/site-packages/sqlparse/filters/others.py first seen with mtime 1720604136.516769
DEBUG 2024-07-10 09:35:49,762 autoreload File /usr/local/lib/python3.9/site-packages/django/template/response.py first seen with mtime 1720604143.391769
DEBUG 2024-07-10 09:35:49,763 autoreload File /usr/local/lib/python3.9/site-packages/pkg_resources/_vendor/packaging/_structures.py first seen with mtime 1719989270.0
DEBUG 2024-07-10 09:35:49,763 autoreload File /usr/local/lib/python3.9/site-packages/django/db/__init__.py first seen with mtime 1720604143.361769
DEBUG 2024-07-10 09:35:49,763 autoreload File /usr/local/lib/python3.9/site-packages/urllib3/util/wait.py first seen with mtime 1720604136.377769
DEBUG 2024-07-10 09:35:49,764 autoreload File /usr/local/lib/python3.9/site-packages/jinja2/defaults.py first seen with mtime 1720604138.8957691
DEBUG 2024-07-10 09:35:49,764 autoreload File /usr/local/lib/python3.9/site-packages/django/utils/topological_sort.py first seen with mtime 1720604143.400769
DEBUG 2024-07-10 09:35:49,764 autoreload File /usr/local/lib/python3.9/site-packages/django/db/backends/base/__init__.py first seen with mtime 1720604143.3627691
DEBUG 2024-07-10 09:35:49,765 autoreload File /usr/local/lib/python3.9/asyncio/unix_events.py first seen with mtime 1719959277.0
DEBUG 2024-07-10 09:35:49,765 autoreload File /usr/local/lib/python3.9/site-packages/django/urls/exceptions.py first seen with mtime 1720604143.3957691
DEBUG 2024-07-10 09:35:49,765 autoreload File /usr/local/lib/python3.9/site-packages/rest_framework/schemas/coreapi.py first seen with mtime 1720604144.194769
DEBUG 2024-07-10 09:35:49,765 autoreload File /usr/local/lib/python3.9/lib-dynload/_uuid.cpython-39-aarch64-linux-gnu.so first seen with mtime 1719959270.0
DEBUG 2024-07-10 09:35:49,766 autoreload File /usr/local/lib/python3.9/json/decoder.py first seen with mtime 1719959277.0
DEBUG 2024-07-10 09:35:49,766 autoreload File /usr/local/lib/python3.9/site-packages/click/__init__.py first seen with mtime 1720604138.660769
DEBUG 2024-07-10 09:35:49,766 autoreload File /usr/local/lib/python3.9/email/iterators.py first seen with mtime 1719959277.0
DEBUG 2024-07-10 09:35:49,766 autoreload File /usr/local/lib/python3.9/posixpath.py first seen with mtime 1719959275.0
DEBUG 2024-07-10 09:35:49,767 autoreload File /usr/local/lib/python3.9/site-packages/sqlparse/engine/grouping.py first seen with mtime 1720604136.516769
DEBUG 2024-07-10 09:35:49,767 autoreload File /usr/local/lib/python3.9/site-packages/drf_yasg/inspectors/view.py first seen with mtime 1720604145.302769
DEBUG 2024-07-10 09:35:49,767 autoreload File /usr/local/lib/python3.9/site-packages/django/test/signals.py first seen with mtime 1720604143.394769
DEBUG 2024-07-10 09:35:49,768 autoreload File /usr/local/lib/python3.9/email/mime/base.py first seen with mtime 1719959277.0
DEBUG 2024-07-10 09:35:49,768 autoreload File /usr/local/lib/python3.9/site-packages/psycopg2/sql.py first seen with mtime 1720604136.701769
DEBUG 2024-07-10 09:35:49,768 autoreload File /usr/local/lib/python3.9/email/mime/text.py first seen with mtime 1719959277.0
DEBUG 2024-07-10 09:35:49,768 autoreload File /usr/local/lib/python3.9/site-packages/rest_framework/status.py first seen with mtime 1720604144.182769
DEBUG 2024-07-10 09:35:49,769 autoreload File /usr/local/lib/python3.9/configparser.py first seen with mtime 1719959275.0
DEBUG 2024-07-10 09:35:49,769 autoreload File /usr/local/lib/python3.9/unittest/case.py first seen with mtime 1719959277.0
DEBUG 2024-07-10 09:35:49,769 autoreload File /usr/local/lib/python3.9/site-packages/urllib3/util/url.py first seen with mtime 1720604136.377769
DEBUG 2024-07-10 09:35:49,770 autoreload File /usr/local/lib/python3.9/wsgiref/__init__.py first seen with mtime 1719959277.0
DEBUG 2024-07-10 09:35:49,770 autoreload File /usr/local/lib/python3.9/site-packages/django/db/models/deletion.py first seen with mtime 1720604143.372769
DEBUG 2024-07-10 09:35:49,770 autoreload File /usr/local/lib/python3.9/site-packages/coreapi/codecs/python.py first seen with mtime 1720604144.363769
DEBUG 2024-07-10 09:35:49,771 autoreload File /usr/local/lib/python3.9/asyncio/staggered.py first seen with mtime 1719959277.0
DEBUG 2024-07-10 09:35:49,771 autoreload File /usr/local/lib/python3.9/site-packages/requests/cookies.py first seen with mtime 1720604138.827769
DEBUG 2024-07-10 09:35:49,771 autoreload File /usr/local/lib/python3.9/site-packages/django/core/checks/security/base.py first seen with mtime 1720604143.352769
DEBUG 2024-07-10 09:35:49,771 autoreload File /usr/local/lib/python3.9/unittest/loader.py first seen with mtime 1719959277.0
DEBUG 2024-07-10 09:35:49,772 autoreload File /usr/local/lib/python3.9/_compression.py first seen with mtime 1719959275.0
DEBUG 2024-07-10 09:35:49,772 autoreload File /usr/local/lib/python3.9/site-packages/django/core/files/utils.py first seen with mtime 1720604143.353769
DEBUG 2024-07-10 09:35:49,773 autoreload File /usr/local/lib/python3.9/email/encoders.py first seen with mtime 1719959277.0
DEBUG 2024-07-10 09:35:49,773 autoreload File /usr/local/lib/python3.9/unittest/runner.py first seen with mtime 1719959277.0
DEBUG 2024-07-10 09:35:49,773 autoreload File /usr/local/lib/python3.9/site-packages/django/db/models/functions/mixins.py first seen with mtime 1720604143.377769
DEBUG 2024-07-10 09:35:49,774 autoreload File /usr/local/lib/python3.9/email/headerregistry.py first seen with mtime 1719959277.0
DEBUG 2024-07-10 09:35:49,774 autoreload File /usr/local/lib/python3.9/site-packages/uritemplate/orderedset.py first seen with mtime 1720604136.421769
DEBUG 2024-07-10 09:35:49,774 autoreload File /usr/local/lib/python3.9/site-packages/django/utils/decorators.py first seen with mtime 1720604143.397769
DEBUG 2024-07-10 09:35:49,775 autoreload File /usr/local/lib/python3.9/enum.py first seen with mtime 1719959275.0
DEBUG 2024-07-10 09:35:49,775 autoreload File /usr/local/lib/python3.9/site-packages/django/core/checks/security/csrf.py first seen with mtime 1720604143.352769
DEBUG 2024-07-10 09:35:49,775 autoreload File /usr/local/lib/python3.9/site-packages/django/template/context.py first seen with mtime 1720604143.390769
DEBUG 2024-07-10 09:35:49,776 autoreload File /usr/local/lib/python3.9/site-packages/drf_yasg/inspectors/base.py first seen with mtime 1720604145.302769
DEBUG 2024-07-10 09:35:49,776 autoreload File /usr/local/lib/python3.9/site-packages/django/db/backends/mysql/creation.py first seen with mtime 1720604143.364769
DEBUG 2024-07-10 09:35:49,776 autoreload File /usr/local/lib/python3.9/site-packages/django/contrib/postgres/fields/__init__.py first seen with mtime 1720604143.257769
DEBUG 2024-07-10 09:35:49,777 autoreload File /usr/local/lib/python3.9/site-packages/django/utils/log.py first seen with mtime 1720604143.399769
DEBUG 2024-07-10 09:35:49,778 autoreload File /usr/local/lib/python3.9/lib-dynload/_datetime.cpython-39-aarch64-linux-gnu.so first seen with mtime 1719959266.0
DEBUG 2024-07-10 09:35:49,778 autoreload File /usr/local/lib/python3.9/site-packages/pytz/__init__.py first seen with mtime 1720604136.249769
DEBUG 2024-07-10 09:35:49,778 autoreload File /usr/local/lib/python3.9/site-packages/rest_framework/settings.py first seen with mtime 1720604144.181769
DEBUG 2024-07-10 09:35:49,779 autoreload File /usr/local/lib/python3.9/socket.py first seen with mtime 1719959275.0
DEBUG 2024-07-10 09:35:49,779 autoreload File /usr/local/lib/python3.9/site-packages/uritemplate/api.py first seen with mtime 1720604136.421769
DEBUG 2024-07-10 09:35:49,779 autoreload File /usr/local/lib/python3.9/site-packages/django/db/models/fields/json.py first seen with mtime 1720604143.375769
DEBUG 2024-07-10 09:35:49,780 autoreload File /usr/local/lib/python3.9/urllib/parse.py first seen with mtime 1719959277.0
DEBUG 2024-07-10 09:35:49,780 autoreload File /usr/local/lib/python3.9/site-packages/django/db/models/sql/subqueries.py first seen with mtime 1720604143.378769
DEBUG 2024-07-10 09:35:49,780 autoreload File /usr/local/lib/python3.9/site-packages/django/utils/timezone.py first seen with mtime 1720604143.400769
DEBUG 2024-07-10 09:35:49,781 autoreload File /usr/local/lib/python3.9/site-packages/idna/idnadata.py first seen with mtime 1720604138.534769
DEBUG 2024-07-10 09:35:49,781 autoreload File /usr/local/lib/python3.9/site-packages/rest_framework/exceptions.py first seen with mtime 1720604144.179769
DEBUG 2024-07-10 09:35:49,781 autoreload File /usr/local/lib/python3.9/site-packages/coreapi/transports/__init__.py first seen with mtime 1720604144.364769
DEBUG 2024-07-10 09:35:49,782 autoreload File /usr/local/lib/python3.9/site-packages/MySQLdb/release.py first seen with mtime 1720604138.506769
DEBUG 2024-07-10 09:35:49,782 autoreload File /usr/local/lib/python3.9/email/_parseaddr.py first seen with mtime 1719959277.0
DEBUG 2024-07-10 09:35:49,782 autoreload File /usr/local/lib/python3.9/concurrent/futures/thread.py first seen with mtime 1719959277.0
DEBUG 2024-07-10 09:35:49,782 autoreload File /usr/local/lib/python3.9/site-packages/jinja2/visitor.py first seen with mtime 1720604138.898769
DEBUG 2024-07-10 09:35:49,783 autoreload File /usr/local/lib/python3.9/site-packages/rest_framework/request.py first seen with mtime 1720604144.181769
DEBUG 2024-07-10 09:35:49,783 autoreload File /usr/local/lib/python3.9/site-packages/django/template/backends/__init__.py first seen with mtime 1720604143.392769
DEBUG 2024-07-10 09:35:49,783 autoreload File /usr/local/lib/python3.9/site-packages/idna/intranges.py first seen with mtime 1720604138.534769
DEBUG 2024-07-10 09:35:49,784 autoreload File /usr/local/lib/python3.9/site-packages/django/db/models/__init__.py first seen with mtime 1720604143.371769
DEBUG 2024-07-10 09:35:49,784 autoreload File /usr/local/lib/python3.9/asyncio/runners.py first seen with mtime 1719959277.0
DEBUG 2024-07-10 09:35:49,784 autoreload File /usr/local/lib/python3.9/platform.py first seen with mtime 1719959275.0
DEBUG 2024-07-10 09:35:49,784 autoreload File /usr/local/lib/python3.9/site-packages/drf_yasg/codecs.py first seen with mtime 1720604145.300769
DEBUG 2024-07-10 09:35:49,785 autoreload File /usr/local/lib/python3.9/email/_header_value_parser.py first seen with mtime 1719959277.0
DEBUG 2024-07-10 09:35:49,785 autoreload File /usr/local/lib/python3.9/__future__.py first seen with mtime 1719959275.0
DEBUG 2024-07-10 09:35:49,786 autoreload File /usr/local/lib/python3.9/site-packages/django/core/cache/backends/__init__.py first seen with mtime 1720604143.345769
DEBUG 2024-07-10 09:35:49,786 autoreload File /usr/local/lib/python3.9/site-packages/django/forms/models.py first seen with mtime 1720604143.380769
DEBUG 2024-07-10 09:35:49,786 autoreload File /usr/local/lib/python3.9/site-packages/urllib3/util/ssl_.py first seen with mtime 1720604136.376769
DEBUG 2024-07-10 09:35:49,787 autoreload File /usr/local/lib/python3.9/site-packages/rest_framework/relations.py first seen with mtime 1720604144.180769
DEBUG 2024-07-10 09:35:49,787 autoreload File /usr/local/lib/python3.9/site-packages/django/core/cache/__init__.py first seen with mtime 1720604143.345769
DEBUG 2024-07-10 09:35:49,787 autoreload File /usr/local/lib/python3.9/site-packages/click/termui.py first seen with mtime 1720604138.662769
DEBUG 2024-07-10 09:35:49,788 autoreload File /usr/local/lib/python3.9/stat.py first seen with mtime 1719959275.0
DEBUG 2024-07-10 09:35:49,788 autoreload File /usr/local/lib/python3.9/lib-dynload/_opcode.cpython-39-aarch64-linux-gnu.so first seen with mtime 1719959265.0
DEBUG 2024-07-10 09:35:49,788 autoreload File /usr/local/lib/python3.9/site-packages/rest_framework/utils/encoders.py first seen with mtime 1720604144.213769
DEBUG 2024-07-10 09:35:49,789 autoreload File /usr/local/lib/python3.9/asyncio/format_helpers.py first seen with mtime 1719959277.0
DEBUG 2024-07-10 09:35:49,789 autoreload File /usr/local/lib/python3.9/lib-dynload/_queue.cpython-39-aarch64-linux-gnu.so first seen with mtime 1719959265.0
DEBUG 2024-07-10 09:35:49,789 autoreload File /usr/local/lib/python3.9/lib-dynload/_bisect.cpython-39-aarch64-linux-gnu.so first seen with mtime 1719959265.0
DEBUG 2024-07-10 09:35:49,790 autoreload File /usr/local/lib/python3.9/site-packages/django/shortcuts.py first seen with mtime 1720604142.9417691
DEBUG 2024-07-10 09:35:49,790 autoreload File /usr/local/lib/python3.9/site-packages/django/contrib/staticfiles/utils.py first seen with mtime 1720604143.343769
DEBUG 2024-07-10 09:35:49,790 autoreload File /usr/local/lib/python3.9/lib-dynload/unicodedata.cpython-39-aarch64-linux-gnu.so first seen with mtime 1719959266.0
DEBUG 2024-07-10 09:35:49,791 autoreload File /usr/local/lib/python3.9/site-packages/django/dispatch/__init__.py first seen with mtime 1720604143.378769
DEBUG 2024-07-10 09:35:49,791 autoreload File /usr/local/lib/python3.9/site-packages/django/utils/html.py first seen with mtime 1720604143.398769
DEBUG 2024-07-10 09:35:49,791 autoreload File /usr/local/lib/python3.9/xml/dom/NodeFilter.py first seen with mtime 1719959277.0
DEBUG 2024-07-10 09:35:49,792 autoreload File /usr/local/lib/python3.9/warnings.py first seen with mtime 1719959275.0
DEBUG 2024-07-10 09:35:49,792 autoreload File /usr/local/lib/python3.9/site-packages/coreapi/codecs/download.py first seen with mtime 1720604144.363769
DEBUG 2024-07-10 09:35:49,792 autoreload File /usr/local/lib/python3.9/lib-dynload/_decimal.cpython-39-aarch64-linux-gnu.so first seen with mtime 1719959275.0
DEBUG 2024-07-10 09:35:49,792 autoreload File /usr/local/lib/python3.9/site-packages/django/views/generic/list.py first seen with mtime 1720604143.403769
DEBUG 2024-07-10 09:35:49,793 autoreload File /usr/local/lib/python3.9/site-packages/django/db/models/utils.py first seen with mtime 1720604143.374769
DEBUG 2024-07-10 09:35:49,793 autoreload File /usr/local/lib/python3.9/encodings/__init__.py first seen with mtime 1719959277.0
DEBUG 2024-07-10 09:35:49,793 autoreload File /usr/local/lib/python3.9/site-packages/packaging/_structures.py first seen with mtime 1720604136.908769
DEBUG 2024-07-10 09:35:49,794 autoreload File /usr/local/lib/python3.9/site-packages/django/forms/formsets.py first seen with mtime 1720604143.380769
DEBUG 2024-07-10 09:35:49,794 autoreload File /usr/local/lib/python3.9/site-packages/django/db/migrations/operations/base.py first seen with mtime 1720604143.371769
DEBUG 2024-07-10 09:35:49,794 autoreload File /usr/local/lib/python3.9/site-packages/uritemplate/template.py first seen with mtime 1720604136.422769
DEBUG 2024-07-10 09:35:49,795 autoreload File /usr/local/lib/python3.9/site-packages/django/utils/functional.py first seen with mtime 1720604143.398769
DEBUG 2024-07-10 09:35:49,795 autoreload File /usr/local/lib/python3.9/site-packages/django/db/migrations/operations/fields.py first seen with mtime 1720604143.371769
DEBUG 2024-07-10 09:35:49,795 autoreload File /usr/local/lib/python3.9/unittest/result.py first seen with mtime 1719959277.0
DEBUG 2024-07-10 09:35:49,796 autoreload File /usr/local/lib/python3.9/site-packages/django/contrib/admin/filters.py first seen with mtime 1720604143.004769
DEBUG 2024-07-10 09:35:49,796 autoreload File /usr/local/lib/python3.9/site-packages/django/contrib/postgres/fields/array.py first seen with mtime 1720604143.257769
DEBUG 2024-07-10 09:35:49,796 autoreload File /usr/local/lib/python3.9/json/scanner.py first seen with mtime 1719959277.0
DEBUG 2024-07-10 09:35:49,796 autoreload File /usr/local/lib/python3.9/site-packages/django/contrib/auth/forms.py first seen with mtime 1720604143.119769
DEBUG 2024-07-10 09:35:49,797 autoreload File /usr/local/lib/python3.9/site-packages/urllib3/util/proxy.py first seen with mtime 1720604136.376769
DEBUG 2024-07-10 09:35:49,797 autoreload File /usr/local/lib/python3.9/site-packages/rest_framework/schemas/inspectors.py first seen with mtime 1720604144.194769
DEBUG 2024-07-10 09:35:49,797 autoreload File /app/apps/users/views.py first seen with mtime 1720602714.948441
DEBUG 2024-07-10 09:35:49,798 autoreload File /usr/local/lib/python3.9/linecache.py first seen with mtime 1719959275.0
DEBUG 2024-07-10 09:35:49,798 autoreload File /usr/local/lib/python3.9/site-packages/rest_framework/utils/urls.py first seen with mtime 1720604144.2147691
DEBUG 2024-07-10 09:35:49,798 autoreload File /usr/local/lib/python3.9/site-packages/coreapi/client.py first seen with mtime 1720604144.3627691
DEBUG 2024-07-10 09:35:49,799 autoreload File /usr/local/lib/python3.9/site-packages/coreschema/schemas.py first seen with mtime 1720604144.156769
DEBUG 2024-07-10 09:35:49,799 autoreload File /usr/local/lib/python3.9/http/client.py first seen with mtime 1719959277.0
DEBUG 2024-07-10 09:35:49,799 autoreload File /usr/local/lib/python3.9/site-packages/jinja2/utils.py first seen with mtime 1720604138.898769
DEBUG 2024-07-10 09:35:49,800 autoreload File /usr/local/lib/python3.9/site-packages/coreapi/document.py first seen with mtime 1720604144.3627691
DEBUG 2024-07-10 09:35:49,800 autoreload File /usr/local/lib/python3.9/site-packages/django/views/decorators/__init__.py first seen with mtime 1720604143.402769
DEBUG 2024-07-10 09:35:49,800 autoreload File /usr/local/lib/python3.9/site-packages/django/db/backends/base/operations.py first seen with mtime 1720604143.363769
DEBUG 2024-07-10 09:35:49,801 autoreload File /usr/local/lib/python3.9/site-packages/rest_framework/authentication.py first seen with mtime 1720604144.178769
DEBUG 2024-07-10 09:35:49,801 autoreload File /usr/local/lib/python3.9/site-packages/django/utils/asyncio.py first seen with mtime 1720604143.396769
DEBUG 2024-07-10 09:35:49,801 autoreload File /usr/local/lib/python3.9/site-packages/django/utils/lorem_ipsum.py first seen with mtime 1720604143.399769
DEBUG 2024-07-10 09:35:49,802 autoreload File /usr/local/lib/python3.9/site-packages/MySQLdb/constants/CLIENT.py first seen with mtime 1720604138.506769
DEBUG 2024-07-10 09:35:49,802 autoreload File /usr/local/lib/python3.9/base64.py first seen with mtime 1719959275.0
DEBUG 2024-07-10 09:35:49,802 autoreload File /usr/local/lib/python3.9/site-packages/urllib3/util/retry.py first seen with mtime 1720604136.376769
DEBUG 2024-07-10 09:35:49,803 autoreload File /usr/local/lib/python3.9/site-packages/django/contrib/admin/actions.py first seen with mtime 1720604143.004769
DEBUG 2024-07-10 09:35:49,803 autoreload File /usr/local/lib/python3.9/site-packages/django/core/checks/templates.py first seen with mtime 1720604143.351769
DEBUG 2024-07-10 09:35:49,803 autoreload File /usr/local/lib/python3.9/site-packages/django/core/files/locks.py first seen with mtime 1720604143.353769
DEBUG 2024-07-10 09:35:49,804 autoreload File /usr/local/lib/python3.9/site-packages/rest_framework/generics.py first seen with mtime 1720604144.179769
DEBUG 2024-07-10 09:35:49,804 autoreload File /usr/local/lib/python3.9/lib-dynload/_struct.cpython-39-aarch64-linux-gnu.so first seen with mtime 1719959265.0
DEBUG 2024-07-10 09:35:49,804 autoreload File /usr/local/lib/python3.9/site-packages/django/db/backends/base/base.py first seen with mtime 1720604143.3627691
DEBUG 2024-07-10 09:35:49,805 autoreload File /usr/local/lib/python3.9/site-packages/yaml/loader.py first seen with mtime 1720604136.586769
DEBUG 2024-07-10 09:35:49,805 autoreload File /usr/local/lib/python3.9/site-packages/drf_yasg/utils.py first seen with mtime 1720604145.301769
DEBUG 2024-07-10 09:35:49,805 autoreload File /usr/local/lib/python3.9/site-packages/django/contrib/postgres/__init__.py first seen with mtime 1720604143.255769
DEBUG 2024-07-10 09:35:49,805 autoreload File /usr/local/lib/python3.9/lib-dynload/zlib.cpython-39-aarch64-linux-gnu.so first seen with mtime 1719959268.0
DEBUG 2024-07-10 09:35:49,806 autoreload File /usr/local/lib/python3.9/bz2.py first seen with mtime 1719959275.0
DEBUG 2024-07-10 09:35:49,806 autoreload File /usr/local/lib/python3.9/_sitebuiltins.py first seen with mtime 1719959275.0
DEBUG 2024-07-10 09:35:49,806 autoreload File /usr/local/lib/python3.9/asyncio/base_tasks.py first seen with mtime 1719959277.0
DEBUG 2024-07-10 09:35:49,806 autoreload File /usr/local/lib/python3.9/site-packages/django/contrib/sites/__init__.py first seen with mtime 1720604143.320769
DEBUG 2024-07-10 09:35:49,807 autoreload File /usr/local/lib/python3.9/email/message.py first seen with mtime 1719959277.0
DEBUG 2024-07-10 09:35:49,807 autoreload File /usr/local/lib/python3.9/site-packages/urllib3/connection.py first seen with mtime 1720604136.373769
DEBUG 2024-07-10 09:35:49,807 autoreload File /usr/local/lib/python3.9/site-packages/rest_framework/versioning.py first seen with mtime 1720604144.182769
DEBUG 2024-07-10 09:35:49,808 autoreload File /usr/local/lib/python3.9/site-packages/django/db/models/functions/math.py first seen with mtime 1720604143.376769
DEBUG 2024-07-10 09:35:49,808 autoreload File /usr/local/lib/python3.9/site-packages/django/core/paginator.py first seen with mtime 1720604143.344769
DEBUG 2024-07-10 09:35:49,808 autoreload File /usr/local/lib/python3.9/site-packages/sqlparse/tokens.py first seen with mtime 1720604136.515769
DEBUG 2024-07-10 09:35:49,808 autoreload File /usr/local/lib/python3.9/asyncio/sslproto.py first seen with mtime 1719959277.0
DEBUG 2024-07-10 09:35:49,809 autoreload File /usr/local/lib/python3.9/site-packages/typing_extensions.py first seen with mtime 1720604136.498769
DEBUG 2024-07-10 09:35:49,809 autoreload File /usr/local/lib/python3.9/site-packages/django/db/backends/__init__.py first seen with mtime 1720604143.361769
DEBUG 2024-07-10 09:35:49,809 autoreload File /usr/local/lib/python3.9/site-packages/django/db/backends/mysql/client.py first seen with mtime 1720604143.364769
DEBUG 2024-07-10 09:35:49,810 autoreload File /usr/local/lib/python3.9/site-packages/drf_yasg/templates/drf-yasg first seen with mtime 1720604145.381769
DEBUG 2024-07-10 09:35:49,810 autoreload File /usr/local/lib/python3.9/site-packages/drf_yasg/templates/drf-yasg/redoc-old.html first seen with mtime 1720604145.381769
DEBUG 2024-07-10 09:35:49,810 autoreload File /usr/local/lib/python3.9/site-packages/drf_yasg/templates/drf-yasg/redoc.html first seen with mtime 1720604145.381769
DEBUG 2024-07-10 09:35:49,811 autoreload File /usr/local/lib/python3.9/site-packages/drf_yasg/templates/drf-yasg/swagger-ui.html first seen with mtime 1720604145.381769
DEBUG 2024-07-10 09:35:49,812 autoreload File /usr/local/lib/python3.9/site-packages/rest_framework/templates/rest_framework first seen with mtime 1720604144.212769
DEBUG 2024-07-10 09:35:49,812 autoreload File /usr/local/lib/python3.9/site-packages/rest_framework/templates/rest_framework/raw_data_form.html first seen with mtime 1720604144.208769
DEBUG 2024-07-10 09:35:49,812 autoreload File /usr/local/lib/python3.9/site-packages/rest_framework/templates/rest_framework/docs first seen with mtime 1720604144.209769
DEBUG 2024-07-10 09:35:49,812 autoreload File /usr/local/lib/python3.9/site-packages/rest_framework/templates/rest_framework/admin first seen with mtime 1720604144.208769
DEBUG 2024-07-10 09:35:49,813 autoreload File /usr/local/lib/python3.9/site-packages/rest_framework/templates/rest_framework/schema.js first seen with mtime 1720604144.208769
DEBUG 2024-07-10 09:35:49,813 autoreload File /usr/local/lib/python3.9/site-packages/rest_framework/templates/rest_framework/api.html first seen with mtime 1720604144.207769
DEBUG 2024-07-10 09:35:49,813 autoreload File /usr/local/lib/python3.9/site-packages/rest_framework/templates/rest_framework/admin.html first seen with mtime 1720604144.207769
DEBUG 2024-07-10 09:35:49,814 autoreload File /usr/local/lib/python3.9/site-packages/rest_framework/templates/rest_framework/vertical first seen with mtime 1720604144.213769
DEBUG 2024-07-10 09:35:49,814 autoreload File /usr/local/lib/python3.9/site-packages/rest_framework/templates/rest_framework/login_base.html first seen with mtime 1720604144.208769
DEBUG 2024-07-10 09:35:49,814 autoreload File /usr/local/lib/python3.9/site-packages/rest_framework/templates/rest_framework/pagination first seen with mtime 1720604144.212769
DEBUG 2024-07-10 09:35:49,815 autoreload File /usr/local/lib/python3.9/site-packages/rest_framework/templates/rest_framework/base.html first seen with mtime 1720604144.207769
DEBUG 2024-07-10 09:35:49,815 autoreload File /usr/local/lib/python3.9/site-packages/rest_framework/templates/rest_framework/login.html first seen with mtime 1720604144.207769
DEBUG 2024-07-10 09:35:49,815 autoreload File /usr/local/lib/python3.9/site-packages/rest_framework/templates/rest_framework/horizontal first seen with mtime 1720604144.211769
DEBUG 2024-07-10 09:35:49,816 autoreload File /usr/local/lib/python3.9/site-packages/rest_framework/templates/rest_framework/filters first seen with mtime 1720604144.210769
DEBUG 2024-07-10 09:35:49,816 autoreload File /usr/local/lib/python3.9/site-packages/rest_framework/templates/rest_framework/inline first seen with mtime 1720604144.212769
DEBUG 2024-07-10 09:35:49,816 autoreload File /usr/local/lib/python3.9/site-packages/rest_framework/templates/rest_framework/docs/langs first seen with mtime 1720604144.209769
DEBUG 2024-07-10 09:35:49,817 autoreload File /usr/local/lib/python3.9/site-packages/rest_framework/templates/rest_framework/docs/link.html first seen with mtime 1720604144.209769
DEBUG 2024-07-10 09:35:49,817 autoreload File /usr/local/lib/python3.9/site-packages/rest_framework/templates/rest_framework/docs/index.html first seen with mtime 1720604144.208769
DEBUG 2024-07-10 09:35:49,817 autoreload File /usr/local/lib/python3.9/site-packages/rest_framework/templates/rest_framework/docs/document.html first seen with mtime 1720604144.208769
DEBUG 2024-07-10 09:35:49,817 autoreload File /usr/local/lib/python3.9/site-packages/rest_framework/templates/rest_framework/docs/sidebar.html first seen with mtime 1720604144.209769
DEBUG 2024-07-10 09:35:49,818 autoreload File /usr/local/lib/python3.9/site-packages/rest_framework/templates/rest_framework/docs/interact.html first seen with mtime 1720604144.208769
DEBUG 2024-07-10 09:35:49,818 autoreload File /usr/local/lib/python3.9/site-packages/rest_framework/templates/rest_framework/docs/auth first seen with mtime 1720604144.209769
DEBUG 2024-07-10 09:35:49,818 autoreload File /usr/local/lib/python3.9/site-packages/rest_framework/templates/rest_framework/docs/error.html first seen with mtime 1720604144.208769
DEBUG 2024-07-10 09:35:49,819 autoreload File /usr/local/lib/python3.9/site-packages/rest_framework/templates/rest_framework/docs/langs/shell.html first seen with mtime 1720604144.209769
DEBUG 2024-07-10 09:35:49,819 autoreload File /usr/local/lib/python3.9/site-packages/rest_framework/templates/rest_framework/docs/langs/python.html first seen with mtime 1720604144.209769
DEBUG 2024-07-10 09:35:49,820 autoreload File /usr/local/lib/python3.9/site-packages/rest_framework/templates/rest_framework/docs/langs/shell-intro.html first seen with mtime 1720604144.209769
DEBUG 2024-07-10 09:35:49,820 autoreload File /usr/local/lib/python3.9/site-packages/rest_framework/templates/rest_framework/docs/langs/python-intro.html first seen with mtime 1720604144.209769
DEBUG 2024-07-10 09:35:49,820 autoreload File /usr/local/lib/python3.9/site-packages/rest_framework/templates/rest_framework/docs/langs/javascript.html first seen with mtime 1720604144.209769
DEBUG 2024-07-10 09:35:49,821 autoreload File /usr/local/lib/python3.9/site-packages/rest_framework/templates/rest_framework/docs/langs/javascript-intro.html first seen with mtime 1720604144.209769
DEBUG 2024-07-10 09:35:49,821 autoreload File /usr/local/lib/python3.9/site-packages/rest_framework/templates/rest_framework/docs/auth/token.html first seen with mtime 1720604144.209769
DEBUG 2024-07-10 09:35:49,822 autoreload File /usr/local/lib/python3.9/site-packages/rest_framework/templates/rest_framework/docs/auth/basic.html first seen with mtime 1720604144.209769
DEBUG 2024-07-10 09:35:49,822 autoreload File /usr/local/lib/python3.9/site-packages/rest_framework/templates/rest_framework/docs/auth/session.html first seen with mtime 1720604144.209769
DEBUG 2024-07-10 09:35:49,822 autoreload File /usr/local/lib/python3.9/site-packages/rest_framework/templates/rest_framework/admin/list.html first seen with mtime 1720604144.208769
DEBUG 2024-07-10 09:35:49,823 autoreload File /usr/local/lib/python3.9/site-packages/rest_framework/templates/rest_framework/admin/detail.html first seen with mtime 1720604144.208769
DEBUG 2024-07-10 09:35:49,823 autoreload File /usr/local/lib/python3.9/site-packages/rest_framework/templates/rest_framework/admin/list_value.html first seen with mtime 1720604144.208769
DEBUG 2024-07-10 09:35:49,823 autoreload File /usr/local/lib/python3.9/site-packages/rest_framework/templates/rest_framework/admin/dict_value.html first seen with mtime 1720604144.208769
DEBUG 2024-07-10 09:35:49,823 autoreload File /usr/local/lib/python3.9/site-packages/rest_framework/templates/rest_framework/admin/simple_list_value.html first seen with mtime 1720604144.208769
DEBUG 2024-07-10 09:35:49,824 autoreload File /usr/local/lib/python3.9/site-packages/rest_framework/templates/rest_framework/vertical/fieldset.html first seen with mtime 1720604144.212769
DEBUG 2024-07-10 09:35:49,824 autoreload File /usr/local/lib/python3.9/site-packages/rest_framework/templates/rest_framework/vertical/radio.html first seen with mtime 1720604144.213769
DEBUG 2024-07-10 09:35:49,824 autoreload File /usr/local/lib/python3.9/site-packages/rest_framework/templates/rest_framework/vertical/select.html first seen with mtime 1720604144.213769
DEBUG 2024-07-10 09:35:49,825 autoreload File /usr/local/lib/python3.9/site-packages/rest_framework/templates/rest_framework/vertical/dict_field.html first seen with mtime 1720604144.212769
DEBUG 2024-07-10 09:35:49,825 autoreload File /usr/local/lib/python3.9/site-packages/rest_framework/templates/rest_framework/vertical/list_field.html first seen with mtime 1720604144.212769
DEBUG 2024-07-10 09:35:49,825 autoreload File /usr/local/lib/python3.9/site-packages/rest_framework/templates/rest_framework/vertical/checkbox.html first seen with mtime 1720604144.212769
DEBUG 2024-07-10 09:35:49,825 autoreload File /usr/local/lib/python3.9/site-packages/rest_framework/templates/rest_framework/vertical/textarea.html first seen with mtime 1720604144.213769
DEBUG 2024-07-10 09:35:49,826 autoreload File /usr/local/lib/python3.9/site-packages/rest_framework/templates/rest_framework/vertical/checkbox_multiple.html first seen with mtime 1720604144.212769
DEBUG 2024-07-10 09:35:49,826 autoreload File /usr/local/lib/python3.9/site-packages/rest_framework/templates/rest_framework/vertical/form.html first seen with mtime 1720604144.212769
DEBUG 2024-07-10 09:35:49,826 autoreload File /usr/local/lib/python3.9/site-packages/rest_framework/templates/rest_framework/vertical/list_fieldset.html first seen with mtime 1720604144.212769
DEBUG 2024-07-10 09:35:49,827 autoreload File /usr/local/lib/python3.9/site-packages/rest_framework/templates/rest_framework/vertical/select_multiple.html first seen with mtime 1720604144.213769
DEBUG 2024-07-10 09:35:49,827 autoreload File /usr/local/lib/python3.9/site-packages/rest_framework/templates/rest_framework/vertical/input.html first seen with mtime 1720604144.212769
DEBUG 2024-07-10 09:35:49,828 autoreload File /usr/local/lib/python3.9/site-packages/rest_framework/templates/rest_framework/pagination/numbers.html first seen with mtime 1720604144.212769
DEBUG 2024-07-10 09:35:49,828 autoreload File /usr/local/lib/python3.9/site-packages/rest_framework/templates/rest_framework/pagination/previous_and_next.html first seen with mtime 1720604144.212769
DEBUG 2024-07-10 09:35:49,828 autoreload File /usr/local/lib/python3.9/site-packages/rest_framework/templates/rest_framework/horizontal/fieldset.html first seen with mtime 1720604144.210769
DEBUG 2024-07-10 09:35:49,829 autoreload File /usr/local/lib/python3.9/site-packages/rest_framework/templates/rest_framework/horizontal/radio.html first seen with mtime 1720604144.210769
DEBUG 2024-07-10 09:35:49,829 autoreload File /usr/local/lib/python3.9/site-packages/rest_framework/templates/rest_framework/horizontal/select.html first seen with mtime 1720604144.210769
DEBUG 2024-07-10 09:35:49,829 autoreload File /usr/local/lib/python3.9/site-packages/rest_framework/templates/rest_framework/horizontal/dict_field.html first seen with mtime 1720604144.210769
DEBUG 2024-07-10 09:35:49,830 autoreload File /usr/local/lib/python3.9/site-packages/rest_framework/templates/rest_framework/horizontal/list_field.html first seen with mtime 1720604144.210769
DEBUG 2024-07-10 09:35:49,830 autoreload File /usr/local/lib/python3.9/site-packages/rest_framework/templates/rest_framework/horizontal/checkbox.html first seen with mtime 1720604144.210769
DEBUG 2024-07-10 09:35:49,830 autoreload File /usr/local/lib/python3.9/site-packages/rest_framework/templates/rest_framework/horizontal/textarea.html first seen with mtime 1720604144.211769
DEBUG 2024-07-10 09:35:49,831 autoreload File /usr/local/lib/python3.9/site-packages/rest_framework/templates/rest_framework/horizontal/checkbox_multiple.html first seen with mtime 1720604144.210769
DEBUG 2024-07-10 09:35:49,831 autoreload File /usr/local/lib/python3.9/site-packages/rest_framework/templates/rest_framework/horizontal/form.html first seen with mtime 1720604144.210769
DEBUG 2024-07-10 09:35:49,831 autoreload File /usr/local/lib/python3.9/site-packages/rest_framework/templates/rest_framework/horizontal/list_fieldset.html first seen with mtime 1720604144.210769
DEBUG 2024-07-10 09:35:49,832 autoreload File /usr/local/lib/python3.9/site-packages/rest_framework/templates/rest_framework/horizontal/select_multiple.html first seen with mtime 1720604144.211769
DEBUG 2024-07-10 09:35:49,832 autoreload File /usr/local/lib/python3.9/site-packages/rest_framework/templates/rest_framework/horizontal/input.html first seen with mtime 1720604144.210769
DEBUG 2024-07-10 09:35:49,833 autoreload File /usr/local/lib/python3.9/site-packages/rest_framework/templates/rest_framework/filters/base.html first seen with mtime 1720604144.210769
DEBUG 2024-07-10 09:35:49,833 autoreload File /usr/local/lib/python3.9/site-packages/rest_framework/templates/rest_framework/filters/ordering.html first seen with mtime 1720604144.210769
DEBUG 2024-07-10 09:35:49,833 autoreload File /usr/local/lib/python3.9/site-packages/rest_framework/templates/rest_framework/filters/search.html first seen with mtime 1720604144.210769
DEBUG 2024-07-10 09:35:49,834 autoreload File /usr/local/lib/python3.9/site-packages/rest_framework/templates/rest_framework/inline/fieldset.html first seen with mtime 1720604144.211769
DEBUG 2024-07-10 09:35:49,834 autoreload File /usr/local/lib/python3.9/site-packages/rest_framework/templates/rest_framework/inline/radio.html first seen with mtime 1720604144.211769
DEBUG 2024-07-10 09:35:49,834 autoreload File /usr/local/lib/python3.9/site-packages/rest_framework/templates/rest_framework/inline/select.html first seen with mtime 1720604144.211769
DEBUG 2024-07-10 09:35:49,834 autoreload File /usr/local/lib/python3.9/site-packages/rest_framework/templates/rest_framework/inline/dict_field.html first seen with mtime 1720604144.211769
DEBUG 2024-07-10 09:35:49,835 autoreload File /usr/local/lib/python3.9/site-packages/rest_framework/templates/rest_framework/inline/list_field.html first seen with mtime 1720604144.211769
DEBUG 2024-07-10 09:35:49,835 autoreload File /usr/local/lib/python3.9/site-packages/rest_framework/templates/rest_framework/inline/checkbox.html first seen with mtime 1720604144.211769
DEBUG 2024-07-10 09:35:49,835 autoreload File /usr/local/lib/python3.9/site-packages/rest_framework/templates/rest_framework/inline/textarea.html first seen with mtime 1720604144.212769
DEBUG 2024-07-10 09:35:49,836 autoreload File /usr/local/lib/python3.9/site-packages/rest_framework/templates/rest_framework/inline/checkbox_multiple.html first seen with mtime 1720604144.211769
DEBUG 2024-07-10 09:35:49,836 autoreload File /usr/local/lib/python3.9/site-packages/rest_framework/templates/rest_framework/inline/form.html first seen with mtime 1720604144.211769
DEBUG 2024-07-10 09:35:49,836 autoreload File /usr/local/lib/python3.9/site-packages/rest_framework/templates/rest_framework/inline/list_fieldset.html first seen with mtime 1720604144.211769
DEBUG 2024-07-10 09:35:49,837 autoreload File /usr/local/lib/python3.9/site-packages/rest_framework/templates/rest_framework/inline/select_multiple.html first seen with mtime 1720604144.212769
DEBUG 2024-07-10 09:35:49,837 autoreload File /usr/local/lib/python3.9/site-packages/rest_framework/templates/rest_framework/inline/input.html first seen with mtime 1720604144.211769
DEBUG 2024-07-10 09:35:49,838 autoreload File /usr/local/lib/python3.9/site-packages/rest_framework/locale/da/LC_MESSAGES/django.mo first seen with mtime 1720604144.185769
DEBUG 2024-07-10 09:35:49,838 autoreload File /usr/local/lib/python3.9/site-packages/rest_framework/locale/sl/LC_MESSAGES/django.mo first seen with mtime 1720604144.192769
DEBUG 2024-07-10 09:35:49,838 autoreload File /usr/local/lib/python3.9/site-packages/rest_framework/locale/es/LC_MESSAGES/django.mo first seen with mtime 1720604144.186769
DEBUG 2024-07-10 09:35:49,839 autoreload File /usr/local/lib/python3.9/site-packages/rest_framework/locale/pl/LC_MESSAGES/django.mo first seen with mtime 1720604144.190769
DEBUG 2024-07-10 09:35:49,839 autoreload File /usr/local/lib/python3.9/site-packages/rest_framework/locale/az/LC_MESSAGES/django.mo first seen with mtime 1720604144.184769
DEBUG 2024-07-10 09:35:49,839 autoreload File /usr/local/lib/python3.9/site-packages/rest_framework/locale/be/LC_MESSAGES/django.mo first seen with mtime 1720604144.184769
DEBUG 2024-07-10 09:35:49,840 autoreload File /usr/local/lib/python3.9/site-packages/rest_framework/locale/en/LC_MESSAGES/django.mo first seen with mtime 1720604144.186769
DEBUG 2024-07-10 09:35:49,840 autoreload File /usr/local/lib/python3.9/site-packages/rest_framework/locale/fr/LC_MESSAGES/django.mo first seen with mtime 1720604144.187769
DEBUG 2024-07-10 09:35:49,841 autoreload File /usr/local/lib/python3.9/site-packages/rest_framework/locale/hy/LC_MESSAGES/django.mo first seen with mtime 1720604144.188769
DEBUG 2024-07-10 09:35:49,841 autoreload File /usr/local/lib/python3.9/site-packages/rest_framework/locale/gl/LC_MESSAGES/django.mo first seen with mtime 1720604144.187769
DEBUG 2024-07-10 09:35:49,841 autoreload File /usr/local/lib/python3.9/site-packages/rest_framework/locale/ru_RU/LC_MESSAGES/django.mo first seen with mtime 1720604144.1917691
DEBUG 2024-07-10 09:35:49,842 autoreload File /usr/local/lib/python3.9/site-packages/rest_framework/locale/et/LC_MESSAGES/django.mo first seen with mtime 1720604144.186769
DEBUG 2024-07-10 09:35:49,842 autoreload File /usr/local/lib/python3.9/site-packages/rest_framework/locale/ach/LC_MESSAGES/django.mo first seen with mtime 1720604144.184769
DEBUG 2024-07-10 09:35:49,843 autoreload File /usr/local/lib/python3.9/site-packages/rest_framework/locale/ro/LC_MESSAGES/django.mo first seen with mtime 1720604144.1917691
DEBUG 2024-07-10 09:35:49,843 autoreload File /usr/local/lib/python3.9/site-packages/rest_framework/locale/ko_KR/LC_MESSAGES/django.mo first seen with mtime 1720604144.189769
DEBUG 2024-07-10 09:35:49,844 autoreload File /usr/local/lib/python3.9/site-packages/rest_framework/locale/zh_Hant/LC_MESSAGES/django.mo first seen with mtime 1720604144.193769
DEBUG 2024-07-10 09:35:49,844 autoreload File /usr/local/lib/python3.9/site-packages/rest_framework/locale/hu/LC_MESSAGES/django.mo first seen with mtime 1720604144.188769
DEBUG 2024-07-10 09:35:49,844 autoreload File /usr/local/lib/python3.9/site-packages/rest_framework/locale/en_US/LC_MESSAGES/django.mo first seen with mtime 1720604144.186769
DEBUG 2024-07-10 09:35:49,845 autoreload File /usr/local/lib/python3.9/site-packages/rest_framework/locale/lt/LC_MESSAGES/django.mo first seen with mtime 1720604144.189769
DEBUG 2024-07-10 09:35:49,845 autoreload File /usr/local/lib/python3.9/site-packages/rest_framework/locale/pt_BR/LC_MESSAGES/django.mo first seen with mtime 1720604144.1917691
DEBUG 2024-07-10 09:35:49,845 autoreload File /usr/local/lib/python3.9/site-packages/rest_framework/locale/lv/LC_MESSAGES/django.mo first seen with mtime 1720604144.189769
DEBUG 2024-07-10 09:35:49,845 autoreload File /usr/local/lib/python3.9/site-packages/rest_framework/locale/tr_TR/LC_MESSAGES/django.mo first seen with mtime 1720604144.192769
DEBUG 2024-07-10 09:35:49,846 autoreload File /usr/local/lib/python3.9/site-packages/rest_framework/locale/gl_ES/LC_MESSAGES/django.mo first seen with mtime 1720604144.188769
DEBUG 2024-07-10 09:35:49,846 autoreload File /usr/local/lib/python3.9/site-packages/rest_framework/locale/en_AU/LC_MESSAGES/django.mo first seen with mtime 1720604144.186769
DEBUG 2024-07-10 09:35:49,846 autoreload File /usr/local/lib/python3.9/site-packages/rest_framework/locale/de/LC_MESSAGES/django.mo first seen with mtime 1720604144.185769
DEBUG 2024-07-10 09:35:49,847 autoreload File /usr/local/lib/python3.9/site-packages/rest_framework/locale/th/LC_MESSAGES/django.mo first seen with mtime 1720604144.192769
DEBUG 2024-07-10 09:35:49,847 autoreload File /usr/local/lib/python3.9/site-packages/rest_framework/locale/en_CA/LC_MESSAGES/django.mo first seen with mtime 1720604144.186769
DEBUG 2024-07-10 09:35:49,848 autoreload File /usr/local/lib/python3.9/site-packages/rest_framework/locale/bg/LC_MESSAGES/django.mo first seen with mtime 1720604144.184769
DEBUG 2024-07-10 09:35:49,848 autoreload File /usr/local/lib/python3.9/site-packages/rest_framework/locale/sk/LC_MESSAGES/django.mo first seen with mtime 1720604144.1917691
DEBUG 2024-07-10 09:35:49,848 autoreload File /usr/local/lib/python3.9/site-packages/rest_framework/locale/fa/LC_MESSAGES/django.mo first seen with mtime 1720604144.187769
DEBUG 2024-07-10 09:35:49,849 autoreload File /usr/local/lib/python3.9/site-packages/rest_framework/locale/uk/LC_MESSAGES/django.mo first seen with mtime 1720604144.192769
DEBUG 2024-07-10 09:35:49,849 autoreload File /usr/local/lib/python3.9/site-packages/rest_framework/locale/tr/LC_MESSAGES/django.mo first seen with mtime 1720604144.192769
DEBUG 2024-07-10 09:35:49,849 autoreload File /usr/local/lib/python3.9/site-packages/rest_framework/locale/pt/LC_MESSAGES/django.mo first seen with mtime 1720604144.190769
DEBUG 2024-07-10 09:35:49,850 autoreload File /usr/local/lib/python3.9/site-packages/rest_framework/locale/zh_Hans/LC_MESSAGES/django.mo first seen with mtime 1720604144.193769
DEBUG 2024-07-10 09:35:49,850 autoreload File /usr/local/lib/python3.9/site-packages/rest_framework/locale/ne_NP/LC_MESSAGES/django.mo first seen with mtime 1720604144.190769
DEBUG 2024-07-10 09:35:49,850 autoreload File /usr/local/lib/python3.9/site-packages/rest_framework/locale/fr_CA/LC_MESSAGES/django.mo first seen with mtime 1720604144.187769
DEBUG 2024-07-10 09:35:49,851 autoreload File /usr/local/lib/python3.9/site-packages/rest_framework/locale/zh_TW/LC_MESSAGES/django.mo first seen with mtime 1720604144.193769
DEBUG 2024-07-10 09:35:49,851 autoreload File /usr/local/lib/python3.9/site-packages/rest_framework/locale/el/LC_MESSAGES/django.mo first seen with mtime 1720604144.185769
DEBUG 2024-07-10 09:35:49,851 autoreload File /usr/local/lib/python3.9/site-packages/rest_framework/locale/vi/LC_MESSAGES/django.mo first seen with mtime 1720604144.193769
DEBUG 2024-07-10 09:35:49,852 autoreload File /usr/local/lib/python3.9/site-packages/rest_framework/locale/ar/LC_MESSAGES/django.mo first seen with mtime 1720604144.184769
DEBUG 2024-07-10 09:35:49,852 autoreload File /usr/local/lib/python3.9/site-packages/rest_framework/locale/ja/LC_MESSAGES/django.mo first seen with mtime 1720604144.189769
DEBUG 2024-07-10 09:35:49,852 autoreload File /usr/local/lib/python3.9/site-packages/rest_framework/locale/no/LC_MESSAGES/django.mo first seen with mtime 1720604144.190769
DEBUG 2024-07-10 09:35:49,853 autoreload File /usr/local/lib/python3.9/site-packages/rest_framework/locale/he_IL/LC_MESSAGES/django.mo first seen with mtime 1720604144.188769
DEBUG 2024-07-10 09:35:49,853 autoreload File /usr/local/lib/python3.9/site-packages/rest_framework/locale/fa_IR/LC_MESSAGES/django.mo first seen with mtime 1720604144.187769
DEBUG 2024-07-10 09:35:49,853 autoreload File /usr/local/lib/python3.9/site-packages/rest_framework/locale/nb/LC_MESSAGES/django.mo first seen with mtime 1720604144.189769
DEBUG 2024-07-10 09:35:49,854 autoreload File /usr/local/lib/python3.9/site-packages/rest_framework/locale/nl/LC_MESSAGES/django.mo first seen with mtime 1720604144.190769
DEBUG 2024-07-10 09:35:49,854 autoreload File /usr/local/lib/python3.9/site-packages/rest_framework/locale/zh_CN/LC_MESSAGES/django.mo first seen with mtime 1720604144.193769
DEBUG 2024-07-10 09:35:49,855 autoreload File /usr/local/lib/python3.9/site-packages/rest_framework/locale/ru/LC_MESSAGES/django.mo first seen with mtime 1720604144.1917691
DEBUG 2024-07-10 09:35:49,855 autoreload File /usr/local/lib/python3.9/site-packages/rest_framework/locale/cs/LC_MESSAGES/django.mo first seen with mtime 1720604144.185769
DEBUG 2024-07-10 09:35:49,855 autoreload File /usr/local/lib/python3.9/site-packages/rest_framework/locale/nn/LC_MESSAGES/django.mo first seen with mtime 1720604144.190769
DEBUG 2024-07-10 09:35:49,855 autoreload File /usr/local/lib/python3.9/site-packages/rest_framework/locale/pt_PT/LC_MESSAGES/django.mo first seen with mtime 1720604144.1917691
DEBUG 2024-07-10 09:35:49,856 autoreload File /usr/local/lib/python3.9/site-packages/rest_framework/locale/sv/LC_MESSAGES/django.mo first seen with mtime 1720604144.192769
DEBUG 2024-07-10 09:35:49,856 autoreload File /usr/local/lib/python3.9/site-packages/rest_framework/locale/id/LC_MESSAGES/django.mo first seen with mtime 1720604144.188769
DEBUG 2024-07-10 09:35:49,856 autoreload File /usr/local/lib/python3.9/site-packages/rest_framework/locale/el_GR/LC_MESSAGES/django.mo first seen with mtime 1720604144.186769
DEBUG 2024-07-10 09:35:49,857 autoreload File /usr/local/lib/python3.9/site-packages/rest_framework/locale/ca/LC_MESSAGES/django.mo first seen with mtime 1720604144.185769
DEBUG 2024-07-10 09:35:49,857 autoreload File /usr/local/lib/python3.9/site-packages/rest_framework/locale/ca_ES/LC_MESSAGES/django.mo first seen with mtime 1720604144.185769
DEBUG 2024-07-10 09:35:49,857 autoreload File /usr/local/lib/python3.9/site-packages/rest_framework/locale/it/LC_MESSAGES/django.mo first seen with mtime 1720604144.188769
DEBUG 2024-07-10 09:35:49,858 autoreload File /usr/local/lib/python3.9/site-packages/rest_framework/locale/fi/LC_MESSAGES/django.mo first seen with mtime 1720604144.187769
DEBUG 2024-07-10 09:35:49,858 autoreload File /usr/local/lib/python3.9/site-packages/rest_framework/locale/mk/LC_MESSAGES/django.mo first seen with mtime 1720604144.189769
DEBUG 2024-07-10 09:36:26,694 autoreload File /app/apps/users/views.py previous mtime: 1720602714.948441, current mtime: 1720604186.1529527
DEBUG 2024-07-10 09:36:26,696 autoreload /app/apps/users/views.py notified as changed. Signal results: [(<function template_changed at 0xffffb90b6b80>, None), (<function translation_file_changed at 0xffffb80a8040>, None)].
INFO 2024-07-10 09:36:26,697 autoreload /app/apps/users/views.py changed, reloading.
INFO 2024-07-10 09:36:27,154 autoreload Watching for file changes with StatReloader
DEBUG 2024-07-10 09:36:27,154 autoreload Waiting for apps ready_event.
DEBUG 2024-07-10 09:36:27,231 autoreload Apps ready_event triggered. Sending autoreload_started signal.
DEBUG 2024-07-10 09:36:27,237 autoreload Watching dir /usr/local/lib/python3.9/site-packages/rest_framework/templates with glob **/*.
DEBUG 2024-07-10 09:36:27,237 autoreload Watching dir /app/apps/entry/templates with glob **/*.
DEBUG 2024-07-10 09:36:27,238 autoreload Watching dir /app/apps/info/templates with glob **/*.
DEBUG 2024-07-10 09:36:27,238 autoreload Watching dir /app/templates with glob **/*.
DEBUG 2024-07-10 09:36:27,238 autoreload Watching dir /app/apps/users/templates with glob **/*.
DEBUG 2024-07-10 09:36:27,245 autoreload Watching dir /usr/local/lib/python3.9/site-packages/drf_yasg/templates with glob **/*.
DEBUG 2024-07-10 09:36:27,249 autoreload Watching dir /app/apps/options/templates with glob **/*.
DEBUG 2024-07-10 09:36:27,250 autoreload Watching dir /app/locale with glob **/*.mo.
DEBUG 2024-07-10 09:36:27,250 autoreload Watching dir /usr/local/lib/python3.9/site-packages/rest_framework/locale with glob **/*.mo.
DEBUG 2024-07-10 09:36:27,250 autoreload Watching dir /usr/local/lib/python3.9/site-packages/requests/locale with glob **/*.mo.
DEBUG 2024-07-10 09:36:27,251 autoreload Watching dir /usr/local/lib/python3.9/site-packages/drf_yasg/locale with glob **/*.mo.
DEBUG 2024-07-10 09:36:27,252 autoreload Watching dir /usr/local/lib/python3.9/site-packages/rest_framework_simplejwt/token_blacklist/locale with glob **/*.mo.
DEBUG 2024-07-10 09:36:27,253 autoreload Watching dir /app/apps/users/locale with glob **/*.mo.
DEBUG 2024-07-10 09:36:27,253 autoreload Watching dir /app/apps/entry/locale with glob **/*.mo.
DEBUG 2024-07-10 09:36:27,304 autoreload File /usr/local/lib/python3.9/encodings/latin_1.py first seen with mtime 1719959277.0
DEBUG 2024-07-10 09:36:27,304 autoreload File /usr/local/lib/python3.9/unittest/util.py first seen with mtime 1719959277.0
DEBUG 2024-07-10 09:36:27,304 autoreload File /usr/local/lib/python3.9/site-packages/django/db/models/fields/__init__.py first seen with mtime 1720604143.374769
DEBUG 2024-07-10 09:36:27,304 autoreload File /usr/local/lib/python3.9/site-packages/django/db/backends/postgresql/__init__.py first seen with mtime 1720604143.366769
DEBUG 2024-07-10 09:36:27,305 autoreload File /usr/local/lib/python3.9/site-packages/django/contrib/auth/admin.py first seen with mtime 1720604143.118769
DEBUG 2024-07-10 09:36:27,305 autoreload File /usr/local/lib/python3.9/site-packages/django/core/files/uploadhandler.py first seen with mtime 1720604143.353769
DEBUG 2024-07-10 09:36:27,305 autoreload File /usr/local/lib/python3.9/site-packages/itypes.py first seen with mtime 1720604136.318769
DEBUG 2024-07-10 09:36:27,305 autoreload File /usr/local/lib/python3.9/lib-dynload/_posixsubprocess.cpython-39-aarch64-linux-gnu.so first seen with mtime 1719959266.0
DEBUG 2024-07-10 09:36:27,306 autoreload File /usr/local/lib/python3.9/mimetypes.py first seen with mtime 1719959275.0
DEBUG 2024-07-10 09:36:27,306 autoreload File /usr/local/lib/python3.9/site-packages/django/core/files/storage/__init__.py first seen with mtime 1720604143.353769
DEBUG 2024-07-10 09:36:27,306 autoreload File /usr/local/lib/python3.9/site-packages/django/template/loaders/app_directories.py first seen with mtime 1720604143.392769
DEBUG 2024-07-10 09:36:27,306 autoreload File /usr/local/lib/python3.9/site-packages/django/contrib/staticfiles/checks.py first seen with mtime 1720604143.342769
DEBUG 2024-07-10 09:36:27,306 autoreload File /usr/local/lib/python3.9/site-packages/sqlparse/formatter.py first seen with mtime 1720604136.515769
DEBUG 2024-07-10 09:36:27,307 autoreload File /usr/local/lib/python3.9/site-packages/drf_yasg/__init__.py first seen with mtime 1720604145.300769
DEBUG 2024-07-10 09:36:27,307 autoreload File /usr/local/lib/python3.9/site-packages/uritemplate/variable.py first seen with mtime 1720604136.422769
DEBUG 2024-07-10 09:36:27,307 autoreload File /app/apps/entry/serializers.py first seen with mtime 1720512557.4509146
DEBUG 2024-07-10 09:36:27,307 autoreload File /usr/local/lib/python3.9/site-packages/django/utils/datastructures.py first seen with mtime 1720604143.397769
DEBUG 2024-07-10 09:36:27,308 autoreload File /usr/local/lib/python3.9/zipfile.py first seen with mtime 1719959275.0
DEBUG 2024-07-10 09:36:27,308 autoreload File /usr/local/lib/python3.9/concurrent/__init__.py first seen with mtime 1719959277.0
DEBUG 2024-07-10 09:36:27,308 autoreload File /usr/local/lib/python3.9/lib-dynload/binascii.cpython-39-aarch64-linux-gnu.so first seen with mtime 1719959269.0
DEBUG 2024-07-10 09:36:27,308 autoreload File /usr/local/lib/python3.9/site-packages/django/db/migrations/exceptions.py first seen with mtime 1720604143.369769
DEBUG 2024-07-10 09:36:27,308 autoreload File /usr/local/lib/python3.9/importlib/resources.py first seen with mtime 1719959276.0
DEBUG 2024-07-10 09:36:27,308 autoreload File /usr/local/lib/python3.9/site-packages/django/contrib/auth/validators.py first seen with mtime 1720604143.120769
DEBUG 2024-07-10 09:36:27,309 autoreload File /usr/local/lib/python3.9/site-packages/coreapi/transports/base.py first seen with mtime 1720604144.364769
DEBUG 2024-07-10 09:36:27,309 autoreload File /usr/local/lib/python3.9/email/feedparser.py first seen with mtime 1719959277.0
DEBUG 2024-07-10 09:36:27,309 autoreload File /usr/local/lib/python3.9/site-packages/django/db/models/functions/text.py first seen with mtime 1720604143.377769
DEBUG 2024-07-10 09:36:27,309 autoreload File /usr/local/lib/python3.9/site-packages/django/core/files/uploadedfile.py first seen with mtime 1720604143.353769
DEBUG 2024-07-10 09:36:27,309 autoreload File /usr/local/lib/python3.9/site-packages/django/contrib/contenttypes/checks.py first seen with mtime 1720604143.150769
DEBUG 2024-07-10 09:36:27,310 autoreload File /usr/local/lib/python3.9/site-packages/django/core/cache/backends/locmem.py first seen with mtime 1720604143.346769
DEBUG 2024-07-10 09:36:27,310 autoreload File /usr/local/lib/python3.9/site-packages/uritemplate/orderedset.py first seen with mtime 1720604136.421769
DEBUG 2024-07-10 09:36:27,310 autoreload File /usr/local/lib/python3.9/site-packages/MySQLdb/times.py first seen with mtime 1720604138.506769
DEBUG 2024-07-10 09:36:27,310 autoreload File /usr/local/lib/python3.9/site-packages/rest_framework_simplejwt/__init__.py first seen with mtime 1720604145.409769
DEBUG 2024-07-10 09:36:27,310 autoreload File /usr/local/lib/python3.9/site-packages/django/forms/models.py first seen with mtime 1720604143.380769
DEBUG 2024-07-10 09:36:27,311 autoreload File /usr/local/lib/python3.9/site-packages/MySQLdb/constants/FIELD_TYPE.py first seen with mtime 1720604138.507769
DEBUG 2024-07-10 09:36:27,311 autoreload File /usr/local/lib/python3.9/lib-dynload/_blake2.cpython-39-aarch64-linux-gnu.so first seen with mtime 1719959269.0
DEBUG 2024-07-10 09:36:27,311 autoreload File /usr/local/lib/python3.9/asyncio/tasks.py first seen with mtime 1719959277.0
DEBUG 2024-07-10 09:36:27,311 autoreload File /usr/local/lib/python3.9/site-packages/django/contrib/staticfiles/finders.py first seen with mtime 1720604143.342769
DEBUG 2024-07-10 09:36:27,311 autoreload File /usr/local/lib/python3.9/unittest/loader.py first seen with mtime 1719959277.0
DEBUG 2024-07-10 09:36:27,312 autoreload File /usr/local/lib/python3.9/site-packages/rest_framework_simplejwt/authentication.py first seen with mtime 1720604145.410769
DEBUG 2024-07-10 09:36:27,312 autoreload File /usr/local/lib/python3.9/site-packages/requests/hooks.py first seen with mtime 1720604138.827769
DEBUG 2024-07-10 09:36:27,312 autoreload File /usr/local/lib/python3.9/site-packages/requests/utils.py first seen with mtime 1720604138.828769
DEBUG 2024-07-10 09:36:27,312 autoreload File /usr/local/lib/python3.9/site-packages/drf_yasg/app_settings.py first seen with mtime 1720604145.300769
DEBUG 2024-07-10 09:36:27,312 autoreload File /usr/local/lib/python3.9/site-packages/charset_normalizer/cd.py first seen with mtime 1720604138.708769
DEBUG 2024-07-10 09:36:27,312 autoreload File /usr/local/lib/python3.9/site-packages/django/db/models/fields/related.py first seen with mtime 1720604143.375769
DEBUG 2024-07-10 09:36:27,313 autoreload File /usr/local/lib/python3.9/site-packages/django/utils/numberformat.py first seen with mtime 1720604143.399769
DEBUG 2024-07-10 09:36:27,313 autoreload File /usr/local/lib/python3.9/http/__init__.py first seen with mtime 1719959277.0
DEBUG 2024-07-10 09:36:27,313 autoreload File /usr/local/lib/python3.9/site-packages/django/core/checks/security/sessions.py first seen with mtime 1720604143.352769
DEBUG 2024-07-10 09:36:27,313 autoreload File /usr/local/lib/python3.9/site-packages/django/template/loader.py first seen with mtime 1720604143.391769
DEBUG 2024-07-10 09:36:27,313 autoreload File /usr/local/lib/python3.9/site-packages/django/views/defaults.py first seen with mtime 1720604143.402769
DEBUG 2024-07-10 09:36:27,314 autoreload File /usr/local/lib/python3.9/site-packages/pytz/exceptions.py first seen with mtime 1720604136.249769
DEBUG 2024-07-10 09:36:27,314 autoreload File /usr/local/lib/python3.9/site-packages/socks.py first seen with mtime 1720604136.629769
DEBUG 2024-07-10 09:36:27,314 autoreload File /usr/local/lib/python3.9/site-packages/django/contrib/auth/base_user.py first seen with mtime 1720604143.118769
DEBUG 2024-07-10 09:36:27,314 autoreload File /usr/local/lib/python3.9/site-packages/django/utils/functional.py first seen with mtime 1720604143.398769
DEBUG 2024-07-10 09:36:27,314 autoreload File /usr/local/lib/python3.9/site-packages/django/db/backends/base/__init__.py first seen with mtime 1720604143.3627691
DEBUG 2024-07-10 09:36:27,315 autoreload File /usr/local/lib/python3.9/lib-dynload/_bz2.cpython-39-aarch64-linux-gnu.so first seen with mtime 1719959268.0
DEBUG 2024-07-10 09:36:27,315 autoreload File /usr/local/lib/python3.9/site-packages/psycopg2/errors.py first seen with mtime 1720604136.701769
DEBUG 2024-07-10 09:36:27,315 autoreload File /usr/local/lib/python3.9/sre_compile.py first seen with mtime 1719959275.0
DEBUG 2024-07-10 09:36:27,315 autoreload File /usr/local/lib/python3.9/lib-dynload/unicodedata.cpython-39-aarch64-linux-gnu.so first seen with mtime 1719959266.0
DEBUG 2024-07-10 09:36:27,315 autoreload File /usr/local/lib/python3.9/site-packages/uritemplate/api.py first seen with mtime 1720604136.421769
DEBUG 2024-07-10 09:36:27,315 autoreload File /usr/local/lib/python3.9/wsgiref/simple_server.py first seen with mtime 1719959277.0
DEBUG 2024-07-10 09:36:27,316 autoreload File /usr/local/lib/python3.9/site-packages/charset_normalizer/legacy.py first seen with mtime 1720604138.708769
DEBUG 2024-07-10 09:36:27,316 autoreload File /usr/local/lib/python3.9/site-packages/django/core/checks/translation.py first seen with mtime 1720604143.351769
DEBUG 2024-07-10 09:36:27,316 autoreload File /usr/local/lib/python3.9/site-packages/django/core/validators.py first seen with mtime 1720604143.344769
DEBUG 2024-07-10 09:36:27,316 autoreload File /usr/local/lib/python3.9/unittest/runner.py first seen with mtime 1719959277.0
DEBUG 2024-07-10 09:36:27,316 autoreload File /usr/local/lib/python3.9/site-packages/django/db/transaction.py first seen with mtime 1720604143.361769
DEBUG 2024-07-10 09:36:27,317 autoreload File /usr/local/lib/python3.9/site-packages/django/utils/module_loading.py first seen with mtime 1720604143.399769
DEBUG 2024-07-10 09:36:27,317 autoreload File /usr/local/lib/python3.9/argparse.py first seen with mtime 1719959275.0
DEBUG 2024-07-10 09:36:27,317 autoreload File /usr/local/lib/python3.9/email/errors.py first seen with mtime 1719959277.0
DEBUG 2024-07-10 09:36:27,317 autoreload File /usr/local/lib/python3.9/threading.py first seen with mtime 1719959275.0
DEBUG 2024-07-10 09:36:27,317 autoreload File /usr/local/lib/python3.9/site-packages/django/core/exceptions.py first seen with mtime 1720604143.344769
DEBUG 2024-07-10 09:36:27,318 autoreload File /usr/local/lib/python3.9/site-packages/rest_framework/views.py first seen with mtime 1720604144.182769
DEBUG 2024-07-10 09:36:27,318 autoreload File /usr/local/lib/python3.9/site-packages/django/conf/urls/__init__.py first seen with mtime 1720604143.003769
DEBUG 2024-07-10 09:36:27,318 autoreload File /usr/local/lib/python3.9/site-packages/rest_framework/negotiation.py first seen with mtime 1720604144.180769
DEBUG 2024-07-10 09:36:27,318 autoreload File /usr/local/lib/python3.9/site-packages/urllib3/util/retry.py first seen with mtime 1720604136.376769
DEBUG 2024-07-10 09:36:27,318 autoreload File /usr/local/lib/python3.9/site-packages/django/views/generic/base.py first seen with mtime 1720604143.403769
DEBUG 2024-07-10 09:36:27,319 autoreload File /usr/local/lib/python3.9/queue.py first seen with mtime 1719959275.0
DEBUG 2024-07-10 09:36:27,319 autoreload File /usr/local/lib/python3.9/site-packages/django/contrib/auth/hashers.py first seen with mtime 1720604143.119769
DEBUG 2024-07-10 09:36:27,319 autoreload File /usr/local/lib/python3.9/site-packages/django/utils/lorem_ipsum.py first seen with mtime 1720604143.399769
DEBUG 2024-07-10 09:36:27,319 autoreload File /usr/local/lib/python3.9/asyncio/threads.py first seen with mtime 1719959277.0
DEBUG 2024-07-10 09:36:27,319 autoreload File /usr/local/lib/python3.9/encodings/aliases.py first seen with mtime 1719959277.0
DEBUG 2024-07-10 09:36:27,319 autoreload File /app/apps/entry/models.py first seen with mtime 1720438198.9354937
DEBUG 2024-07-10 09:36:27,320 autoreload File /usr/local/lib/python3.9/lib-dynload/fcntl.cpython-39-aarch64-linux-gnu.so first seen with mtime 1719959266.0
DEBUG 2024-07-10 09:36:27,320 autoreload File /usr/local/lib/python3.9/site-packages/pkg_resources/_vendor/packaging/utils.py first seen with mtime 1719989270.0
DEBUG 2024-07-10 09:36:27,320 autoreload File /usr/local/lib/python3.9/site-packages/inflection/__init__.py first seen with mtime 1720604138.527769
DEBUG 2024-07-10 09:36:27,320 autoreload File /usr/local/lib/python3.9/site-packages/django/template/loaders/base.py first seen with mtime 1720604143.392769
DEBUG 2024-07-10 09:36:27,321 autoreload File /usr/local/lib/python3.9/asyncio/base_tasks.py first seen with mtime 1719959277.0
DEBUG 2024-07-10 09:36:27,321 autoreload File /usr/local/lib/python3.9/site-packages/django/http/request.py first seen with mtime 1720604143.388769
DEBUG 2024-07-10 09:36:27,321 autoreload File /usr/local/lib/python3.9/pathlib.py first seen with mtime 1719959275.0
DEBUG 2024-07-10 09:36:27,321 autoreload File /usr/local/lib/python3.9/email/headerregistry.py first seen with mtime 1719959277.0
DEBUG 2024-07-10 09:36:27,321 autoreload File /usr/local/lib/python3.9/site-packages/django/db/models/sql/constants.py first seen with mtime 1720604143.377769
DEBUG 2024-07-10 09:36:27,322 autoreload File /usr/local/lib/python3.9/site-packages/rest_framework/checks.py first seen with mtime 1720604144.178769
DEBUG 2024-07-10 09:36:27,322 autoreload File /app/apps/entry/views.py first seen with mtime 1720513188.6477406
DEBUG 2024-07-10 09:36:27,322 autoreload File /usr/local/lib/python3.9/site-packages/sqlparse/utils.py first seen with mtime 1720604136.515769
DEBUG 2024-07-10 09:36:27,323 autoreload File /usr/local/lib/python3.9/site-packages/django/db/models/manager.py first seen with mtime 1720604143.373769
DEBUG 2024-07-10 09:36:27,323 autoreload File /usr/local/lib/python3.9/token.py first seen with mtime 1719959275.0
DEBUG 2024-07-10 09:36:27,323 autoreload File /usr/local/lib/python3.9/site-packages/psycopg2/sql.py first seen with mtime 1720604136.701769
DEBUG 2024-07-10 09:36:27,324 autoreload File /usr/local/lib/python3.9/_bootlocale.py first seen with mtime 1719959275.0
DEBUG 2024-07-10 09:36:27,324 autoreload File /usr/local/lib/python3.9/site-packages/django/db/migrations/state.py first seen with mtime 1720604143.370769
DEBUG 2024-07-10 09:36:27,324 autoreload File /usr/local/lib/python3.9/unittest/result.py first seen with mtime 1719959277.0
DEBUG 2024-07-10 09:36:27,324 autoreload File /usr/local/lib/python3.9/asyncio/futures.py first seen with mtime 1719959277.0
DEBUG 2024-07-10 09:36:27,325 autoreload File /usr/local/lib/python3.9/site-packages/jinja2/bccache.py first seen with mtime 1720604138.894769
DEBUG 2024-07-10 09:36:27,325 autoreload File /usr/local/lib/python3.9/_compression.py first seen with mtime 1719959275.0
DEBUG 2024-07-10 09:36:27,325 autoreload File /usr/local/lib/python3.9/site-packages/django/contrib/admin/templatetags/admin_modify.py first seen with mtime 1720604143.091769
DEBUG 2024-07-10 09:36:27,326 autoreload File /usr/local/lib/python3.9/site-packages/django/views/decorators/vary.py first seen with mtime 1720604143.402769
DEBUG 2024-07-10 09:36:27,326 autoreload File /usr/local/lib/python3.9/site-packages/django/core/management/commands/runserver.py first seen with mtime 1720604143.359769
DEBUG 2024-07-10 09:36:27,326 autoreload File /usr/local/lib/python3.9/site-packages/django/forms/__init__.py first seen with mtime 1720604143.379769
DEBUG 2024-07-10 09:36:27,326 autoreload File /usr/local/lib/python3.9/http/server.py first seen with mtime 1719959277.0
DEBUG 2024-07-10 09:36:27,327 autoreload File /usr/local/lib/python3.9/site-packages/requests/models.py first seen with mtime 1720604138.827769
DEBUG 2024-07-10 09:36:27,327 autoreload File /usr/local/lib/python3.9/tempfile.py first seen with mtime 1719959275.0
DEBUG 2024-07-10 09:36:27,327 autoreload File /usr/local/lib/python3.9/site-packages/django/http/__init__.py first seen with mtime 1720604143.388769
DEBUG 2024-07-10 09:36:27,327 autoreload File /usr/local/lib/python3.9/site-packages/jinja2/lexer.py first seen with mtime 1720604138.896769
DEBUG 2024-07-10 09:36:27,328 autoreload File /usr/local/lib/python3.9/site-packages/sqlparse/keywords.py first seen with mtime 1720604136.515769
DEBUG 2024-07-10 09:36:27,328 autoreload File /usr/local/lib/python3.9/urllib/__init__.py first seen with mtime 1719959277.0
DEBUG 2024-07-10 09:36:27,328 autoreload File /usr/local/lib/python3.9/site-packages/django/contrib/postgres/utils.py first seen with mtime 1720604143.256769
DEBUG 2024-07-10 09:36:27,328 autoreload File /usr/local/lib/python3.9/lib-dynload/_asyncio.cpython-39-aarch64-linux-gnu.so first seen with mtime 1719959266.0
DEBUG 2024-07-10 09:36:27,329 autoreload File /usr/local/lib/python3.9/site-packages/yaml/loader.py first seen with mtime 1720604136.586769
DEBUG 2024-07-10 09:36:27,329 autoreload File /usr/local/lib/python3.9/site-packages/django/contrib/postgres/fields/jsonb.py first seen with mtime 1720604143.257769
DEBUG 2024-07-10 09:36:27,329 autoreload File /usr/local/lib/python3.9/site-packages/django/contrib/auth/backends.py first seen with mtime 1720604143.118769
DEBUG 2024-07-10 09:36:27,329 autoreload File /usr/local/lib/python3.9/site-packages/pkg_resources/_vendor/packaging/specifiers.py first seen with mtime 1719989270.0
DEBUG 2024-07-10 09:36:27,330 autoreload File /usr/local/lib/python3.9/site-packages/django/core/cache/utils.py first seen with mtime 1720604143.345769
DEBUG 2024-07-10 09:36:27,330 autoreload File /usr/local/lib/python3.9/_compat_pickle.py first seen with mtime 1719959275.0
DEBUG 2024-07-10 09:36:27,330 autoreload File /usr/local/lib/python3.9/shutil.py first seen with mtime 1719959275.0
DEBUG 2024-07-10 09:36:27,330 autoreload File /usr/local/lib/python3.9/xml/parsers/expat.py first seen with mtime 1719959277.0
DEBUG 2024-07-10 09:36:27,331 autoreload File /usr/local/lib/python3.9/posixpath.py first seen with mtime 1719959275.0
DEBUG 2024-07-10 09:36:27,331 autoreload File /usr/local/lib/python3.9/site-packages/django/db/models/functions/mixins.py first seen with mtime 1720604143.377769
DEBUG 2024-07-10 09:36:27,331 autoreload File /usr/local/lib/python3.9/site-packages/django/contrib/staticfiles/management/__init__.py first seen with mtime 1720604143.343769
DEBUG 2024-07-10 09:36:27,331 autoreload File /usr/local/lib/python3.9/site-packages/django/contrib/auth/tokens.py first seen with mtime 1720604143.120769
DEBUG 2024-07-10 09:36:27,332 autoreload File /usr/local/lib/python3.9/bisect.py first seen with mtime 1719959275.0
DEBUG 2024-07-10 09:36:27,332 autoreload File /usr/local/lib/python3.9/email/charset.py first seen with mtime 1719959277.0
DEBUG 2024-07-10 09:36:27,332 autoreload File /usr/local/lib/python3.9/site-packages/django/views/generic/dates.py first seen with mtime 1720604143.403769
DEBUG 2024-07-10 09:36:27,332 autoreload File /usr/local/lib/python3.9/email/_policybase.py first seen with mtime 1719959277.0
DEBUG 2024-07-10 09:36:27,333 autoreload File /usr/local/lib/python3.9/site-packages/django/views/decorators/cache.py first seen with mtime 1720604143.402769
DEBUG 2024-07-10 09:36:27,333 autoreload File /usr/local/lib/python3.9/site-packages/idna/intranges.py first seen with mtime 1720604138.534769
DEBUG 2024-07-10 09:36:27,333 autoreload File /usr/local/lib/python3.9/site-packages/rest_framework/status.py first seen with mtime 1720604144.182769
DEBUG 2024-07-10 09:36:27,333 autoreload File /usr/local/lib/python3.9/site-packages/MySQLdb/constants/FLAG.py first seen with mtime 1720604138.507769
DEBUG 2024-07-10 09:36:27,334 autoreload File /usr/local/lib/python3.9/site-packages/jinja2/filters.py first seen with mtime 1720604138.896769
DEBUG 2024-07-10 09:36:27,334 autoreload File /usr/local/lib/python3.9/site-packages/sqlparse/engine/filter_stack.py first seen with mtime 1720604136.516769
DEBUG 2024-07-10 09:36:27,334 autoreload File /usr/local/lib/python3.9/gzip.py first seen with mtime 1719959275.0
DEBUG 2024-07-10 09:36:27,334 autoreload File /usr/local/lib/python3.9/xml/dom/__init__.py first seen with mtime 1719959277.0
DEBUG 2024-07-10 09:36:27,334 autoreload File /usr/local/lib/python3.9/zoneinfo/_common.py first seen with mtime 1719959277.0
DEBUG 2024-07-10 09:36:27,335 autoreload File /usr/local/lib/python3.9/site-packages/django/core/handlers/__init__.py first seen with mtime 1720604143.354769
DEBUG 2024-07-10 09:36:27,335 autoreload File /usr/local/lib/python3.9/site-packages/django/contrib/postgres/fields/citext.py first seen with mtime 1720604143.257769
DEBUG 2024-07-10 09:36:27,335 autoreload File /usr/local/lib/python3.9/site-packages/charset_normalizer/md.cpython-39-aarch64-linux-gnu.so first seen with mtime 1720604138.708769
DEBUG 2024-07-10 09:36:27,335 autoreload File /usr/local/lib/python3.9/asyncio/transports.py first seen with mtime 1719959277.0
DEBUG 2024-07-10 09:36:27,336 autoreload File /usr/local/lib/python3.9/datetime.py first seen with mtime 1719959275.0
DEBUG 2024-07-10 09:36:27,336 autoreload File /usr/local/lib/python3.9/site-packages/django/db/models/utils.py first seen with mtime 1720604143.374769
DEBUG 2024-07-10 09:36:27,336 autoreload File /usr/local/lib/python3.9/site-packages/django/core/files/storage/filesystem.py first seen with mtime 1720604143.354769
DEBUG 2024-07-10 09:36:27,336 autoreload File /usr/local/lib/python3.9/site-packages/environ/compat.py first seen with mtime 1720604138.650769
DEBUG 2024-07-10 09:36:27,337 autoreload File /usr/local/lib/python3.9/site-packages/urllib3/connection.py first seen with mtime 1720604136.373769
DEBUG 2024-07-10 09:36:27,337 autoreload File /usr/local/lib/python3.9/site-packages/pkg_resources/_vendor/packaging/version.py first seen with mtime 1719989270.0
DEBUG 2024-07-10 09:36:27,337 autoreload File /usr/local/lib/python3.9/site-packages/django/contrib/sessions/backends/__init__.py first seen with mtime 1720604143.298769
DEBUG 2024-07-10 09:36:27,337 autoreload File /usr/local/lib/python3.9/site-packages/requests/structures.py first seen with mtime 1720604138.828769
DEBUG 2024-07-10 09:36:27,338 autoreload File /usr/local/lib/python3.9/site-packages/rest_framework/__init__.py first seen with mtime 1720604144.178769
DEBUG 2024-07-10 09:36:27,338 autoreload File /usr/local/lib/python3.9/site-packages/sqlparse/engine/__init__.py first seen with mtime 1720604136.516769
DEBUG 2024-07-10 09:36:27,338 autoreload File /usr/local/lib/python3.9/email/utils.py first seen with mtime 1719959277.0
DEBUG 2024-07-10 09:36:27,338 autoreload File /usr/local/lib/python3.9/opcode.py first seen with mtime 1719959275.0
DEBUG 2024-07-10 09:36:27,339 autoreload File /usr/local/lib/python3.9/site-packages/django/test/client.py first seen with mtime 1720604143.394769
DEBUG 2024-07-10 09:36:27,339 autoreload File /usr/local/lib/python3.9/site-packages/yaml/events.py first seen with mtime 1720604136.586769
DEBUG 2024-07-10 09:36:27,339 autoreload File /usr/local/lib/python3.9/site-packages/django/core/checks/security/base.py first seen with mtime 1720604143.352769
DEBUG 2024-07-10 09:36:27,339 autoreload File /usr/local/lib/python3.9/http/cookies.py first seen with mtime 1719959277.0
DEBUG 2024-07-10 09:36:27,339 autoreload File /usr/local/lib/python3.9/wsgiref/__init__.py first seen with mtime 1719959277.0
DEBUG 2024-07-10 09:36:27,340 autoreload File /usr/local/lib/python3.9/email/_encoded_words.py first seen with mtime 1719959277.0
DEBUG 2024-07-10 09:36:27,340 autoreload File /usr/local/lib/python3.9/site-packages/django/contrib/auth/middleware.py first seen with mtime 1720604143.119769
DEBUG 2024-07-10 09:36:27,340 autoreload File /usr/local/lib/python3.9/site-packages/rest_framework/authentication.py first seen with mtime 1720604144.178769
DEBUG 2024-07-10 09:36:27,340 autoreload File /usr/local/lib/python3.9/site-packages/django/db/migrations/operations/models.py first seen with mtime 1720604143.371769
DEBUG 2024-07-10 09:36:27,341 autoreload File /usr/local/lib/python3.9/email/mime/text.py first seen with mtime 1719959277.0
DEBUG 2024-07-10 09:36:27,341 autoreload File /usr/local/lib/python3.9/site-packages/requests/auth.py first seen with mtime 1720604138.826769
DEBUG 2024-07-10 09:36:27,341 autoreload File /app/apps/users/urls.py first seen with mtime 1720512557.4528751
DEBUG 2024-07-10 09:36:27,341 autoreload File /usr/local/lib/python3.9/site-packages/urllib3/_base_connection.py first seen with mtime 1720604136.372769
DEBUG 2024-07-10 09:36:27,342 autoreload File /usr/local/lib/python3.9/site-packages/urllib3/connectionpool.py first seen with mtime 1720604136.373769
DEBUG 2024-07-10 09:36:27,342 autoreload File /usr/local/lib/python3.9/site-packages/django/templatetags/cache.py first seen with mtime 1720604143.393769
DEBUG 2024-07-10 09:36:27,342 autoreload File /usr/local/lib/python3.9/site-packages/jinja2/__init__.py first seen with mtime 1720604138.894769
DEBUG 2024-07-10 09:36:27,342 autoreload File /usr/local/lib/python3.9/unittest/case.py first seen with mtime 1719959277.0
DEBUG 2024-07-10 09:36:27,343 autoreload File /usr/local/lib/python3.9/unittest/suite.py first seen with mtime 1719959277.0
DEBUG 2024-07-10 09:36:27,343 autoreload File /usr/local/lib/python3.9/email/message.py first seen with mtime 1719959277.0
DEBUG 2024-07-10 09:36:27,343 autoreload File /usr/local/lib/python3.9/site-packages/django/contrib/admin/views/main.py first seen with mtime 1720604143.091769
DEBUG 2024-07-10 09:36:27,344 autoreload File /usr/local/lib/python3.9/email/mime/base.py first seen with mtime 1719959277.0
DEBUG 2024-07-10 09:36:27,344 autoreload File /usr/local/lib/python3.9/site-packages/django/db/models/fields/reverse_related.py first seen with mtime 1720604143.376769
DEBUG 2024-07-10 09:36:27,344 autoreload File /usr/local/lib/python3.9/site-packages/django/utils/tree.py first seen with mtime 1720604143.400769
DEBUG 2024-07-10 09:36:27,344 autoreload File /usr/local/lib/python3.9/site-packages/jinja2/_identifier.py first seen with mtime 1720604138.894769
DEBUG 2024-07-10 09:36:27,345 autoreload File /usr/local/lib/python3.9/base64.py first seen with mtime 1719959275.0
DEBUG 2024-07-10 09:36:27,345 autoreload File /usr/local/lib/python3.9/site-packages/django/db/backends/mysql/features.py first seen with mtime 1720604143.364769
DEBUG 2024-07-10 09:36:27,345 autoreload File /usr/local/lib/python3.9/site-packages/django/templatetags/__init__.py first seen with mtime 1720604143.393769
DEBUG 2024-07-10 09:36:27,345 autoreload File /usr/local/lib/python3.9/logging/__init__.py first seen with mtime 1719959277.0
DEBUG 2024-07-10 09:36:27,346 autoreload File /usr/local/lib/python3.9/site-packages/sqlparse/filters/output.py first seen with mtime 1720604136.516769
DEBUG 2024-07-10 09:36:27,346 autoreload File /usr/local/lib/python3.9/struct.py first seen with mtime 1719959275.0
DEBUG 2024-07-10 09:36:27,346 autoreload File /usr/local/lib/python3.9/site-packages/django/utils/translation/reloader.py first seen with mtime 1720604143.401769
DEBUG 2024-07-10 09:36:27,347 autoreload File /usr/local/lib/python3.9/site-packages/django/test/utils.py first seen with mtime 1720604143.3957691
DEBUG 2024-07-10 09:36:27,347 autoreload File /usr/local/lib/python3.9/site-packages/drf_yasg/generators.py first seen with mtime 1720604145.301769
DEBUG 2024-07-10 09:36:27,347 autoreload File /usr/local/lib/python3.9/site-packages/django/contrib/sessions/models.py first seen with mtime 1720604143.298769
DEBUG 2024-07-10 09:36:27,347 autoreload File /usr/local/lib/python3.9/site-packages/django/urls/utils.py first seen with mtime 1720604143.396769
DEBUG 2024-07-10 09:36:27,348 autoreload File /usr/local/lib/python3.9/json/decoder.py first seen with mtime 1719959277.0
DEBUG 2024-07-10 09:36:27,348 autoreload File /usr/local/lib/python3.9/site-packages/django/contrib/sites/requests.py first seen with mtime 1720604143.321769
DEBUG 2024-07-10 09:36:27,348 autoreload File /usr/local/lib/python3.9/site-packages/rest_framework_simplejwt/exceptions.py first seen with mtime 1720604145.410769
DEBUG 2024-07-10 09:36:27,348 autoreload File /usr/local/lib/python3.9/site-packages/django/core/management/__init__.py first seen with mtime 1720604143.356769
DEBUG 2024-07-10 09:36:27,349 autoreload File /usr/local/lib/python3.9/site-packages/sqlparse/filters/__init__.py first seen with mtime 1720604136.516769
DEBUG 2024-07-10 09:36:27,349 autoreload File /usr/local/lib/python3.9/site-packages/coreapi/utils.py first seen with mtime 1720604144.363769
DEBUG 2024-07-10 09:36:27,349 autoreload File /usr/local/lib/python3.9/fnmatch.py first seen with mtime 1719959275.0
DEBUG 2024-07-10 09:36:27,349 autoreload File /usr/local/lib/python3.9/keyword.py first seen with mtime 1719959275.0
DEBUG 2024-07-10 09:36:27,350 autoreload File /usr/local/lib/python3.9/encodings/__init__.py first seen with mtime 1719959277.0
DEBUG 2024-07-10 09:36:27,350 autoreload File /usr/local/lib/python3.9/site-packages/django/http/response.py first seen with mtime 1720604143.389769
DEBUG 2024-07-10 09:36:27,350 autoreload File /usr/local/lib/python3.9/site-packages/rest_framework/templatetags/rest_framework.py first seen with mtime 1720604144.213769
DEBUG 2024-07-10 09:36:27,350 autoreload File /app/config/__init__.py first seen with mtime 1720164569.0897193
DEBUG 2024-07-10 09:36:27,351 autoreload File /usr/local/lib/python3.9/site-packages/django/db/models/sql/__init__.py first seen with mtime 1720604143.377769
DEBUG 2024-07-10 09:36:27,351 autoreload File /usr/local/lib/python3.9/site-packages/django/template/utils.py first seen with mtime 1720604143.392769
DEBUG 2024-07-10 09:36:27,351 autoreload File /usr/local/lib/python3.9/email/policy.py first seen with mtime 1719959277.0
DEBUG 2024-07-10 09:36:27,351 autoreload File /usr/local/lib/python3.9/lib-dynload/grp.cpython-39-aarch64-linux-gnu.so first seen with mtime 1719959265.0
DEBUG 2024-07-10 09:36:27,351 autoreload File /usr/local/lib/python3.9/lib-dynload/_bisect.cpython-39-aarch64-linux-gnu.so first seen with mtime 1719959265.0
DEBUG 2024-07-10 09:36:27,352 autoreload File /usr/local/lib/python3.9/site-packages/django/conf/locale/__init__.py first seen with mtime 1720604142.942769
DEBUG 2024-07-10 09:36:27,352 autoreload File /usr/local/lib/python3.9/site-packages/django/db/backends/utils.py first seen with mtime 1720604143.3627691
DEBUG 2024-07-10 09:36:27,352 autoreload File /usr/local/lib/python3.9/site-packages/django/middleware/security.py first seen with mtime 1720604143.390769
DEBUG 2024-07-10 09:36:27,352 autoreload File /usr/local/lib/python3.9/site-packages/requests/__init__.py first seen with mtime 1720604138.826769
DEBUG 2024-07-10 09:36:27,353 autoreload File /usr/local/lib/python3.9/cgi.py first seen with mtime 1719959275.0
DEBUG 2024-07-10 09:36:27,353 autoreload File /usr/local/lib/python3.9/site-packages/django/contrib/contenttypes/admin.py first seen with mtime 1720604143.150769
DEBUG 2024-07-10 09:36:27,353 autoreload File /usr/local/lib/python3.9/site-packages/click/globals.py first seen with mtime 1720604138.662769
DEBUG 2024-07-10 09:36:27,353 autoreload File /usr/local/lib/python3.9/site-packages/django/contrib/postgres/forms/array.py first seen with mtime 1720604143.258769
DEBUG 2024-07-10 09:36:27,354 autoreload File /usr/local/lib/python3.9/gettext.py first seen with mtime 1719959275.0
DEBUG 2024-07-10 09:36:27,354 autoreload File /usr/local/lib/python3.9/site-packages/django/conf/global_settings.py first seen with mtime 1720604142.942769
DEBUG 2024-07-10 09:36:27,354 autoreload File /usr/local/lib/python3.9/site-packages/django/db/models/indexes.py first seen with mtime 1720604143.373769
DEBUG 2024-07-10 09:36:27,355 autoreload File /usr/local/lib/python3.9/site-packages/rest_framework/utils/humanize_datetime.py first seen with mtime 1720604144.2147691
DEBUG 2024-07-10 09:36:27,355 autoreload File /usr/local/lib/python3.9/importlib/metadata.py first seen with mtime 1719959276.0
DEBUG 2024-07-10 09:36:27,355 autoreload File /usr/local/lib/python3.9/site-packages/django/contrib/auth/signals.py first seen with mtime 1720604143.120769
DEBUG 2024-07-10 09:36:27,355 autoreload File /usr/local/lib/python3.9/site-packages/rest_framework/utils/representation.py first seen with mtime 1720604144.2147691
DEBUG 2024-07-10 09:36:27,356 autoreload File /usr/local/lib/python3.9/site-packages/django/db/models/constants.py first seen with mtime 1720604143.372769
DEBUG 2024-07-10 09:36:27,356 autoreload File /usr/local/lib/python3.9/site-packages/drf_yasg/openapi.py first seen with mtime 1720604145.301769
DEBUG 2024-07-10 09:36:27,356 autoreload File /usr/local/lib/python3.9/xml/parsers/__init__.py first seen with mtime 1719959277.0
DEBUG 2024-07-10 09:36:27,356 autoreload File /usr/local/lib/python3.9/site-packages/django/utils/dateformat.py first seen with mtime 1720604143.397769
DEBUG 2024-07-10 09:36:27,357 autoreload File /usr/local/lib/python3.9/site-packages/sqlparse/lexer.py first seen with mtime 1720604136.515769
DEBUG 2024-07-10 09:36:27,357 autoreload File /usr/local/lib/python3.9/reprlib.py first seen with mtime 1719959275.0
DEBUG 2024-07-10 09:36:27,357 autoreload File /usr/local/lib/python3.9/site-packages/coreapi/codecs/base.py first seen with mtime 1720604144.363769
DEBUG 2024-07-10 09:36:27,357 autoreload File /usr/local/lib/python3.9/site-packages/django/template/engine.py first seen with mtime 1720604143.391769
DEBUG 2024-07-10 09:36:27,357 autoreload File /usr/local/lib/python3.9/os.py first seen with mtime 1719959275.0
DEBUG 2024-07-10 09:36:27,358 autoreload File /usr/local/lib/python3.9/site-packages/django/core/checks/security/csrf.py first seen with mtime 1720604143.352769
DEBUG 2024-07-10 09:36:27,358 autoreload File /usr/local/lib/python3.9/locale.py first seen with mtime 1719959275.0
DEBUG 2024-07-10 09:36:27,358 autoreload File /usr/local/lib/python3.9/site-packages/django/core/cache/backends/__init__.py first seen with mtime 1720604143.345769
DEBUG 2024-07-10 09:36:27,358 autoreload File /usr/local/lib/python3.9/site-packages/django/contrib/admin/templatetags/base.py first seen with mtime 1720604143.091769
DEBUG 2024-07-10 09:36:27,359 autoreload File /usr/local/lib/python3.9/site-packages/urllib3/util/request.py first seen with mtime 1720604136.376769
DEBUG 2024-07-10 09:36:27,359 autoreload File /usr/local/lib/python3.9/site-packages/requests/adapters.py first seen with mtime 1720604138.826769
DEBUG 2024-07-10 09:36:27,359 autoreload File /app/manage.py first seen with mtime 1720164569.09217
DEBUG 2024-07-10 09:36:27,359 autoreload File /usr/local/lib/python3.9/site-packages/django/utils/safestring.py first seen with mtime 1720604143.400769
DEBUG 2024-07-10 09:36:27,359 autoreload File /usr/local/lib/python3.9/site-packages/rest_framework/utils/formatting.py first seen with mtime 1720604144.213769
DEBUG 2024-07-10 09:36:27,360 autoreload File /usr/local/lib/python3.9/site-packages/django/template/library.py first seen with mtime 1720604143.391769
DEBUG 2024-07-10 09:36:27,360 autoreload File /usr/local/lib/python3.9/site-packages/rest_framework_simplejwt/token_blacklist/models.py first seen with mtime 1720604145.416769
DEBUG 2024-07-10 09:36:27,360 autoreload File /usr/local/lib/python3.9/site-packages/django/core/serializers/python.py first seen with mtime 1720604143.360769
DEBUG 2024-07-10 09:36:27,360 autoreload File /usr/local/lib/python3.9/io.py first seen with mtime 1719959275.0
DEBUG 2024-07-10 09:36:27,360 autoreload File /usr/local/lib/python3.9/site-packages/rest_framework/reverse.py first seen with mtime 1720604144.181769
DEBUG 2024-07-10 09:36:27,361 autoreload File /usr/local/lib/python3.9/site-packages/django/core/handlers/exception.py first seen with mtime 1720604143.354769
DEBUG 2024-07-10 09:36:27,361 autoreload File /usr/local/lib/python3.9/site-packages/urllib3/_request_methods.py first seen with mtime 1720604136.373769
DEBUG 2024-07-10 09:36:27,361 autoreload File /usr/local/lib/python3.9/site-packages/django/utils/hashable.py first seen with mtime 1720604143.398769
DEBUG 2024-07-10 09:36:27,361 autoreload File /usr/local/lib/python3.9/site-packages/django/db/backends/base/introspection.py first seen with mtime 1720604143.3627691
DEBUG 2024-07-10 09:36:27,361 autoreload File /usr/local/lib/python3.9/site-packages/django/views/generic/detail.py first seen with mtime 1720604143.403769
DEBUG 2024-07-10 09:36:27,362 autoreload File /usr/local/lib/python3.9/site-packages/pytz/tzinfo.py first seen with mtime 1720604136.250769
DEBUG 2024-07-10 09:36:27,362 autoreload File /usr/local/lib/python3.9/uuid.py first seen with mtime 1719959275.0
DEBUG 2024-07-10 09:36:27,362 autoreload File /usr/local/lib/python3.9/site-packages/django/contrib/messages/storage/base.py first seen with mtime 1720604143.255769
DEBUG 2024-07-10 09:36:27,362 autoreload File /usr/local/lib/python3.9/email/mime/message.py first seen with mtime 1719959277.0
DEBUG 2024-07-10 09:36:27,362 autoreload File /usr/local/lib/python3.9/asyncio/events.py first seen with mtime 1719959277.0
DEBUG 2024-07-10 09:36:27,363 autoreload File /usr/local/lib/python3.9/site-packages/rest_framework/relations.py first seen with mtime 1720604144.180769
DEBUG 2024-07-10 09:36:27,363 autoreload File /usr/local/lib/python3.9/site-packages/rest_framework/utils/html.py first seen with mtime 1720604144.2147691
DEBUG 2024-07-10 09:36:27,363 autoreload File /usr/local/lib/python3.9/asyncio/log.py first seen with mtime 1719959277.0
DEBUG 2024-07-10 09:36:27,363 autoreload File /usr/local/lib/python3.9/site-packages/django/views/__init__.py first seen with mtime 1720604143.401769
DEBUG 2024-07-10 09:36:27,363 autoreload File /usr/local/lib/python3.9/site-packages/django/db/migrations/operations/__init__.py first seen with mtime 1720604143.370769
DEBUG 2024-07-10 09:36:27,364 autoreload File /usr/local/lib/python3.9/site-packages/MySQLdb/_exceptions.py first seen with mtime 1720604138.504769
DEBUG 2024-07-10 09:36:27,364 autoreload File /usr/local/lib/python3.9/lib-dynload/_contextvars.cpython-39-aarch64-linux-gnu.so first seen with mtime 1719959264.0
DEBUG 2024-07-10 09:36:27,364 autoreload File /usr/local/lib/python3.9/site-packages/coreschema/utils.py first seen with mtime 1720604144.157769
DEBUG 2024-07-10 09:36:27,364 autoreload File /usr/local/lib/python3.9/site-packages/jinja2/visitor.py first seen with mtime 1720604138.898769
DEBUG 2024-07-10 09:36:27,365 autoreload File /usr/local/lib/python3.9/asyncio/__init__.py first seen with mtime 1719959277.0
DEBUG 2024-07-10 09:36:27,365 autoreload File /usr/local/lib/python3.9/site-packages/django/contrib/auth/management/__init__.py first seen with mtime 1720604143.148769
DEBUG 2024-07-10 09:36:27,365 autoreload File /usr/local/lib/python3.9/site-packages/django/contrib/staticfiles/views.py first seen with mtime 1720604143.343769
DEBUG 2024-07-10 09:36:27,365 autoreload File /usr/local/lib/python3.9/site-packages/django/utils/timesince.py first seen with mtime 1720604143.400769
DEBUG 2024-07-10 09:36:27,365 autoreload File /usr/local/lib/python3.9/site-packages/urllib3/_collections.py first seen with mtime 1720604136.373769
DEBUG 2024-07-10 09:36:27,366 autoreload File /usr/local/lib/python3.9/site-packages/django/db/models/sql/query.py first seen with mtime 1720604143.378769
DEBUG 2024-07-10 09:36:27,366 autoreload File /usr/local/lib/python3.9/site-packages/urllib3/util/timeout.py first seen with mtime 1720604136.376769
DEBUG 2024-07-10 09:36:27,366 autoreload File /usr/local/lib/python3.9/site-packages/rest_framework/apps.py first seen with mtime 1720604144.178769
DEBUG 2024-07-10 09:36:27,366 autoreload File /usr/local/lib/python3.9/asyncio/base_events.py first seen with mtime 1719959277.0
DEBUG 2024-07-10 09:36:27,367 autoreload File /usr/local/lib/python3.9/site-packages/coreschema/compat.py first seen with mtime 1720604144.156769
DEBUG 2024-07-10 09:36:27,367 autoreload File /usr/local/lib/python3.9/site-packages/drf_yasg/inspectors/__init__.py first seen with mtime 1720604145.302769
DEBUG 2024-07-10 09:36:27,367 autoreload File /usr/local/lib/python3.9/site-packages/django/forms/boundfield.py first seen with mtime 1720604143.379769
DEBUG 2024-07-10 09:36:27,367 autoreload File /usr/local/lib/python3.9/getpass.py first seen with mtime 1719959275.0
DEBUG 2024-07-10 09:36:27,367 autoreload File /usr/local/lib/python3.9/importlib/abc.py first seen with mtime 1719959276.0
DEBUG 2024-07-10 09:36:27,368 autoreload File /usr/local/lib/python3.9/plistlib.py first seen with mtime 1719959275.0
DEBUG 2024-07-10 09:36:27,368 autoreload File /usr/local/lib/python3.9/string.py first seen with mtime 1719959275.0
DEBUG 2024-07-10 09:36:27,368 autoreload File /usr/local/lib/python3.9/collections/__init__.py first seen with mtime 1719959277.0
DEBUG 2024-07-10 09:36:27,369 autoreload File /usr/local/lib/python3.9/site-packages/urllib3/util/ssltransport.py first seen with mtime 1720604136.376769
DEBUG 2024-07-10 09:36:27,369 autoreload File /usr/local/lib/python3.9/site-packages/environ/fileaware_mapping.py first seen with mtime 1720604138.651769
DEBUG 2024-07-10 09:36:27,369 autoreload File /usr/local/lib/python3.9/site-packages/environ/environ.py first seen with mtime 1720604138.651769
DEBUG 2024-07-10 09:36:27,369 autoreload File /usr/local/lib/python3.9/site-packages/pkg_resources/__init__.py first seen with mtime 1719989270.0
DEBUG 2024-07-10 09:36:27,370 autoreload File /usr/local/lib/python3.9/site-packages/yaml/dumper.py first seen with mtime 1720604136.586769
DEBUG 2024-07-10 09:36:27,370 autoreload File /usr/local/lib/python3.9/asyncio/base_subprocess.py first seen with mtime 1719959277.0
DEBUG 2024-07-10 09:36:27,370 autoreload File /usr/local/lib/python3.9/site-packages/django/contrib/contenttypes/views.py first seen with mtime 1720604143.151769
DEBUG 2024-07-10 09:36:27,370 autoreload File /usr/local/lib/python3.9/site-packages/django/db/backends/mysql/base.py first seen with mtime 1720604143.364769
DEBUG 2024-07-10 09:36:27,371 autoreload File /usr/local/lib/python3.9/lib-dynload/_sha512.cpython-39-aarch64-linux-gnu.so first seen with mtime 1719959267.0
DEBUG 2024-07-10 09:36:27,371 autoreload File /usr/local/lib/python3.9/site-packages/django/contrib/admin/utils.py first seen with mtime 1720604143.006769
DEBUG 2024-07-10 09:36:27,371 autoreload File /usr/local/lib/python3.9/site-packages/django/utils/_os.py first seen with mtime 1720604143.396769
DEBUG 2024-07-10 09:36:27,371 autoreload File /usr/local/lib/python3.9/site-packages/requests/certs.py first seen with mtime 1720604138.827769
DEBUG 2024-07-10 09:36:27,371 autoreload File /usr/local/lib/python3.9/traceback.py first seen with mtime 1719959275.0
DEBUG 2024-07-10 09:36:27,372 autoreload File /usr/local/lib/python3.9/logging/config.py first seen with mtime 1719959277.0
DEBUG 2024-07-10 09:36:27,372 autoreload File /usr/local/lib/python3.9/types.py first seen with mtime 1719959275.0
DEBUG 2024-07-10 09:36:27,372 autoreload File /usr/local/lib/python3.9/site-packages/django/contrib/sessions/__init__.py first seen with mtime 1720604143.298769
DEBUG 2024-07-10 09:36:27,372 autoreload File /usr/local/lib/python3.9/site-packages/drf_yasg/inspectors/view.py first seen with mtime 1720604145.302769
DEBUG 2024-07-10 09:36:27,373 autoreload File /usr/local/lib/python3.9/site-packages/django/db/__init__.py first seen with mtime 1720604143.361769
DEBUG 2024-07-10 09:36:27,373 autoreload File /usr/local/lib/python3.9/lib-dynload/_hashlib.cpython-39-aarch64-linux-gnu.so first seen with mtime 1719959267.0
DEBUG 2024-07-10 09:36:27,374 autoreload File /usr/local/lib/python3.9/subprocess.py first seen with mtime 1719959275.0
DEBUG 2024-07-10 09:36:27,374 autoreload File /usr/local/lib/python3.9/site-packages/certifi/__init__.py first seen with mtime 1720604138.730769
DEBUG 2024-07-10 09:36:27,374 autoreload File /usr/local/lib/python3.9/site-packages/jinja2/nodes.py first seen with mtime 1720604138.897769
DEBUG 2024-07-10 09:36:27,375 autoreload File /usr/local/lib/python3.9/site-packages/requests/api.py first seen with mtime 1720604138.826769
DEBUG 2024-07-10 09:36:27,375 autoreload File /usr/local/lib/python3.9/importlib/util.py first seen with mtime 1719959276.0
DEBUG 2024-07-10 09:36:27,375 autoreload File /usr/local/lib/python3.9/site-packages/rest_framework_simplejwt/settings.py first seen with mtime 1720604145.410769
DEBUG 2024-07-10 09:36:27,375 autoreload File /usr/local/lib/python3.9/site-packages/rest_framework/permissions.py first seen with mtime 1720604144.180769
DEBUG 2024-07-10 09:36:27,375 autoreload File /usr/local/lib/python3.9/inspect.py first seen with mtime 1719959275.0
DEBUG 2024-07-10 09:36:27,376 autoreload File /usr/local/lib/python3.9/site-packages/MySQLdb/_mysql.cpython-39-aarch64-linux-gnu.so first seen with mtime 1720604138.506769
DEBUG 2024-07-10 09:36:27,376 autoreload File /usr/local/lib/python3.9/site-packages/django/core/cache/__init__.py first seen with mtime 1720604143.345769
DEBUG 2024-07-10 09:36:27,376 autoreload File /usr/local/lib/python3.9/site-packages/django/db/backends/mysql/schema.py first seen with mtime 1720604143.364769
DEBUG 2024-07-10 09:36:27,376 autoreload File /usr/local/lib/python3.9/site-packages/django/db/backends/postgresql/psycopg_any.py first seen with mtime 1720604143.367769
DEBUG 2024-07-10 09:36:27,377 autoreload File /usr/local/lib/python3.9/site-packages/django/db/migrations/operations/special.py first seen with mtime 1720604143.371769
DEBUG 2024-07-10 09:36:27,377 autoreload File /usr/local/lib/python3.9/site-packages/django/test/html.py first seen with mtime 1720604143.394769
DEBUG 2024-07-10 09:36:27,377 autoreload File /usr/local/lib/python3.9/site-packages/rest_framework_simplejwt/tokens.py first seen with mtime 1720604145.410769
DEBUG 2024-07-10 09:36:27,377 autoreload File /usr/local/lib/python3.9/site-packages/django/http/multipartparser.py first seen with mtime 1720604143.388769
DEBUG 2024-07-10 09:36:27,378 autoreload File /usr/local/lib/python3.9/site-packages/asgiref/__init__.py first seen with mtime 1720604139.033769
DEBUG 2024-07-10 09:36:27,378 autoreload File /usr/local/lib/python3.9/site-packages/django/core/checks/database.py first seen with mtime 1720604143.351769
DEBUG 2024-07-10 09:36:27,378 autoreload File /usr/local/lib/python3.9/site-packages/django/core/checks/compatibility/django_4_0.py first seen with mtime 1720604143.352769
DEBUG 2024-07-10 09:36:27,378 autoreload File /usr/local/lib/python3.9/site-packages/django/db/migrations/operations/fields.py first seen with mtime 1720604143.371769
DEBUG 2024-07-10 09:36:27,378 autoreload File /usr/local/lib/python3.9/site-packages/django/db/models/fields/related_lookups.py first seen with mtime 1720604143.376769
DEBUG 2024-07-10 09:36:27,379 autoreload File /usr/local/lib/python3.9/site-packages/django/db/backends/mysql/operations.py first seen with mtime 1720604143.364769
DEBUG 2024-07-10 09:36:27,379 autoreload File /usr/local/lib/python3.9/site-packages/rest_framework/utils/encoders.py first seen with mtime 1720604144.213769
DEBUG 2024-07-10 09:36:27,379 autoreload File /usr/local/lib/python3.9/site-packages/django/utils/ipv6.py first seen with mtime 1720604143.399769
DEBUG 2024-07-10 09:36:27,379 autoreload File /usr/local/lib/python3.9/ssl.py first seen with mtime 1719959275.0
DEBUG 2024-07-10 09:36:27,380 autoreload File /usr/local/lib/python3.9/site-packages/rest_framework/validators.py first seen with mtime 1720604144.182769
DEBUG 2024-07-10 09:36:27,380 autoreload File /usr/local/lib/python3.9/site-packages/urllib3/contrib/__init__.py first seen with mtime 1720604136.374769
DEBUG 2024-07-10 09:36:27,380 autoreload File /usr/local/lib/python3.9/site-packages/rest_framework/utils/__init__.py first seen with mtime 1720604144.213769
DEBUG 2024-07-10 09:36:27,381 autoreload File /usr/local/lib/python3.9/site-packages/django/core/files/images.py first seen with mtime 1720604143.353769
DEBUG 2024-07-10 09:36:27,381 autoreload File /usr/local/lib/python3.9/site-packages/django/apps/config.py first seen with mtime 1720604142.9417691
DEBUG 2024-07-10 09:36:27,381 autoreload File /usr/local/lib/python3.9/site-packages/django/db/models/__init__.py first seen with mtime 1720604143.371769
DEBUG 2024-07-10 09:36:27,382 autoreload File /usr/local/lib/python3.9/site-packages/coreapi/transports/http.py first seen with mtime 1720604144.364769
DEBUG 2024-07-10 09:36:27,382 autoreload File /usr/local/lib/python3.9/email/encoders.py first seen with mtime 1719959277.0
DEBUG 2024-07-10 09:36:27,382 autoreload File /usr/local/lib/python3.9/site-packages/django/core/wsgi.py first seen with mtime 1720604143.345769
DEBUG 2024-07-10 09:36:27,383 autoreload File /usr/local/lib/python3.9/site-packages/django/utils/dates.py first seen with mtime 1720604143.397769
DEBUG 2024-07-10 09:36:27,383 autoreload File /usr/local/lib/python3.9/ipaddress.py first seen with mtime 1719959275.0
DEBUG 2024-07-10 09:36:27,383 autoreload File /usr/local/lib/python3.9/site-packages/rest_framework/exceptions.py first seen with mtime 1720604144.179769
DEBUG 2024-07-10 09:36:27,383 autoreload File /usr/local/lib/python3.9/site-packages/django/core/checks/async_checks.py first seen with mtime 1720604143.347769
DEBUG 2024-07-10 09:36:27,384 autoreload File /usr/local/lib/python3.9/site-packages/drf_yasg/inspectors/query.py first seen with mtime 1720604145.302769
DEBUG 2024-07-10 09:36:27,384 autoreload File /usr/local/lib/python3.9/site-packages/rest_framework_simplejwt/token_blacklist/__init__.py first seen with mtime 1720604145.416769
DEBUG 2024-07-10 09:36:27,384 autoreload File /usr/local/lib/python3.9/asyncio/staggered.py first seen with mtime 1719959277.0
DEBUG 2024-07-10 09:36:27,384 autoreload File /usr/local/lib/python3.9/site-packages/requests/cookies.py first seen with mtime 1720604138.827769
DEBUG 2024-07-10 09:36:27,385 autoreload File /usr/local/lib/python3.9/site-packages/coreapi/auth.py first seen with mtime 1720604144.3627691
DEBUG 2024-07-10 09:36:27,385 autoreload File /usr/local/lib/python3.9/dis.py first seen with mtime 1719959275.0
DEBUG 2024-07-10 09:36:27,385 autoreload File /usr/local/lib/python3.9/site-packages/urllib3/util/response.py first seen with mtime 1720604136.376769
DEBUG 2024-07-10 09:36:27,386 autoreload File /usr/local/lib/python3.9/site-packages/django/views/decorators/csrf.py first seen with mtime 1720604143.402769
DEBUG 2024-07-10 09:36:27,386 autoreload File /usr/local/lib/python3.9/contextvars.py first seen with mtime 1719959275.0
DEBUG 2024-07-10 09:36:27,386 autoreload File /usr/local/lib/python3.9/site-packages/sqlparse/cli.py first seen with mtime 1720604136.515769
DEBUG 2024-07-10 09:36:27,386 autoreload File /usr/local/lib/python3.9/site-packages/django/urls/converters.py first seen with mtime 1720604143.3957691
DEBUG 2024-07-10 09:36:27,387 autoreload File /usr/local/lib/python3.9/functools.py first seen with mtime 1719959275.0
DEBUG 2024-07-10 09:36:27,388 autoreload File /usr/local/lib/python3.9/site-packages/django/contrib/admindocs/utils.py first seen with mtime 1720604143.092769
DEBUG 2024-07-10 09:36:27,388 autoreload File /usr/local/lib/python3.9/wsgiref/handlers.py first seen with mtime 1719959277.0
DEBUG 2024-07-10 09:36:27,389 autoreload File /usr/local/lib/python3.9/site-packages/django/db/models/sql/datastructures.py first seen with mtime 1720604143.378769
DEBUG 2024-07-10 09:36:27,389 autoreload File /usr/local/lib/python3.9/site-packages/django/db/models/sql/subqueries.py first seen with mtime 1720604143.378769
DEBUG 2024-07-10 09:36:27,389 autoreload File /usr/local/lib/python3.9/site-packages/django/contrib/staticfiles/__init__.py first seen with mtime 1720604143.342769
DEBUG 2024-07-10 09:36:27,390 autoreload File /usr/local/lib/python3.9/site-packages/django/db/backends/ddl_references.py first seen with mtime 1720604143.361769
DEBUG 2024-07-10 09:36:27,390 autoreload File /usr/local/lib/python3.9/site-packages/coreapi/codecs/corejson.py first seen with mtime 1720604144.363769
DEBUG 2024-07-10 09:36:27,390 autoreload File /usr/local/lib/python3.9/importlib/_common.py first seen with mtime 1719959276.0
DEBUG 2024-07-10 09:36:27,391 autoreload File /usr/local/lib/python3.9/site-packages/django/contrib/auth/password_validation.py first seen with mtime 1720604143.120769
DEBUG 2024-07-10 09:36:27,391 autoreload File /usr/local/lib/python3.9/site-packages/jinja2/exceptions.py first seen with mtime 1720604138.896769
DEBUG 2024-07-10 09:36:27,392 autoreload File /usr/local/lib/python3.9/site-packages/idna/package_data.py first seen with mtime 1720604138.534769
DEBUG 2024-07-10 09:36:27,392 autoreload File /usr/local/lib/python3.9/site-packages/MySQLdb/constants/__init__.py first seen with mtime 1720604138.507769
DEBUG 2024-07-10 09:36:27,393 autoreload File /usr/local/lib/python3.9/site-packages/django/core/mail/utils.py first seen with mtime 1720604143.355769
DEBUG 2024-07-10 09:36:27,393 autoreload File /usr/local/lib/python3.9/site-packages/rest_framework/schemas/inspectors.py first seen with mtime 1720604144.194769
DEBUG 2024-07-10 09:36:27,393 autoreload File /usr/local/lib/python3.9/site-packages/rest_framework/schemas/utils.py first seen with mtime 1720604144.194769
DEBUG 2024-07-10 09:36:27,394 autoreload File /usr/local/lib/python3.9/site-packages/django/utils/encoding.py first seen with mtime 1720604143.398769
DEBUG 2024-07-10 09:36:27,394 autoreload File /usr/local/lib/python3.9/tokenize.py first seen with mtime 1719959275.0
DEBUG 2024-07-10 09:36:27,394 autoreload File /usr/local/lib/python3.9/site-packages/django/contrib/contenttypes/__init__.py first seen with mtime 1720604143.150769
DEBUG 2024-07-10 09:36:27,394 autoreload File /usr/local/lib/python3.9/site-packages/django/template/smartif.py first seen with mtime 1720604143.392769
DEBUG 2024-07-10 09:36:27,395 autoreload File /usr/local/lib/python3.9/email/_header_value_parser.py first seen with mtime 1719959277.0
DEBUG 2024-07-10 09:36:27,395 autoreload File /usr/local/lib/python3.9/asyncio/subprocess.py first seen with mtime 1719959277.0
DEBUG 2024-07-10 09:36:27,395 autoreload File /usr/local/lib/python3.9/site-packages/django/contrib/postgres/fields/array.py first seen with mtime 1720604143.257769
DEBUG 2024-07-10 09:36:27,395 autoreload File /usr/local/lib/python3.9/site-packages/drf_yasg/errors.py first seen with mtime 1720604145.301769
DEBUG 2024-07-10 09:36:27,396 autoreload File /usr/local/lib/python3.9/site-packages/django/contrib/admin/models.py first seen with mtime 1720604143.005769
DEBUG 2024-07-10 09:36:27,396 autoreload File /usr/local/lib/python3.9/site-packages/django/core/signing.py first seen with mtime 1720604143.344769
DEBUG 2024-07-10 09:36:27,396 autoreload File /usr/local/lib/python3.9/site-packages/jinja2/runtime.py first seen with mtime 1720604138.898769
DEBUG 2024-07-10 09:36:27,396 autoreload File /usr/local/lib/python3.9/site-packages/django/core/serializers/json.py first seen with mtime 1720604143.360769
DEBUG 2024-07-10 09:36:27,397 autoreload File /usr/local/lib/python3.9/enum.py first seen with mtime 1719959275.0
DEBUG 2024-07-10 09:36:27,397 autoreload File /usr/local/lib/python3.9/site-packages/django/contrib/admin/templatetags/admin_list.py first seen with mtime 1720604143.091769
DEBUG 2024-07-10 09:36:27,397 autoreload File /usr/local/lib/python3.9/unittest/__init__.py first seen with mtime 1719959277.0
DEBUG 2024-07-10 09:36:27,398 autoreload File /usr/local/lib/python3.9/site-packages/django/contrib/sites/__init__.py first seen with mtime 1720604143.320769
DEBUG 2024-07-10 09:36:27,398 autoreload File /usr/local/lib/python3.9/site-packages/yaml/_yaml.cpython-39-aarch64-linux-gnu.so first seen with mtime 1720604136.585769
DEBUG 2024-07-10 09:36:27,398 autoreload File /usr/local/lib/python3.9/site-packages/yaml/cyaml.py first seen with mtime 1720604136.586769
DEBUG 2024-07-10 09:36:27,398 autoreload File /app/apps/users/serializers.py first seen with mtime 1720602786.2349288
DEBUG 2024-07-10 09:36:27,398 autoreload File /usr/local/lib/python3.9/site-packages/django/db/backends/base/features.py first seen with mtime 1720604143.3627691
DEBUG 2024-07-10 09:36:27,399 autoreload File /usr/local/lib/python3.9/logging/handlers.py first seen with mtime 1719959277.0
DEBUG 2024-07-10 09:36:27,399 autoreload File /usr/local/lib/python3.9/site-packages/django/test/__init__.py first seen with mtime 1720604143.393769
DEBUG 2024-07-10 09:36:27,399 autoreload File /usr/local/lib/python3.9/site-packages/django/urls/__init__.py first seen with mtime 1720604143.3957691
DEBUG 2024-07-10 09:36:27,399 autoreload File /usr/local/lib/python3.9/lib-dynload/_json.cpython-39-aarch64-linux-gnu.so first seen with mtime 1719959266.0
DEBUG 2024-07-10 09:36:27,400 autoreload File /usr/local/lib/python3.9/site-packages/urllib3/__init__.py first seen with mtime 1720604136.372769
DEBUG 2024-07-10 09:36:27,400 autoreload File /usr/local/lib/python3.9/lib-dynload/_queue.cpython-39-aarch64-linux-gnu.so first seen with mtime 1719959265.0
DEBUG 2024-07-10 09:36:27,400 autoreload File /usr/local/lib/python3.9/site-packages/django/utils/deconstruct.py first seen with mtime 1720604143.397769
DEBUG 2024-07-10 09:36:27,400 autoreload File /usr/local/lib/python3.9/lib-dynload/select.cpython-39-aarch64-linux-gnu.so first seen with mtime 1719959266.0
DEBUG 2024-07-10 09:36:27,401 autoreload File /usr/local/lib/python3.9/site-packages/coreapi/__init__.py first seen with mtime 1720604144.3627691
DEBUG 2024-07-10 09:36:27,401 autoreload File /usr/local/lib/python3.9/_weakrefset.py first seen with mtime 1719959275.0
DEBUG 2024-07-10 09:36:27,401 autoreload File /usr/local/lib/python3.9/site-packages/django/core/mail/message.py first seen with mtime 1720604143.355769
DEBUG 2024-07-10 09:36:27,401 autoreload File /usr/local/lib/python3.9/lib-dynload/array.cpython-39-aarch64-linux-gnu.so first seen with mtime 1719959265.0
DEBUG 2024-07-10 09:36:27,402 autoreload File /usr/local/lib/python3.9/site-packages/MySQLdb/release.py first seen with mtime 1720604138.506769
DEBUG 2024-07-10 09:36:27,402 autoreload File /usr/local/lib/python3.9/site-packages/django/core/checks/messages.py first seen with mtime 1720604143.351769
DEBUG 2024-07-10 09:36:27,402 autoreload File /usr/local/lib/python3.9/lib-dynload/_pickle.cpython-39-aarch64-linux-gnu.so first seen with mtime 1719959266.0
DEBUG 2024-07-10 09:36:27,402 autoreload File /usr/local/lib/python3.9/site-packages/django/template/__init__.py first seen with mtime 1720604143.390769
DEBUG 2024-07-10 09:36:27,403 autoreload File /usr/local/lib/python3.9/site-packages/django/views/generic/list.py first seen with mtime 1720604143.403769
DEBUG 2024-07-10 09:36:27,403 autoreload File /usr/local/lib/python3.9/site-packages/rest_framework/generics.py first seen with mtime 1720604144.179769
DEBUG 2024-07-10 09:36:27,403 autoreload File /usr/local/lib/python3.9/site-packages/psycopg2/extras.py first seen with mtime 1720604136.701769
DEBUG 2024-07-10 09:36:27,404 autoreload File /usr/local/lib/python3.9/site-packages/django/contrib/admin/options.py first seen with mtime 1720604143.005769
DEBUG 2024-07-10 09:36:27,404 autoreload File /usr/local/lib/python3.9/site-packages/django/db/models/query.py first seen with mtime 1720604143.374769
DEBUG 2024-07-10 09:36:27,404 autoreload File /usr/local/lib/python3.9/site-packages/certifi/core.py first seen with mtime 1720604138.732769
DEBUG 2024-07-10 09:36:27,405 autoreload File /usr/local/lib/python3.9/site-packages/django/middleware/common.py first seen with mtime 1720604143.389769
DEBUG 2024-07-10 09:36:27,405 autoreload File /usr/local/lib/python3.9/site-packages/click/core.py first seen with mtime 1720604138.661769
DEBUG 2024-07-10 09:36:27,406 autoreload File /usr/local/lib/python3.9/site-packages/psycopg2/_json.py first seen with mtime 1720604136.701769
DEBUG 2024-07-10 09:36:27,406 autoreload File /usr/local/lib/python3.9/lib-dynload/math.cpython-39-aarch64-linux-gnu.so first seen with mtime 1719959265.0
DEBUG 2024-07-10 09:36:27,406 autoreload File /usr/local/lib/python3.9/site-packages/django/core/files/__init__.py first seen with mtime 1720604143.352769
DEBUG 2024-07-10 09:36:27,406 autoreload File /usr/local/lib/python3.9/site-packages/django/contrib/sites/shortcuts.py first seen with mtime 1720604143.321769
DEBUG 2024-07-10 09:36:27,407 autoreload File /usr/local/lib/python3.9/pkgutil.py first seen with mtime 1719959275.0
DEBUG 2024-07-10 09:36:27,407 autoreload File /usr/local/lib/python3.9/site-packages/django/core/checks/registry.py first seen with mtime 1720604143.351769
DEBUG 2024-07-10 09:36:27,408 autoreload File /usr/local/lib/python3.9/site-packages/requests/exceptions.py first seen with mtime 1720604138.827769
DEBUG 2024-07-10 09:36:27,408 autoreload File /usr/local/lib/python3.9/urllib/request.py first seen with mtime 1719959277.0
DEBUG 2024-07-10 09:36:27,408 autoreload File /usr/local/lib/python3.9/site-packages/django/core/handlers/asgi.py first seen with mtime 1720604143.354769
DEBUG 2024-07-10 09:36:27,409 autoreload File /usr/local/lib/python3.9/site-packages/jinja2/environment.py first seen with mtime 1720604138.8957691
DEBUG 2024-07-10 09:36:27,409 autoreload File /usr/local/lib/python3.9/site-packages/django/db/models/functions/comparison.py first seen with mtime 1720604143.376769
DEBUG 2024-07-10 09:36:27,409 autoreload File /usr/local/lib/python3.9/site-packages/django/contrib/sessions/apps.py first seen with mtime 1720604143.298769
DEBUG 2024-07-10 09:36:27,410 autoreload File /usr/local/lib/python3.9/site-packages/django/core/checks/files.py first seen with mtime 1720604143.351769
DEBUG 2024-07-10 09:36:27,410 autoreload File /usr/local/lib/python3.9/site-packages/pkg_resources/_vendor/packaging/_compat.py first seen with mtime 1719989270.0
DEBUG 2024-07-10 09:36:27,410 autoreload File /usr/local/lib/python3.9/site-packages/django/contrib/admin/checks.py first seen with mtime 1720604143.004769
DEBUG 2024-07-10 09:36:27,411 autoreload File /usr/local/lib/python3.9/json/__init__.py first seen with mtime 1719959277.0
DEBUG 2024-07-10 09:36:27,411 autoreload File /usr/local/lib/python3.9/site-packages/django/core/files/storage/base.py first seen with mtime 1720604143.354769
DEBUG 2024-07-10 09:36:27,411 autoreload File /usr/local/lib/python3.9/site-packages/django/__init__.py first seen with mtime 1720604142.9417691
DEBUG 2024-07-10 09:36:27,412 autoreload File /usr/local/lib/python3.9/site-packages/click/utils.py first seen with mtime 1720604138.663769
DEBUG 2024-07-10 09:36:27,412 autoreload File /usr/local/lib/python3.9/glob.py first seen with mtime 1719959275.0
DEBUG 2024-07-10 09:36:27,413 autoreload File /usr/local/lib/python3.9/site-packages/django/core/serializers/__init__.py first seen with mtime 1720604143.360769
DEBUG 2024-07-10 09:36:27,414 autoreload File /usr/local/lib/python3.9/wsgiref/util.py first seen with mtime 1719959277.0
DEBUG 2024-07-10 09:36:27,414 autoreload File /usr/local/lib/python3.9/asyncio/base_futures.py first seen with mtime 1719959277.0
DEBUG 2024-07-10 09:36:27,414 autoreload File /usr/local/lib/python3.9/lib-dynload/_socket.cpython-39-aarch64-linux-gnu.so first seen with mtime 1719959268.0
DEBUG 2024-07-10 09:36:27,415 autoreload File /usr/local/lib/python3.9/socketserver.py first seen with mtime 1719959275.0
DEBUG 2024-07-10 09:36:27,415 autoreload File /usr/local/lib/python3.9/difflib.py first seen with mtime 1719959275.0
DEBUG 2024-07-10 09:36:27,415 autoreload File /usr/local/lib/python3.9/site-packages/urllib3/util/ssl_.py first seen with mtime 1720604136.376769
DEBUG 2024-07-10 09:36:27,415 autoreload File /usr/local/lib/python3.9/site-packages/django/contrib/contenttypes/fields.py first seen with mtime 1720604143.150769
DEBUG 2024-07-10 09:36:27,416 autoreload File /usr/local/lib/python3.9/site-packages/pkg_resources/_vendor/packaging/markers.py first seen with mtime 1719989270.0
DEBUG 2024-07-10 09:36:27,416 autoreload File /usr/local/lib/python3.9/site-packages/packaging/version.py first seen with mtime 1720604136.909769
DEBUG 2024-07-10 09:36:27,416 autoreload File /usr/local/lib/python3.9/site-packages/rest_framework/request.py first seen with mtime 1720604144.181769
DEBUG 2024-07-10 09:36:27,417 autoreload File /usr/local/lib/python3.9/site-packages/rest_framework/utils/timezone.py first seen with mtime 1720604144.2147691
DEBUG 2024-07-10 09:36:27,417 autoreload File /usr/local/lib/python3.9/xml/dom/domreg.py first seen with mtime 1719959277.0
DEBUG 2024-07-10 09:36:27,417 autoreload File /usr/local/lib/python3.9/hmac.py first seen with mtime 1719959275.0
DEBUG 2024-07-10 09:36:27,417 autoreload File /usr/local/lib/python3.9/site-packages/django/core/cache/backends/filebased.py first seen with mtime 1720604143.345769
DEBUG 2024-07-10 09:36:27,418 autoreload File /usr/local/lib/python3.9/site-packages/django/shortcuts.py first seen with mtime 1720604142.9417691
DEBUG 2024-07-10 09:36:27,418 autoreload File /usr/local/lib/python3.9/site-packages/MySQLdb/constants/CLIENT.py first seen with mtime 1720604138.506769
DEBUG 2024-07-10 09:36:27,418 autoreload File /usr/local/lib/python3.9/site-packages/charset_normalizer/utils.py first seen with mtime 1720604138.709769
DEBUG 2024-07-10 09:36:27,419 autoreload File /usr/local/lib/python3.9/site-packages/django/core/checks/__init__.py first seen with mtime 1720604143.347769
DEBUG 2024-07-10 09:36:27,419 autoreload File /usr/local/lib/python3.9/site-packages/drf_yasg/codecs.py first seen with mtime 1720604145.300769
DEBUG 2024-07-10 09:36:27,419 autoreload File /usr/local/lib/python3.9/site-packages/rest_framework/settings.py first seen with mtime 1720604144.181769
DEBUG 2024-07-10 09:36:27,419 autoreload File /usr/local/lib/python3.9/site-packages/django/db/models/enums.py first seen with mtime 1720604143.372769
DEBUG 2024-07-10 09:36:27,420 autoreload File /app/apps/entry/urls.py first seen with mtime 1720512557.4511504
DEBUG 2024-07-10 09:36:27,420 autoreload File /usr/local/lib/python3.9/site-packages/django/core/checks/caches.py first seen with mtime 1720604143.347769
DEBUG 2024-07-10 09:36:27,420 autoreload File /usr/local/lib/python3.9/site-packages/django/contrib/admindocs/views.py first seen with mtime 1720604143.092769
DEBUG 2024-07-10 09:36:27,421 autoreload File /usr/local/lib/python3.9/site-packages/urllib3/util/proxy.py first seen with mtime 1720604136.376769
DEBUG 2024-07-10 09:36:27,421 autoreload File /usr/local/lib/python3.9/site-packages/django/views/decorators/debug.py first seen with mtime 1720604143.402769
DEBUG 2024-07-10 09:36:27,421 autoreload File /usr/local/lib/python3.9/asyncio/exceptions.py first seen with mtime 1719959277.0
DEBUG 2024-07-10 09:36:27,422 autoreload File /usr/local/lib/python3.9/site-packages/django/template/loaders/cached.py first seen with mtime 1720604143.392769
DEBUG 2024-07-10 09:36:27,422 autoreload File /usr/local/lib/python3.9/site-packages/markupsafe/_speedups.cpython-39-aarch64-linux-gnu.so first seen with mtime 1720604138.521769
DEBUG 2024-07-10 09:36:27,422 autoreload File /usr/local/lib/python3.9/site-packages/rest_framework_simplejwt/token_blacklist/apps.py first seen with mtime 1720604145.416769
DEBUG 2024-07-10 09:36:27,422 autoreload File /usr/local/lib/python3.9/site-packages/yaml/resolver.py first seen with mtime 1720604136.586769
DEBUG 2024-07-10 09:36:27,423 autoreload File /usr/local/lib/python3.9/lib-dynload/termios.cpython-39-aarch64-linux-gnu.so first seen with mtime 1719959268.0
DEBUG 2024-07-10 09:36:27,423 autoreload File /usr/local/lib/python3.9/site-packages/jinja2/parser.py first seen with mtime 1720604138.897769
DEBUG 2024-07-10 09:36:27,423 autoreload File /usr/local/lib/python3.9/site-packages/requests/_internal_utils.py first seen with mtime 1720604138.826769
DEBUG 2024-07-10 09:36:27,424 autoreload File /usr/local/lib/python3.9/site-packages/django/contrib/admin/templatetags/log.py first seen with mtime 1720604143.091769
DEBUG 2024-07-10 09:36:27,424 autoreload File /usr/local/lib/python3.9/asyncio/constants.py first seen with mtime 1719959277.0
DEBUG 2024-07-10 09:36:27,424 autoreload File /app/apps/users/models.py first seen with mtime 1720542273.510298
DEBUG 2024-07-10 09:36:27,424 autoreload File /usr/local/lib/python3.9/site-packages/django/core/management/color.py first seen with mtime 1720604143.356769
DEBUG 2024-07-10 09:36:27,425 autoreload File /usr/local/lib/python3.9/site-packages/coreapi/client.py first seen with mtime 1720604144.3627691
DEBUG 2024-07-10 09:36:27,425 autoreload File /app/config/urls.py first seen with mtime 1720512557.4553447
DEBUG 2024-07-10 09:36:27,425 autoreload File /usr/local/lib/python3.9/site-packages/django/template/loader_tags.py first seen with mtime 1720604143.391769
DEBUG 2024-07-10 09:36:27,426 autoreload File /usr/local/lib/python3.9/site-packages/sqlparse/exceptions.py first seen with mtime 1720604136.515769
DEBUG 2024-07-10 09:36:27,426 autoreload File /usr/local/lib/python3.9/site-packages/django/template/backends/__init__.py first seen with mtime 1720604143.392769
DEBUG 2024-07-10 09:36:27,426 autoreload File /usr/local/lib/python3.9/site-packages/django/contrib/staticfiles/apps.py first seen with mtime 1720604143.342769
DEBUG 2024-07-10 09:36:27,426 autoreload File /usr/local/lib/python3.9/site-packages/django/contrib/admin/__init__.py first seen with mtime 1720604143.004769
DEBUG 2024-07-10 09:36:27,427 autoreload File /usr/local/lib/python3.9/site-packages/django/utils/asyncio.py first seen with mtime 1720604143.396769
DEBUG 2024-07-10 09:36:27,427 autoreload File /usr/local/lib/python3.9/site-packages/pkg_resources/_vendor/packaging/__about__.py first seen with mtime 1719989270.0
DEBUG 2024-07-10 09:36:27,427 autoreload File /usr/local/lib/python3.9/site-packages/django/db/models/fields/proxy.py first seen with mtime 1720604143.375769
DEBUG 2024-07-10 09:36:27,427 autoreload File /usr/local/lib/python3.9/site-packages/django/db/backends/base/base.py first seen with mtime 1720604143.3627691
DEBUG 2024-07-10 09:36:27,428 autoreload File /usr/local/lib/python3.9/site-packages/django/forms/fields.py first seen with mtime 1720604143.379769
DEBUG 2024-07-10 09:36:27,428 autoreload File /usr/local/lib/python3.9/lib-dynload/_heapq.cpython-39-aarch64-linux-gnu.so first seen with mtime 1719959265.0
DEBUG 2024-07-10 09:36:27,428 autoreload File /usr/local/lib/python3.9/site-packages/yaml/__init__.py first seen with mtime 1720604136.586769
DEBUG 2024-07-10 09:36:27,428 autoreload File /usr/local/lib/python3.9/zoneinfo/_tzpath.py first seen with mtime 1719959277.0
DEBUG 2024-07-10 09:36:27,429 autoreload File /usr/local/lib/python3.9/site-packages/django/contrib/sessions/exceptions.py first seen with mtime 1720604143.298769
DEBUG 2024-07-10 09:36:27,429 autoreload File /usr/local/lib/python3.9/bz2.py first seen with mtime 1719959275.0
DEBUG 2024-07-10 09:36:27,429 autoreload File /app/apps/users/views.py first seen with mtime 1720604186.1529527
DEBUG 2024-07-10 09:36:27,430 autoreload File /usr/local/lib/python3.9/site-packages/django/template/loaders/filesystem.py first seen with mtime 1720604143.393769
DEBUG 2024-07-10 09:36:27,430 autoreload File /usr/local/lib/python3.9/site-packages/yaml/representer.py first seen with mtime 1720604136.586769
DEBUG 2024-07-10 09:36:27,430 autoreload File /usr/local/lib/python3.9/site-packages/pkg_resources/extern/__init__.py first seen with mtime 1719989270.0
DEBUG 2024-07-10 09:36:27,431 autoreload File /usr/local/lib/python3.9/asyncio/protocols.py first seen with mtime 1719959277.0
DEBUG 2024-07-10 09:36:27,431 autoreload File /usr/local/lib/python3.9/calendar.py first seen with mtime 1719959275.0
DEBUG 2024-07-10 09:36:27,431 autoreload File /usr/local/lib/python3.9/asyncio/streams.py first seen with mtime 1719959277.0
DEBUG 2024-07-10 09:36:27,432 autoreload File /usr/local/lib/python3.9/concurrent/futures/_base.py first seen with mtime 1719959277.0
DEBUG 2024-07-10 09:36:27,432 autoreload File /usr/local/lib/python3.9/site-packages/rest_framework_simplejwt/token_blacklist/admin.py first seen with mtime 1720604145.416769
DEBUG 2024-07-10 09:36:27,432 autoreload File /usr/local/lib/python3.9/site-packages/django/contrib/contenttypes/apps.py first seen with mtime 1720604143.150769
DEBUG 2024-07-10 09:36:27,432 autoreload File /usr/local/lib/python3.9/zoneinfo/__init__.py first seen with mtime 1719959277.0
DEBUG 2024-07-10 09:36:27,433 autoreload File /usr/local/lib/python3.9/site-packages/django/utils/itercompat.py first seen with mtime 1720604143.399769
DEBUG 2024-07-10 09:36:27,433 autoreload File /usr/local/lib/python3.9/heapq.py first seen with mtime 1719959275.0
DEBUG 2024-07-10 09:36:27,434 autoreload File /usr/local/lib/python3.9/numbers.py first seen with mtime 1719959275.0
DEBUG 2024-07-10 09:36:27,434 autoreload File /usr/local/lib/python3.9/email/mime/multipart.py first seen with mtime 1719959277.0
DEBUG 2024-07-10 09:36:27,434 autoreload File /app/config/settings.py first seen with mtime 1720602786.2317243
DEBUG 2024-07-10 09:36:27,435 autoreload File /usr/local/lib/python3.9/site-packages/django/contrib/admin/decorators.py first seen with mtime 1720604143.004769
DEBUG 2024-07-10 09:36:27,435 autoreload File /usr/local/lib/python3.9/site-packages/django/template/autoreload.py first seen with mtime 1720604143.390769
DEBUG 2024-07-10 09:36:27,435 autoreload File /usr/local/lib/python3.9/site-packages/django/utils/crypto.py first seen with mtime 1720604143.397769
DEBUG 2024-07-10 09:36:27,435 autoreload File /usr/local/lib/python3.9/site-packages/sqlparse/filters/tokens.py first seen with mtime 1720604136.517769
DEBUG 2024-07-10 09:36:27,436 autoreload File /usr/local/lib/python3.9/site-packages/django/db/backends/base/schema.py first seen with mtime 1720604143.363769
DEBUG 2024-07-10 09:36:27,436 autoreload File /usr/local/lib/python3.9/site-packages/django/contrib/admin/actions.py first seen with mtime 1720604143.004769
DEBUG 2024-07-10 09:36:27,436 autoreload File /usr/local/lib/python3.9/site-packages/rest_framework/utils/breadcrumbs.py first seen with mtime 1720604144.213769
DEBUG 2024-07-10 09:36:27,437 autoreload File /usr/local/lib/python3.9/site-packages/charset_normalizer/version.py first seen with mtime 1720604138.709769
DEBUG 2024-07-10 09:36:27,437 autoreload File /usr/local/lib/python3.9/site-packages/coreapi/document.py first seen with mtime 1720604144.3627691
DEBUG 2024-07-10 09:36:27,437 autoreload File /usr/local/lib/python3.9/html/__init__.py first seen with mtime 1719959277.0
DEBUG 2024-07-10 09:36:27,437 autoreload File /usr/local/lib/python3.9/site-packages/django/db/models/fields/mixins.py first seen with mtime 1720604143.375769
DEBUG 2024-07-10 09:36:27,438 autoreload File /usr/local/lib/python3.9/site-packages/jinja2/async_utils.py first seen with mtime 1720604138.894769
DEBUG 2024-07-10 09:36:27,438 autoreload File /usr/local/lib/python3.9/urllib/response.py first seen with mtime 1719959277.0
DEBUG 2024-07-10 09:36:27,438 autoreload File /usr/local/lib/python3.9/site-packages/django/utils/log.py first seen with mtime 1720604143.399769
DEBUG 2024-07-10 09:36:27,439 autoreload File /usr/local/lib/python3.9/site-packages/django/contrib/staticfiles/management/commands/__init__.py first seen with mtime 1720604143.343769
DEBUG 2024-07-10 09:36:27,439 autoreload File /usr/local/lib/python3.9/site-packages/yaml/constructor.py first seen with mtime 1720604136.587769
DEBUG 2024-07-10 09:36:27,439 autoreload File /usr/local/lib/python3.9/site-packages/click/formatting.py first seen with mtime 1720604138.662769
DEBUG 2024-07-10 09:36:27,439 autoreload File /usr/local/lib/python3.9/site-packages/django/db/backends/base/operations.py first seen with mtime 1720604143.363769
DEBUG 2024-07-10 09:36:27,440 autoreload File /usr/local/lib/python3.9/site-packages/django/db/models/functions/datetime.py first seen with mtime 1720604143.376769
DEBUG 2024-07-10 09:36:27,440 autoreload File /usr/local/lib/python3.9/site-packages/django/db/models/functions/math.py first seen with mtime 1720604143.376769
DEBUG 2024-07-10 09:36:27,440 autoreload File /usr/local/lib/python3.9/site-packages/rest_framework/fields.py first seen with mtime 1720604144.179769
DEBUG 2024-07-10 09:36:27,441 autoreload File /usr/local/lib/python3.9/xml/dom/xmlbuilder.py first seen with mtime 1719959277.0
DEBUG 2024-07-10 09:36:27,441 autoreload File /usr/local/lib/python3.9/site-packages/urllib3/util/util.py first seen with mtime 1720604136.377769
DEBUG 2024-07-10 09:36:27,441 autoreload File /usr/local/lib/python3.9/asyncio/queues.py first seen with mtime 1719959277.0
DEBUG 2024-07-10 09:36:27,441 autoreload File /usr/local/lib/python3.9/site-packages/coreapi/codecs/text.py first seen with mtime 1720604144.363769
DEBUG 2024-07-10 09:36:27,442 autoreload File /usr/local/lib/python3.9/operator.py first seen with mtime 1719959275.0
DEBUG 2024-07-10 09:36:27,442 autoreload File /usr/local/lib/python3.9/site-packages/django/core/files/storage/mixins.py first seen with mtime 1720604143.354769
DEBUG 2024-07-10 09:36:27,442 autoreload File /usr/local/lib/python3.9/site-packages/django/test/testcases.py first seen with mtime 1720604143.3957691
DEBUG 2024-07-10 09:36:27,442 autoreload File /usr/local/lib/python3.9/site-packages/requests/sessions.py first seen with mtime 1720604138.828769
DEBUG 2024-07-10 09:36:27,443 autoreload File /usr/local/lib/python3.9/site-packages/django/views/generic/edit.py first seen with mtime 1720604143.403769
DEBUG 2024-07-10 09:36:27,443 autoreload File /usr/local/lib/python3.9/asyncio/trsock.py first seen with mtime 1719959277.0
DEBUG 2024-07-10 09:36:27,443 autoreload File /usr/local/lib/python3.9/asyncio/unix_events.py first seen with mtime 1719959277.0
DEBUG 2024-07-10 09:36:27,444 autoreload File /usr/local/lib/python3.9/site-packages/django/contrib/sessions/base_session.py first seen with mtime 1720604143.298769
DEBUG 2024-07-10 09:36:27,444 autoreload File /usr/local/lib/python3.9/site-packages/sqlparse/engine/grouping.py first seen with mtime 1720604136.516769
DEBUG 2024-07-10 09:36:27,444 autoreload File /usr/local/lib/python3.9/site-packages/charset_normalizer/models.py first seen with mtime 1720604138.709769
DEBUG 2024-07-10 09:36:27,444 autoreload File /usr/local/lib/python3.9/selectors.py first seen with mtime 1719959275.0
DEBUG 2024-07-10 09:36:27,445 autoreload File /usr/local/lib/python3.9/urllib/error.py first seen with mtime 1719959277.0
DEBUG 2024-07-10 09:36:27,445 autoreload File /usr/local/lib/python3.9/site-packages/rest_framework/schemas/coreapi.py first seen with mtime 1720604144.194769
DEBUG 2024-07-10 09:36:27,445 autoreload File /usr/local/lib/python3.9/contextlib.py first seen with mtime 1719959275.0
DEBUG 2024-07-10 09:36:27,446 autoreload File /usr/local/lib/python3.9/site-packages/django/contrib/admindocs/__init__.py first seen with mtime 1720604143.091769
DEBUG 2024-07-10 09:36:27,446 autoreload File /usr/local/lib/python3.9/site-packages/urllib3/util/wait.py first seen with mtime 1720604136.377769
DEBUG 2024-07-10 09:36:27,446 autoreload File /usr/local/lib/python3.9/site-packages/yaml/composer.py first seen with mtime 1720604136.587769
DEBUG 2024-07-10 09:36:27,446 autoreload File /usr/local/lib/python3.9/site-packages/coreapi/transports/__init__.py first seen with mtime 1720604144.364769
DEBUG 2024-07-10 09:36:27,447 autoreload File /usr/local/lib/python3.9/site-packages/django/contrib/__init__.py first seen with mtime 1720604143.003769
DEBUG 2024-07-10 09:36:27,447 autoreload File /usr/local/lib/python3.9/site-packages/rest_framework/response.py first seen with mtime 1720604144.181769
DEBUG 2024-07-10 09:36:27,447 autoreload File /usr/local/lib/python3.9/encodings/utf_8.py first seen with mtime 1719959277.0
DEBUG 2024-07-10 09:36:27,448 autoreload File /usr/local/lib/python3.9/site-packages/django/contrib/staticfiles/handlers.py first seen with mtime 1720604143.342769
DEBUG 2024-07-10 09:36:27,448 autoreload File /usr/local/lib/python3.9/site-packages/django/db/models/expressions.py first seen with mtime 1720604143.372769
DEBUG 2024-07-10 09:36:27,448 autoreload File /usr/local/lib/python3.9/site-packages/django/core/files/temp.py first seen with mtime 1720604143.353769
DEBUG 2024-07-10 09:36:27,448 autoreload File /usr/local/lib/python3.9/site-packages/django/templatetags/i18n.py first seen with mtime 1720604143.393769
DEBUG 2024-07-10 09:36:27,449 autoreload File /usr/local/lib/python3.9/site-packages/rest_framework/schemas/__init__.py first seen with mtime 1720604144.194769
DEBUG 2024-07-10 09:36:27,449 autoreload File /usr/local/lib/python3.9/site-packages/django/utils/translation/__init__.py first seen with mtime 1720604143.401769
DEBUG 2024-07-10 09:36:27,449 autoreload File /usr/local/lib/python3.9/http/cookiejar.py first seen with mtime 1719959277.0
DEBUG 2024-07-10 09:36:27,449 autoreload File /usr/local/lib/python3.9/site-packages/packaging/__init__.py first seen with mtime 1720604136.907769
DEBUG 2024-07-10 09:36:27,450 autoreload File /usr/local/lib/python3.9/site-packages/django/db/models/functions/__init__.py first seen with mtime 1720604143.376769
DEBUG 2024-07-10 09:36:27,450 autoreload File /usr/local/lib/python3.9/weakref.py first seen with mtime 1719959275.0
DEBUG 2024-07-10 09:36:27,450 autoreload File /usr/local/lib/python3.9/site-packages/django/contrib/admin/templatetags/admin_urls.py first seen with mtime 1720604143.091769
DEBUG 2024-07-10 09:36:27,451 autoreload File /usr/local/lib/python3.9/site-packages/django/utils/text.py first seen with mtime 1720604143.400769
DEBUG 2024-07-10 09:36:27,451 autoreload File /usr/local/lib/python3.9/socket.py first seen with mtime 1719959275.0
DEBUG 2024-07-10 09:36:27,451 autoreload File /usr/local/lib/python3.9/site-packages/coreapi/codecs/download.py first seen with mtime 1720604144.363769
DEBUG 2024-07-10 09:36:27,452 autoreload File /usr/local/lib/python3.9/site-packages/django/urls/exceptions.py first seen with mtime 1720604143.3957691
DEBUG 2024-07-10 09:36:27,452 autoreload File /usr/local/lib/python3.9/site-packages/urllib3/exceptions.py first seen with mtime 1720604136.373769
DEBUG 2024-07-10 09:36:27,452 autoreload File /usr/local/lib/python3.9/site-packages/django/contrib/auth/forms.py first seen with mtime 1720604143.119769
DEBUG 2024-07-10 09:36:27,452 autoreload File /usr/local/lib/python3.9/site-packages/coreapi/exceptions.py first seen with mtime 1720604144.3627691
DEBUG 2024-07-10 09:36:27,452 autoreload File /usr/local/lib/python3.9/site-packages/sqlparse/engine/statement_splitter.py first seen with mtime 1720604136.516769
DEBUG 2024-07-10 09:36:27,453 autoreload File /usr/local/lib/python3.9/site-packages/click/termui.py first seen with mtime 1720604138.662769
DEBUG 2024-07-10 09:36:27,453 autoreload File /usr/local/lib/python3.9/site-packages/django/template/exceptions.py first seen with mtime 1720604143.391769
DEBUG 2024-07-10 09:36:27,453 autoreload File /usr/local/lib/python3.9/site-packages/django/contrib/sessions/backends/base.py first seen with mtime 1720604143.298769
DEBUG 2024-07-10 09:36:27,453 autoreload File /usr/local/lib/python3.9/site-packages/django/forms/widgets.py first seen with mtime 1720604143.380769
DEBUG 2024-07-10 09:36:27,454 autoreload File /usr/local/lib/python3.9/site-packages/django/utils/connection.py first seen with mtime 1720604143.397769
DEBUG 2024-07-10 09:36:27,454 autoreload File /usr/local/lib/python3.9/sre_constants.py first seen with mtime 1719959275.0
DEBUG 2024-07-10 09:36:27,454 autoreload File /usr/local/lib/python3.9/site-packages/django/db/models/aggregates.py first seen with mtime 1720604143.371769
DEBUG 2024-07-10 09:36:27,455 autoreload File /usr/local/lib/python3.9/site-packages/sqlparse/tokens.py first seen with mtime 1720604136.515769
DEBUG 2024-07-10 09:36:27,455 autoreload File /usr/local/lib/python3.9/site-packages/coreapi/codecs/python.py first seen with mtime 1720604144.363769
DEBUG 2024-07-10 09:36:27,455 autoreload File /usr/local/lib/python3.9/site-packages/django/http/cookie.py first seen with mtime 1720604143.388769
DEBUG 2024-07-10 09:36:27,456 autoreload File /usr/local/lib/python3.9/site-packages/rest_framework/utils/json.py first seen with mtime 1720604144.2147691
DEBUG 2024-07-10 09:36:27,456 autoreload File /usr/local/lib/python3.9/site-packages/sqlparse/__init__.py first seen with mtime 1720604136.514769
DEBUG 2024-07-10 09:36:27,456 autoreload File /usr/local/lib/python3.9/site-packages/django/contrib/admin/apps.py first seen with mtime 1720604143.004769
DEBUG 2024-07-10 09:36:27,457 autoreload File /usr/local/lib/python3.9/site-packages/coreapi/codecs/jsondata.py first seen with mtime 1720604144.363769
DEBUG 2024-07-10 09:36:27,457 autoreload File /usr/local/lib/python3.9/site-packages/rest_framework/utils/urls.py first seen with mtime 1720604144.2147691
DEBUG 2024-07-10 09:36:27,457 autoreload File /usr/local/lib/python3.9/site-packages/django/db/migrations/utils.py first seen with mtime 1720604143.370769
DEBUG 2024-07-10 09:36:27,458 autoreload File /usr/local/lib/python3.9/site-packages/sqlparse/filters/others.py first seen with mtime 1720604136.516769
DEBUG 2024-07-10 09:36:27,458 autoreload File /usr/local/lib/python3.9/site-packages/django/db/backends/mysql/client.py first seen with mtime 1720604143.364769
DEBUG 2024-07-10 09:36:27,458 autoreload File /usr/local/lib/python3.9/site-packages/urllib3/filepost.py first seen with mtime 1720604136.374769
DEBUG 2024-07-10 09:36:27,459 autoreload File /usr/local/lib/python3.9/site-packages/rest_framework/templatetags/__init__.py first seen with mtime 1720604144.213769
DEBUG 2024-07-10 09:36:27,459 autoreload File /usr/local/lib/python3.9/site-packages/django/contrib/admin/sites.py first seen with mtime 1720604143.005769
DEBUG 2024-07-10 09:36:27,460 autoreload File /usr/local/lib/python3.9/_sysconfigdata__linux_aarch64-linux-gnu.py first seen with mtime 1719959277.0
DEBUG 2024-07-10 09:36:27,460 autoreload File /usr/local/lib/python3.9/site-packages/click/__init__.py first seen with mtime 1720604138.660769
DEBUG 2024-07-10 09:36:27,460 autoreload File /usr/local/lib/python3.9/site-packages/django/core/files/move.py first seen with mtime 1720604143.353769
DEBUG 2024-07-10 09:36:27,460 autoreload File /usr/local/lib/python3.9/asyncio/locks.py first seen with mtime 1719959277.0
DEBUG 2024-07-10 09:36:27,461 autoreload File /usr/local/lib/python3.9/site-packages/django/utils/termcolors.py first seen with mtime 1720604143.400769
DEBUG 2024-07-10 09:36:27,461 autoreload File /usr/local/lib/python3.9/site-packages/django/middleware/cache.py first seen with mtime 1720604143.389769
DEBUG 2024-07-10 09:36:27,461 autoreload File /usr/local/lib/python3.9/site-packages/django/utils/http.py first seen with mtime 1720604143.399769
DEBUG 2024-07-10 09:36:27,462 autoreload File /usr/local/lib/python3.9/site-packages/django/views/generic/__init__.py first seen with mtime 1720604143.403769
DEBUG 2024-07-10 09:36:27,462 autoreload File /usr/local/lib/python3.9/site-packages/django/contrib/postgres/__init__.py first seen with mtime 1720604143.255769
DEBUG 2024-07-10 09:36:27,462 autoreload File /usr/local/lib/python3.9/asyncio/coroutines.py first seen with mtime 1719959277.0
DEBUG 2024-07-10 09:36:27,462 autoreload File /usr/local/lib/python3.9/site-packages/rest_framework/versioning.py first seen with mtime 1720604144.182769
DEBUG 2024-07-10 09:36:27,463 autoreload File /usr/local/lib/python3.9/random.py first seen with mtime 1719959275.0
DEBUG 2024-07-10 09:36:27,463 autoreload File /usr/local/lib/python3.9/site-packages/django/contrib/postgres/forms/hstore.py first seen with mtime 1720604143.258769
DEBUG 2024-07-10 09:36:27,463 autoreload File /usr/local/lib/python3.9/stat.py first seen with mtime 1719959275.0
DEBUG 2024-07-10 09:36:27,464 autoreload File /usr/local/lib/python3.9/email/generator.py first seen with mtime 1719959277.0
DEBUG 2024-07-10 09:36:27,464 autoreload File /usr/local/lib/python3.9/email/_parseaddr.py first seen with mtime 1719959277.0
DEBUG 2024-07-10 09:36:27,464 autoreload File /usr/local/lib/python3.9/site-packages/uritemplate/__init__.py first seen with mtime 1720604136.421769
DEBUG 2024-07-10 09:36:27,464 autoreload File /usr/local/lib/python3.9/site-packages/django/middleware/__init__.py first seen with mtime 1720604143.389769
DEBUG 2024-07-10 09:36:27,465 autoreload File /usr/local/lib/python3.9/unittest/main.py first seen with mtime 1719959277.0
DEBUG 2024-07-10 09:36:27,465 autoreload File /usr/local/lib/python3.9/site-packages/django/views/i18n.py first seen with mtime 1720604143.402769
DEBUG 2024-07-10 09:36:27,465 autoreload File /usr/local/lib/python3.9/site-packages/drf_yasg/renderers.py first seen with mtime 1720604145.301769
DEBUG 2024-07-10 09:36:27,466 autoreload File /usr/local/lib/python3.9/site-packages/django/contrib/messages/utils.py first seen with mtime 1720604143.255769
DEBUG 2024-07-10 09:36:27,466 autoreload File /usr/local/lib/python3.9/site-packages/urllib3/_version.py first seen with mtime 1720604136.373769
DEBUG 2024-07-10 09:36:27,466 autoreload File /usr/local/lib/python3.9/site-packages/django/contrib/sessions/middleware.py first seen with mtime 1720604143.298769
DEBUG 2024-07-10 09:36:27,466 autoreload File /usr/local/lib/python3.9/json/scanner.py first seen with mtime 1719959277.0
DEBUG 2024-07-10 09:36:27,467 autoreload File /usr/local/lib/python3.9/email/mime/nonmultipart.py first seen with mtime 1719959277.0
DEBUG 2024-07-10 09:36:27,466 utils (0.007) 
                SELECT VERSION(),
                       @@sql_mode,
                       @@default_storage_engine,
                       @@sql_auto_is_null,
                       @@lower_case_table_names,
                       CONVERT_TZ('2001-01-01 01:00:00', 'UTC', 'UTC') IS NOT NULL
            ; args=None; alias=default
DEBUG 2024-07-10 09:36:27,467 autoreload File /usr/local/lib/python3.9/site-packages/django/core/checks/model_checks.py first seen with mtime 1720604143.351769
DEBUG 2024-07-10 09:36:27,468 autoreload File /usr/local/lib/python3.9/site-packages/click/decorators.py first seen with mtime 1720604138.661769
DEBUG 2024-07-10 09:36:27,468 autoreload File /usr/local/lib/python3.9/site-packages/charset_normalizer/__init__.py first seen with mtime 1720604138.708769
DEBUG 2024-07-10 09:36:27,468 autoreload File /usr/local/lib/python3.9/site-packages/django/template/defaulttags.py first seen with mtime 1720604143.391769
DEBUG 2024-07-10 09:36:27,469 autoreload File /usr/local/lib/python3.9/site-packages/django/template/loaders/__init__.py first seen with mtime 1720604143.392769
DEBUG 2024-07-10 09:36:27,469 autoreload File /usr/local/lib/python3.9/site-packages/urllib3/util/url.py first seen with mtime 1720604136.377769
DEBUG 2024-07-10 09:36:27,469 autoreload File /usr/local/lib/python3.9/copyreg.py first seen with mtime 1719959275.0
DEBUG 2024-07-10 09:36:27,470 autoreload File /usr/local/lib/python3.9/site-packages/environ/__init__.py first seen with mtime 1720604138.650769
DEBUG 2024-07-10 09:36:27,470 autoreload File /usr/local/lib/python3.9/site-packages/requests/__version__.py first seen with mtime 1720604138.826769
DEBUG 2024-07-10 09:36:27,470 autoreload File /usr/local/lib/python3.9/site-packages/psycopg2/__init__.py first seen with mtime 1720604136.701769
DEBUG 2024-07-10 09:36:27,470 autoreload File /usr/local/lib/python3.9/site-packages/rest_framework/compat.py first seen with mtime 1720604144.178769
DEBUG 2024-07-10 09:36:27,471 autoreload File /usr/local/lib/python3.9/site-packages/rest_framework/metadata.py first seen with mtime 1720604144.179769
DEBUG 2024-07-10 09:36:27,471 autoreload File /usr/local/lib/python3.9/site-packages/django/core/files/storage/handler.py first seen with mtime 1720604143.354769
DEBUG 2024-07-10 09:36:27,471 autoreload File /usr/local/lib/python3.9/site-packages/django/core/management/sql.py first seen with mtime 1720604143.356769
DEBUG 2024-07-10 09:36:27,471 autoreload File /usr/local/lib/python3.9/site-packages/django/db/models/lookups.py first seen with mtime 1720604143.373769
DEBUG 2024-07-10 09:36:27,472 autoreload File /usr/local/lib/python3.9/site-packages/django/utils/dateparse.py first seen with mtime 1720604143.397769
DEBUG 2024-07-10 09:36:27,472 autoreload File /usr/local/lib/python3.9/site-packages/pkg_resources/_vendor/__init__.py first seen with mtime 1719989270.0
DEBUG 2024-07-10 09:36:27,472 autoreload File /usr/local/lib/python3.9/lib-dynload/_struct.cpython-39-aarch64-linux-gnu.so first seen with mtime 1719959265.0
DEBUG 2024-07-10 09:36:27,473 autoreload File /usr/local/lib/python3.9/email/quoprimime.py first seen with mtime 1719959277.0
DEBUG 2024-07-10 09:36:27,473 autoreload File /usr/local/lib/python3.9/site-packages/packaging/_structures.py first seen with mtime 1720604136.908769
DEBUG 2024-07-10 09:36:27,473 autoreload File /usr/local/lib/python3.9/codecs.py first seen with mtime 1719959275.0
DEBUG 2024-07-10 09:36:27,473 autoreload File /usr/local/lib/python3.9/sysconfig.py first seen with mtime 1719959275.0
DEBUG 2024-07-10 09:36:27,474 autoreload File /usr/local/lib/python3.9/email/__init__.py first seen with mtime 1719959277.0
DEBUG 2024-07-10 09:36:27,474 autoreload File /usr/local/lib/python3.9/site-packages/MySQLdb/converters.py first seen with mtime 1720604138.506769
DEBUG 2024-07-10 09:36:27,474 autoreload File /usr/local/lib/python3.9/site-packages/jinja2/utils.py first seen with mtime 1720604138.898769
DEBUG 2024-07-10 09:36:27,474 autoreload File /usr/local/lib/python3.9/site-packages/django/core/servers/__init__.py first seen with mtime 1720604143.361769
DEBUG 2024-07-10 09:36:27,475 autoreload File /usr/local/lib/python3.9/lib-dynload/_decimal.cpython-39-aarch64-linux-gnu.so first seen with mtime 1719959275.0
DEBUG 2024-07-10 09:36:27,475 autoreload File /usr/local/lib/python3.9/site-packages/rest_framework/utils/model_meta.py first seen with mtime 1720604144.2147691
DEBUG 2024-07-10 09:36:27,475 autoreload File /usr/local/lib/python3.9/site-packages/coreschema/formats.py first seen with mtime 1720604144.156769
DEBUG 2024-07-10 09:36:27,475 autoreload File /usr/local/lib/python3.9/site-packages/django/contrib/admin/exceptions.py first seen with mtime 1720604143.004769
DEBUG 2024-07-10 09:36:27,475 autoreload File /usr/local/lib/python3.9/site-packages/django/db/models/functions/window.py first seen with mtime 1720604143.377769
DEBUG 2024-07-10 09:36:27,476 autoreload File /usr/local/lib/python3.9/urllib/parse.py first seen with mtime 1719959277.0
DEBUG 2024-07-10 09:36:27,476 autoreload File /usr/local/lib/python3.9/site-packages/django/core/cache/backends/base.py first seen with mtime 1720604143.345769
DEBUG 2024-07-10 09:36:27,476 autoreload File /usr/local/lib/python3.9/site-packages/pkg_resources/_vendor/packaging/_structures.py first seen with mtime 1719989270.0
DEBUG 2024-07-10 09:36:27,476 autoreload File /usr/local/lib/python3.9/site-packages/django/templatetags/tz.py first seen with mtime 1720604143.393769
DEBUG 2024-07-10 09:36:27,476 utils (0.009) SET SESSION TRANSACTION ISOLATION LEVEL READ COMMITTED; args=None; alias=default
DEBUG 2024-07-10 09:36:27,477 autoreload File /usr/local/lib/python3.9/site-packages/jinja2/idtracking.py first seen with mtime 1720604138.896769
DEBUG 2024-07-10 09:36:27,477 autoreload File /usr/local/lib/python3.9/lib-dynload/_opcode.cpython-39-aarch64-linux-gnu.so first seen with mtime 1719959265.0
DEBUG 2024-07-10 09:36:27,477 autoreload File /usr/local/lib/python3.9/site-packages/charset_normalizer/constant.py first seen with mtime 1720604138.706769
DEBUG 2024-07-10 09:36:27,477 autoreload File /usr/local/lib/python3.9/stringprep.py first seen with mtime 1719959275.0
DEBUG 2024-07-10 09:36:27,477 autoreload File /usr/local/lib/python3.9/site-packages/django/core/checks/templates.py first seen with mtime 1720604143.351769
DEBUG 2024-07-10 09:36:27,478 autoreload File /usr/local/lib/python3.9/site-packages/jinja2/tests.py first seen with mtime 1720604138.898769
DEBUG 2024-07-10 09:36:27,478 autoreload File /usr/local/lib/python3.9/site-packages/urllib3/util/connection.py first seen with mtime 1720604136.376769
DEBUG 2024-07-10 09:36:27,478 autoreload File /usr/local/lib/python3.9/warnings.py first seen with mtime 1719959275.0
DEBUG 2024-07-10 09:36:27,478 autoreload File /usr/local/lib/python3.9/asyncio/format_helpers.py first seen with mtime 1719959277.0
DEBUG 2024-07-10 09:36:27,479 autoreload File /usr/local/lib/python3.9/site-packages/django/db/backends/mysql/validation.py first seen with mtime 1720604143.365769
DEBUG 2024-07-10 09:36:27,479 autoreload File /usr/local/lib/python3.9/site-packages/rest_framework/mixins.py first seen with mtime 1720604144.179769
DEBUG 2024-07-10 09:36:27,479 autoreload File /usr/local/lib/python3.9/site-packages/MySQLdb/__init__.py first seen with mtime 1720604138.504769
DEBUG 2024-07-10 09:36:27,479 autoreload File /usr/local/lib/python3.9/lib-dynload/_uuid.cpython-39-aarch64-linux-gnu.so first seen with mtime 1719959270.0
DEBUG 2024-07-10 09:36:27,479 autoreload File /usr/local/lib/python3.9/site-packages/yaml/scanner.py first seen with mtime 1720604136.587769
DEBUG 2024-07-10 09:36:27,479 autoreload File /usr/local/lib/python3.9/platform.py first seen with mtime 1719959275.0
DEBUG 2024-07-10 09:36:27,480 autoreload File /usr/local/lib/python3.9/site-packages/django/core/checks/compatibility/__init__.py first seen with mtime 1720604143.352769
DEBUG 2024-07-10 09:36:27,480 autoreload File /usr/local/lib/python3.9/site-packages/django/db/models/sql/where.py first seen with mtime 1720604143.378769
DEBUG 2024-07-10 09:36:27,480 autoreload File /usr/local/lib/python3.9/site-packages/django/utils/version.py first seen with mtime 1720604143.400769
DEBUG 2024-07-10 09:36:27,480 autoreload File /usr/local/lib/python3.9/site-packages/sqlparse/filters/right_margin.py first seen with mtime 1720604136.516769
DEBUG 2024-07-10 09:36:27,481 autoreload File /usr/local/lib/python3.9/site-packages/urllib3/contrib/socks.py first seen with mtime 1720604136.375769
DEBUG 2024-07-10 09:36:27,481 autoreload File /usr/local/lib/python3.9/site-packages/pkg_resources/_vendor/packaging/requirements.py first seen with mtime 1719989270.0
DEBUG 2024-07-10 09:36:27,481 autoreload File /usr/local/lib/python3.9/site-packages/uritemplate/template.py first seen with mtime 1720604136.422769
DEBUG 2024-07-10 09:36:27,481 autoreload File /usr/local/lib/python3.9/site-packages/django/db/migrations/operations/base.py first seen with mtime 1720604143.371769
DEBUG 2024-07-10 09:36:27,482 autoreload File /usr/local/lib/python3.9/site-packages/requests/compat.py first seen with mtime 1720604138.827769
DEBUG 2024-07-10 09:36:27,482 autoreload File /usr/local/lib/python3.9/site-packages/django/core/checks/security/__init__.py first seen with mtime 1720604143.352769
DEBUG 2024-07-10 09:36:27,482 autoreload File /usr/local/lib/python3.9/xml/__init__.py first seen with mtime 1719959277.0
DEBUG 2024-07-10 09:36:27,482 autoreload File /usr/local/lib/python3.9/site-packages/django/contrib/auth/models.py first seen with mtime 1720604143.119769
DEBUG 2024-07-10 09:36:27,482 autoreload File /usr/local/lib/python3.9/site.py first seen with mtime 1719959275.0
DEBUG 2024-07-10 09:36:27,483 autoreload File /usr/local/lib/python3.9/sre_parse.py first seen with mtime 1719959275.0
DEBUG 2024-07-10 09:36:27,483 autoreload File /usr/local/lib/python3.9/xml/dom/NodeFilter.py first seen with mtime 1719959277.0
DEBUG 2024-07-10 09:36:27,483 autoreload File /usr/local/lib/python3.9/quopri.py first seen with mtime 1719959275.0
DEBUG 2024-07-10 09:36:27,483 autoreload File /usr/local/lib/python3.9/site-packages/idna/core.py first seen with mtime 1720604138.533769
DEBUG 2024-07-10 09:36:27,484 autoreload File /usr/local/lib/python3.9/site-packages/click/types.py first seen with mtime 1720604138.663769
DEBUG 2024-07-10 09:36:27,484 autoreload File /usr/local/lib/python3.9/site-packages/drf_yasg/inspectors/base.py first seen with mtime 1720604145.302769
DEBUG 2024-07-10 09:36:27,484 autoreload File /usr/local/lib/python3.9/site-packages/django/templatetags/static.py first seen with mtime 1720604143.393769
DEBUG 2024-07-10 09:36:27,484 autoreload File /usr/local/lib/python3.9/site-packages/django/db/backends/__init__.py first seen with mtime 1720604143.361769
DEBUG 2024-07-10 09:36:27,485 autoreload File /usr/local/lib/python3.9/site-packages/django/utils/translation/trans_real.py first seen with mtime 1720604143.401769
DEBUG 2024-07-10 09:36:27,485 autoreload File /usr/local/lib/python3.9/site-packages/django/db/models/query_utils.py first seen with mtime 1720604143.374769
DEBUG 2024-07-10 09:36:27,485 autoreload File /usr/local/lib/python3.9/site-packages/django/contrib/messages/constants.py first seen with mtime 1720604143.254769
DEBUG 2024-07-10 09:36:27,485 autoreload File /usr/local/lib/python3.9/importlib/__init__.py first seen with mtime 1719959276.0
DEBUG 2024-07-10 09:36:27,486 utils (0.009) 
            SELECT
                table_name,
                table_type,
                table_comment
            FROM information_schema.tables
            WHERE table_schema = DATABASE()
            ; args=None; alias=default
DEBUG 2024-07-10 09:36:27,486 autoreload File /usr/local/lib/python3.9/site-packages/django/core/checks/urls.py first seen with mtime 1720604143.352769
DEBUG 2024-07-10 09:36:27,487 autoreload File /usr/local/lib/python3.9/site-packages/django/utils/regex_helper.py first seen with mtime 1720604143.399769
DEBUG 2024-07-10 09:36:27,487 autoreload File /usr/local/lib/python3.9/lib-dynload/_multibytecodec.cpython-39-aarch64-linux-gnu.so first seen with mtime 1719959269.0
DEBUG 2024-07-10 09:36:27,488 autoreload File /usr/local/lib/python3.9/site-packages/asgiref/current_thread_executor.py first seen with mtime 1720604139.033769
DEBUG 2024-07-10 09:36:27,489 autoreload File /usr/local/lib/python3.9/site-packages/django/urls/resolvers.py first seen with mtime 1720604143.396769
DEBUG 2024-07-10 09:36:27,489 autoreload File /usr/local/lib/python3.9/site-packages/django/utils/topological_sort.py first seen with mtime 1720604143.400769
DEBUG 2024-07-10 09:36:27,489 autoreload File /usr/local/lib/python3.9/site-packages/django/contrib/admin/views/autocomplete.py first seen with mtime 1720604143.091769
DEBUG 2024-07-10 09:36:27,490 autoreload File /usr/local/lib/python3.9/_collections_abc.py first seen with mtime 1719959275.0
DEBUG 2024-07-10 09:36:27,490 autoreload File /usr/local/lib/python3.9/site-packages/django/utils/formats.py first seen with mtime 1720604143.398769
DEBUG 2024-07-10 09:36:27,490 autoreload File /usr/local/lib/python3.9/typing.py first seen with mtime 1719959275.0
DEBUG 2024-07-10 09:36:27,490 autoreload File /usr/local/lib/python3.9/re.py first seen with mtime 1719959275.0
DEBUG 2024-07-10 09:36:27,490 autoreload File /usr/local/lib/python3.9/site-packages/psycopg2/extensions.py first seen with mtime 1720604136.698769
DEBUG 2024-07-10 09:36:27,491 autoreload File /usr/local/lib/python3.9/site-packages/yaml/reader.py first seen with mtime 1720604136.586769
DEBUG 2024-07-10 09:36:27,491 autoreload File /usr/local/lib/python3.9/site-packages/django/db/backends/mysql/introspection.py first seen with mtime 1720604143.364769
DEBUG 2024-07-10 09:36:27,491 autoreload File /usr/local/lib/python3.9/site-packages/django/core/servers/basehttp.py first seen with mtime 1720604143.361769
DEBUG 2024-07-10 09:36:27,491 autoreload File /usr/local/lib/python3.9/site-packages/charset_normalizer/api.py first seen with mtime 1720604138.709769
DEBUG 2024-07-10 09:36:27,492 autoreload File /usr/local/lib/python3.9/email/header.py first seen with mtime 1719959277.0
DEBUG 2024-07-10 09:36:27,492 autoreload File /usr/local/lib/python3.9/email/mime/__init__.py first seen with mtime 1719959277.0
DEBUG 2024-07-10 09:36:27,492 autoreload File /usr/local/lib/python3.9/linecache.py first seen with mtime 1719959275.0
DEBUG 2024-07-10 09:36:27,492 autoreload File /usr/local/lib/python3.9/site-packages/django/db/models/signals.py first seen with mtime 1720604143.374769
DEBUG 2024-07-10 09:36:27,493 autoreload File /usr/local/lib/python3.9/site-packages/sqlparse/sql.py first seen with mtime 1720604136.515769
DEBUG 2024-07-10 09:36:27,493 autoreload File /usr/local/lib/python3.9/site-packages/django/contrib/postgres/fields/utils.py first seen with mtime 1720604143.257769
DEBUG 2024-07-10 09:36:27,493 autoreload File /usr/local/lib/python3.9/site-packages/django/db/models/deletion.py first seen with mtime 1720604143.372769
DEBUG 2024-07-10 09:36:27,493 autoreload File /usr/local/lib/python3.9/abc.py first seen with mtime 1719959275.0
DEBUG 2024-07-10 09:36:27,494 autoreload File /usr/local/lib/python3.9/site-packages/django/template/backends/django.py first seen with mtime 1720604143.392769
DEBUG 2024-07-10 09:36:27,494 autoreload File /usr/local/lib/python3.9/textwrap.py first seen with mtime 1719959275.0
DEBUG 2024-07-10 09:36:27,494 autoreload File /usr/local/lib/python3.9/site-packages/jinja2/loaders.py first seen with mtime 1720604138.897769
DEBUG 2024-07-10 09:36:27,494 autoreload File /usr/local/lib/python3.9/site-packages/django/db/backends/mysql/creation.py first seen with mtime 1720604143.364769
DEBUG 2024-07-10 09:36:27,494 autoreload File /usr/local/lib/python3.9/site-packages/django/contrib/admin/filters.py first seen with mtime 1720604143.004769
DEBUG 2024-07-10 09:36:27,495 autoreload File /usr/local/lib/python3.9/site-packages/django/contrib/auth/checks.py first seen with mtime 1720604143.118769
DEBUG 2024-07-10 09:36:27,495 autoreload File /usr/local/lib/python3.9/site-packages/django/core/files/locks.py first seen with mtime 1720604143.353769
DEBUG 2024-07-10 09:36:27,495 autoreload File /usr/local/lib/python3.9/site-packages/django/core/signals.py first seen with mtime 1720604143.344769
DEBUG 2024-07-10 09:36:27,495 autoreload File /usr/local/lib/python3.9/site-packages/django/core/management/commands/__init__.py first seen with mtime 1720604143.357769
DEBUG 2024-07-10 09:36:27,496 autoreload File /usr/local/lib/python3.9/site-packages/jinja2/optimizer.py first seen with mtime 1720604138.897769
DEBUG 2024-07-10 09:36:27,496 autoreload File /usr/local/lib/python3.9/site-packages/urllib3/fields.py first seen with mtime 1720604136.374769
DEBUG 2024-07-10 09:36:27,496 autoreload File /usr/local/lib/python3.9/site-packages/django/template/context.py first seen with mtime 1720604143.390769
DEBUG 2024-07-10 09:36:27,496 autoreload File /usr/local/lib/python3.9/site-packages/click/_compat.py first seen with mtime 1720604138.660769
DEBUG 2024-07-10 09:36:27,496 autoreload File /usr/local/lib/python3.9/site-packages/django/forms/renderers.py first seen with mtime 1720604143.380769
DEBUG 2024-07-10 09:36:27,497 autoreload File /usr/local/lib/python3.9/site-packages/django/utils/html.py first seen with mtime 1720604143.398769
DEBUG 2024-07-10 09:36:27,497 autoreload File /usr/local/lib/python3.9/genericpath.py first seen with mtime 1719959275.0
DEBUG 2024-07-10 09:36:27,497 autoreload File /usr/local/lib/python3.9/ast.py first seen with mtime 1719959275.0
DEBUG 2024-07-10 09:36:27,497 autoreload File /usr/local/lib/python3.9/site-packages/rest_framework/schemas/generators.py first seen with mtime 1720604144.194769
DEBUG 2024-07-10 09:36:27,498 autoreload File /usr/local/lib/python3.9/site-packages/django/contrib/postgres/forms/__init__.py first seen with mtime 1720604143.258769
DEBUG 2024-07-10 09:36:27,498 utils (0.009) SELECT `django_migrations`.`id`, `django_migrations`.`app`, `django_migrations`.`name`, `django_migrations`.`applied` FROM `django_migrations`; args=(); alias=default
DEBUG 2024-07-10 09:36:27,498 autoreload File /usr/local/lib/python3.9/site-packages/coreschema/__init__.py first seen with mtime 1720604144.156769
DEBUG 2024-07-10 09:36:27,499 autoreload File /usr/local/lib/python3.9/site-packages/django/dispatch/__init__.py first seen with mtime 1720604143.378769
DEBUG 2024-07-10 09:36:27,500 autoreload File /usr/local/lib/python3.9/site-packages/yaml/parser.py first seen with mtime 1720604136.587769
DEBUG 2024-07-10 09:36:27,500 autoreload File /usr/local/lib/python3.9/site-packages/django/db/models/base.py first seen with mtime 1720604143.372769
DEBUG 2024-07-10 09:36:27,501 autoreload File /usr/local/lib/python3.9/site-packages/django/contrib/postgres/forms/ranges.py first seen with mtime 1720604143.258769
DEBUG 2024-07-10 09:36:27,501 autoreload File /usr/local/lib/python3.9/site-packages/coreapi/codecs/__init__.py first seen with mtime 1720604144.363769
DEBUG 2024-07-10 09:36:27,503 autoreload File /usr/local/lib/python3.9/site-packages/django/views/csrf.py first seen with mtime 1720604143.401769
DEBUG 2024-07-10 09:36:27,504 autoreload File /usr/local/lib/python3.9/site-packages/django/template/defaultfilters.py first seen with mtime 1720604143.390769
DEBUG 2024-07-10 09:36:27,504 autoreload File /usr/local/lib/python3.9/site-packages/requests/packages.py first seen with mtime 1720604138.827769
DEBUG 2024-07-10 09:36:27,505 autoreload File /usr/local/lib/python3.9/unittest/signals.py first seen with mtime 1719959277.0
DEBUG 2024-07-10 09:36:27,505 autoreload File /usr/local/lib/python3.9/hashlib.py first seen with mtime 1719959275.0
DEBUG 2024-07-10 09:36:27,505 autoreload File /usr/local/lib/python3.9/site-packages/django/db/utils.py first seen with mtime 1720604143.361769
DEBUG 2024-07-10 09:36:27,506 autoreload File /usr/local/lib/python3.9/pickle.py first seen with mtime 1719959275.0
DEBUG 2024-07-10 09:36:27,506 autoreload File /usr/local/lib/python3.9/site-packages/yaml/serializer.py first seen with mtime 1720604136.586769
DEBUG 2024-07-10 09:36:27,506 autoreload File /usr/local/lib/python3.9/csv.py first seen with mtime 1719959275.0
DEBUG 2024-07-10 09:36:27,507 autoreload File /usr/local/lib/python3.9/site-packages/django/contrib/admin/templatetags/__init__.py first seen with mtime 1720604143.090769
DEBUG 2024-07-10 09:36:27,507 autoreload File /usr/local/lib/python3.9/site-packages/django/contrib/postgres/fields/hstore.py first seen with mtime 1720604143.257769
DEBUG 2024-07-10 09:36:27,508 autoreload File /usr/local/lib/python3.9/site-packages/drf_yasg/utils.py first seen with mtime 1720604145.301769
DEBUG 2024-07-10 09:36:27,508 autoreload File /usr/local/lib/python3.9/site-packages/django/test/signals.py first seen with mtime 1720604143.394769
DEBUG 2024-07-10 09:36:27,508 autoreload File /usr/local/lib/python3.9/site-packages/django/templatetags/l10n.py first seen with mtime 1720604143.393769
DEBUG 2024-07-10 09:36:27,509 autoreload File /usr/local/lib/python3.9/http/client.py first seen with mtime 1719959277.0
DEBUG 2024-07-10 09:36:27,509 autoreload File /usr/local/lib/python3.9/site-packages/urllib3/response.py first seen with mtime 1720604136.374769
DEBUG 2024-07-10 09:36:27,509 autoreload File /usr/local/lib/python3.9/lib-dynload/pyexpat.cpython-39-aarch64-linux-gnu.so first seen with mtime 1719959269.0
DEBUG 2024-07-10 09:36:27,509 autoreload File /usr/local/lib/python3.9/site-packages/yaml/tokens.py first seen with mtime 1720604136.586769
DEBUG 2024-07-10 09:36:27,510 autoreload File /usr/local/lib/python3.9/site-packages/idna/idnadata.py first seen with mtime 1720604138.534769
DEBUG 2024-07-10 09:36:27,510 autoreload File /usr/local/lib/python3.9/site-packages/django/utils/deprecation.py first seen with mtime 1720604143.398769
DEBUG 2024-07-10 09:36:27,510 autoreload File /usr/local/lib/python3.9/site-packages/django/contrib/contenttypes/management/__init__.py first seen with mtime 1720604143.171769
DEBUG 2024-07-10 09:36:27,511 autoreload File /usr/local/lib/python3.9/site-packages/django/views/static.py first seen with mtime 1720604143.402769
DEBUG 2024-07-10 09:36:27,511 autoreload File /usr/local/lib/python3.9/site-packages/yaml/emitter.py first seen with mtime 1720604136.587769
DEBUG 2024-07-10 09:36:27,511 autoreload File /usr/local/lib/python3.9/lzma.py first seen with mtime 1719959275.0
DEBUG 2024-07-10 09:36:27,511 autoreload File /usr/local/lib/python3.9/site-packages/pkg_resources/_vendor/packaging/_typing.py first seen with mtime 1719989270.0
DEBUG 2024-07-10 09:36:27,512 autoreload File /usr/local/lib/python3.9/site-packages/django/template/response.py first seen with mtime 1720604143.391769
DEBUG 2024-07-10 09:36:27,512 autoreload File /usr/local/lib/python3.9/site-packages/django/db/migrations/__init__.py first seen with mtime 1720604143.368769
DEBUG 2024-07-10 09:36:27,512 autoreload File /usr/local/lib/python3.9/pprint.py first seen with mtime 1719959275.0
DEBUG 2024-07-10 09:36:27,513 autoreload File /usr/local/lib/python3.9/site-packages/asgiref/sync.py first seen with mtime 1720604139.034769
DEBUG 2024-07-10 09:36:27,513 autoreload File /usr/local/lib/python3.9/site-packages/django/contrib/postgres/validators.py first seen with mtime 1720604143.256769
DEBUG 2024-07-10 09:36:27,513 autoreload File /usr/local/lib/python3.9/site-packages/rest_framework/schemas/openapi.py first seen with mtime 1720604144.194769
DEBUG 2024-07-10 09:36:27,514 autoreload File /usr/local/lib/python3.9/site-packages/rest_framework/renderers.py first seen with mtime 1720604144.180769
DEBUG 2024-07-10 09:36:27,514 autoreload File /usr/local/lib/python3.9/site-packages/django/db/backends/base/client.py first seen with mtime 1720604143.3627691
DEBUG 2024-07-10 09:36:27,514 autoreload File /usr/local/lib/python3.9/site-packages/coreschema/encodings/html.py first seen with mtime 1720604144.157769
DEBUG 2024-07-10 09:36:27,514 autoreload File /usr/local/lib/python3.9/asyncio/sslproto.py first seen with mtime 1719959277.0
DEBUG 2024-07-10 09:36:27,514 autoreload File /usr/local/lib/python3.9/uu.py first seen with mtime 1719959275.0
DEBUG 2024-07-10 09:36:27,515 autoreload File /usr/local/lib/python3.9/concurrent/futures/__init__.py first seen with mtime 1719959277.0
DEBUG 2024-07-10 09:36:27,515 autoreload File /usr/local/lib/python3.9/site-packages/click/exceptions.py first seen with mtime 1720604138.662769
DEBUG 2024-07-10 09:36:27,515 autoreload File /usr/local/lib/python3.9/site-packages/django/contrib/messages/storage/__init__.py first seen with mtime 1720604143.255769
DEBUG 2024-07-10 09:36:27,515 autoreload File /usr/local/lib/python3.9/site-packages/django/db/backends/signals.py first seen with mtime 1720604143.361769
DEBUG 2024-07-10 09:36:27,516 autoreload File /usr/local/lib/python3.9/html/parser.py first seen with mtime 1719959277.0
DEBUG 2024-07-10 09:36:27,516 autoreload File /usr/local/lib/python3.9/site-packages/rest_framework/utils/mediatypes.py first seen with mtime 1720604144.2147691
DEBUG 2024-07-10 09:36:27,516 autoreload File /usr/local/lib/python3.9/html/entities.py first seen with mtime 1719959277.0
DEBUG 2024-07-10 09:36:27,516 autoreload File /usr/local/lib/python3.9/site-packages/rest_framework_simplejwt/utils.py first seen with mtime 1720604145.410769
DEBUG 2024-07-10 09:36:27,517 autoreload File /usr/local/lib/python3.9/lib-dynload/_csv.cpython-39-aarch64-linux-gnu.so first seen with mtime 1719959266.0
DEBUG 2024-07-10 09:36:27,517 autoreload File /usr/local/lib/python3.9/site-packages/django/contrib/auth/__init__.py first seen with mtime 1720604143.118769
DEBUG 2024-07-10 09:36:27,517 autoreload File /usr/local/lib/python3.9/site-packages/markupsafe/__init__.py first seen with mtime 1720604138.521769
DEBUG 2024-07-10 09:36:27,517 autoreload File /usr/local/lib/python3.9/wsgiref/headers.py first seen with mtime 1719959277.0
DEBUG 2024-07-10 09:36:27,518 autoreload File /usr/local/lib/python3.9/concurrent/futures/thread.py first seen with mtime 1719959277.0
DEBUG 2024-07-10 09:36:27,518 autoreload File /usr/local/lib/python3.9/xml/dom/minicompat.py first seen with mtime 1719959277.0
DEBUG 2024-07-10 09:36:27,518 autoreload File /usr/local/lib/python3.9/asyncio/runners.py first seen with mtime 1719959277.0
DEBUG 2024-07-10 09:36:27,518 autoreload File /usr/local/lib/python3.9/site-packages/django/utils/cache.py first seen with mtime 1720604143.397769
DEBUG 2024-07-10 09:36:27,518 autoreload File /usr/local/lib/python3.9/site-packages/django/forms/formsets.py first seen with mtime 1720604143.380769
DEBUG 2024-07-10 09:36:27,519 autoreload File /usr/local/lib/python3.9/site-packages/django/contrib/contenttypes/forms.py first seen with mtime 1720604143.150769
DEBUG 2024-07-10 09:36:27,519 autoreload File /usr/local/lib/python3.9/site-packages/django/views/decorators/__init__.py first seen with mtime 1720604143.402769
DEBUG 2024-07-10 09:36:27,519 autoreload File /usr/local/lib/python3.9/site-packages/django/core/paginator.py first seen with mtime 1720604143.344769
DEBUG 2024-07-10 09:36:27,519 autoreload File /usr/local/lib/python3.9/collections/abc.py first seen with mtime 1719959277.0
DEBUG 2024-07-10 09:36:27,520 autoreload File /usr/local/lib/python3.9/configparser.py first seen with mtime 1719959275.0
DEBUG 2024-07-10 09:36:27,520 autoreload File /usr/local/lib/python3.9/site-packages/django/urls/base.py first seen with mtime 1720604143.3957691
DEBUG 2024-07-10 09:36:27,520 autoreload File /usr/local/lib/python3.9/site-packages/django/contrib/messages/__init__.py first seen with mtime 1720604143.254769
DEBUG 2024-07-10 09:36:27,520 autoreload File /usr/local/lib/python3.9/site-packages/coreapi/codecs/display.py first seen with mtime 1720604144.363769
DEBUG 2024-07-10 09:36:27,520 autoreload File /usr/local/lib/python3.9/site-packages/django/utils/__init__.py first seen with mtime 1720604143.396769
DEBUG 2024-07-10 09:36:27,521 autoreload File /usr/local/lib/python3.9/_sitebuiltins.py first seen with mtime 1719959275.0
DEBUG 2024-07-10 09:36:27,521 autoreload File /usr/local/lib/python3.9/site-packages/django/contrib/auth/decorators.py first seen with mtime 1720604143.119769
DEBUG 2024-07-10 09:36:27,521 autoreload File /usr/local/lib/python3.9/site-packages/coreschema/schemas.py first seen with mtime 1720604144.156769
DEBUG 2024-07-10 09:36:27,521 autoreload File /usr/local/lib/python3.9/site-packages/django/middleware/csrf.py first seen with mtime 1720604143.389769
DEBUG 2024-07-10 09:36:27,522 autoreload File /usr/local/lib/python3.9/site-packages/django/template/base.py first seen with mtime 1720604143.390769
DEBUG 2024-07-10 09:36:27,522 autoreload File /usr/local/lib/python3.9/site-packages/pytz/__init__.py first seen with mtime 1720604136.249769
DEBUG 2024-07-10 09:36:27,522 autoreload File /usr/local/lib/python3.9/site-packages/django/db/backends/mysql/__init__.py first seen with mtime 1720604143.363769
DEBUG 2024-07-10 09:36:27,522 autoreload File /usr/local/lib/python3.9/lib-dynload/_ssl.cpython-39-aarch64-linux-gnu.so first seen with mtime 1719959268.0
DEBUG 2024-07-10 09:36:27,523 autoreload File /usr/local/lib/python3.9/site-packages/django/contrib/admin/helpers.py first seen with mtime 1720604143.005769
DEBUG 2024-07-10 09:36:27,523 autoreload File /usr/local/lib/python3.9/site-packages/django/db/models/constraints.py first seen with mtime 1720604143.372769
DEBUG 2024-07-10 09:36:27,523 autoreload File /usr/local/lib/python3.9/site-packages/django/dispatch/dispatcher.py first seen with mtime 1720604143.379769
DEBUG 2024-07-10 09:36:27,523 autoreload File /usr/local/lib/python3.9/site-packages/django/utils/duration.py first seen with mtime 1720604143.398769
DEBUG 2024-07-10 09:36:27,523 autoreload File /usr/local/lib/python3.9/site-packages/django/contrib/staticfiles/utils.py first seen with mtime 1720604143.343769
DEBUG 2024-07-10 09:36:27,524 autoreload File /usr/local/lib/python3.9/site-packages/asgiref/local.py first seen with mtime 1720604139.034769
DEBUG 2024-07-10 09:36:27,524 autoreload File /usr/local/lib/python3.9/site-packages/charset_normalizer/md__mypyc.cpython-39-aarch64-linux-gnu.so first seen with mtime 1720604138.707769
DEBUG 2024-07-10 09:36:27,524 autoreload File /usr/local/lib/python3.9/site-packages/django/core/files/base.py first seen with mtime 1720604143.353769
DEBUG 2024-07-10 09:36:27,524 autoreload File /usr/local/lib/python3.9/lib-dynload/_lzma.cpython-39-aarch64-linux-gnu.so first seen with mtime 1719959269.0
DEBUG 2024-07-10 09:36:27,525 autoreload File /usr/local/lib/python3.9/site-packages/django/utils/decorators.py first seen with mtime 1720604143.397769
DEBUG 2024-07-10 09:36:27,525 autoreload File /usr/local/lib/python3.9/site-packages/django/contrib/messages/middleware.py first seen with mtime 1720604143.254769
DEBUG 2024-07-10 09:36:27,525 autoreload File /usr/local/lib/python3.9/lib-dynload/_random.cpython-39-aarch64-linux-gnu.so first seen with mtime 1719959265.0
DEBUG 2024-07-10 09:36:27,525 autoreload File /usr/local/lib/python3.9/site-packages/django/contrib/staticfiles/management/commands/runserver.py first seen with mtime 1720604143.343769
DEBUG 2024-07-10 09:36:27,526 autoreload File /usr/local/lib/python3.9/site-packages/jinja2/compiler.py first seen with mtime 1720604138.8957691
DEBUG 2024-07-10 09:36:27,526 autoreload File /usr/local/lib/python3.9/site-packages/django/core/__init__.py first seen with mtime 1720604143.344769
DEBUG 2024-07-10 09:36:27,526 autoreload File /usr/local/lib/python3.9/site-packages/django/core/serializers/base.py first seen with mtime 1720604143.360769
DEBUG 2024-07-10 09:36:27,527 autoreload File /usr/local/lib/python3.9/site-packages/django/urls/conf.py first seen with mtime 1720604143.3957691
DEBUG 2024-07-10 09:36:27,527 autoreload File /usr/local/lib/python3.9/site-packages/typing_extensions.py first seen with mtime 1720604136.498769
DEBUG 2024-07-10 09:36:27,527 autoreload File /usr/local/lib/python3.9/encodings/idna.py first seen with mtime 1719959277.0
DEBUG 2024-07-10 09:36:27,527 autoreload File /usr/local/lib/python3.9/site-packages/django/apps/registry.py first seen with mtime 1720604142.9417691
DEBUG 2024-07-10 09:36:27,528 autoreload File /usr/local/lib/python3.9/site-packages/django/forms/forms.py first seen with mtime 1720604143.379769
DEBUG 2024-07-10 09:36:27,528 autoreload File /usr/local/lib/python3.9/site-packages/psycopg2/_psycopg.cpython-39-aarch64-linux-gnu.so first seen with mtime 1720604136.700769
DEBUG 2024-07-10 09:36:27,528 autoreload File /usr/local/lib/python3.9/xml/dom/minidom.py first seen with mtime 1719959277.0
DEBUG 2024-07-10 09:36:27,529 autoreload File /usr/local/lib/python3.9/site-packages/urllib3/poolmanager.py first seen with mtime 1720604136.374769
DEBUG 2024-07-10 09:36:27,529 autoreload File /usr/local/lib/python3.9/site-packages/coreschema/encodings/__init__.py first seen with mtime 1720604144.157769
DEBUG 2024-07-10 09:36:27,529 autoreload File /usr/local/lib/python3.9/site-packages/django/core/mail/__init__.py first seen with mtime 1720604143.355769
DEBUG 2024-07-10 09:36:27,529 autoreload File /usr/local/lib/python3.9/lib-dynload/_zoneinfo.cpython-39-aarch64-linux-gnu.so first seen with mtime 1719959265.0
DEBUG 2024-07-10 09:36:27,530 autoreload File /usr/local/lib/python3.9/site-packages/sqlparse/filters/reindent.py first seen with mtime 1720604136.516769
DEBUG 2024-07-10 09:36:27,530 autoreload File /usr/local/lib/python3.9/signal.py first seen with mtime 1719959275.0
DEBUG 2024-07-10 09:36:27,530 autoreload File /usr/local/lib/python3.9/site-packages/psycopg2/_range.py first seen with mtime 1720604136.701769
DEBUG 2024-07-10 09:36:27,530 autoreload File /usr/local/lib/python3.9/site-packages/coreapi/compat.py first seen with mtime 1720604144.3627691
DEBUG 2024-07-10 09:36:27,531 autoreload File /usr/local/lib/python3.9/email/contentmanager.py first seen with mtime 1719959277.0
DEBUG 2024-07-10 09:36:27,531 autoreload File /usr/local/lib/python3.9/secrets.py first seen with mtime 1719959275.0
DEBUG 2024-07-10 09:36:27,531 autoreload File /usr/local/lib/python3.9/site-packages/pytz/tzfile.py first seen with mtime 1720604136.250769
DEBUG 2024-07-10 09:36:27,532 autoreload File /usr/local/lib/python3.9/site-packages/django/db/backends/base/validation.py first seen with mtime 1720604143.363769
DEBUG 2024-07-10 09:36:27,532 autoreload File /usr/local/lib/python3.9/site-packages/django/core/handlers/base.py first seen with mtime 1720604143.354769
DEBUG 2024-07-10 09:36:27,532 autoreload File /usr/local/lib/python3.9/site-packages/drf_yasg/views.py first seen with mtime 1720604145.301769
DEBUG 2024-07-10 09:36:27,532 autoreload File /usr/local/lib/python3.9/site-packages/django/core/files/utils.py first seen with mtime 1720604143.353769
DEBUG 2024-07-10 09:36:27,533 autoreload File /usr/local/lib/python3.9/site-packages/django/views/debug.py first seen with mtime 1720604143.401769
DEBUG 2024-07-10 09:36:27,533 autoreload File /usr/local/lib/python3.9/email/base64mime.py first seen with mtime 1719959277.0
DEBUG 2024-07-10 09:36:27,533 autoreload File /usr/local/lib/python3.9/email/iterators.py first seen with mtime 1719959277.0
DEBUG 2024-07-10 09:36:27,533 autoreload File /usr/local/lib/python3.9/json/encoder.py first seen with mtime 1719959277.0
DEBUG 2024-07-10 09:36:27,534 autoreload File /usr/local/lib/python3.9/site-packages/rest_framework_simplejwt/models.py first seen with mtime 1720604145.410769
DEBUG 2024-07-10 09:36:27,534 autoreload File /usr/local/lib/python3.9/site-packages/rest_framework/parsers.py first seen with mtime 1720604144.180769
DEBUG 2024-07-10 09:36:27,534 autoreload File /usr/local/lib/python3.9/ntpath.py first seen with mtime 1719959275.0
DEBUG 2024-07-10 09:36:27,534 autoreload File /usr/local/lib/python3.9/site-packages/django/views/decorators/common.py first seen with mtime 1720604143.402769
DEBUG 2024-07-10 09:36:27,535 autoreload File /usr/local/lib/python3.9/site-packages/yaml/error.py first seen with mtime 1720604136.587769
DEBUG 2024-07-10 09:36:27,535 autoreload File /usr/local/lib/python3.9/__future__.py first seen with mtime 1719959275.0
DEBUG 2024-07-10 09:36:27,535 autoreload File /usr/local/lib/python3.9/site-packages/click/parser.py first seen with mtime 1720604138.662769
DEBUG 2024-07-10 09:36:27,535 autoreload File /usr/local/lib/python3.9/site-packages/django/apps/__init__.py first seen with mtime 1720604142.9417691
DEBUG 2024-07-10 09:36:27,536 autoreload File /usr/local/lib/python3.9/site-packages/django/forms/utils.py first seen with mtime 1720604143.380769
DEBUG 2024-07-10 09:36:27,536 autoreload File /usr/local/lib/python3.9/site-packages/requests/status_codes.py first seen with mtime 1720604138.828769
DEBUG 2024-07-10 09:36:27,536 autoreload File /usr/local/lib/python3.9/decimal.py first seen with mtime 1719959275.0
DEBUG 2024-07-10 09:36:27,536 autoreload File /usr/local/lib/python3.9/site-packages/django/db/models/fields/json.py first seen with mtime 1720604143.375769
DEBUG 2024-07-10 09:36:27,536 autoreload File /usr/local/lib/python3.9/site-packages/psycopg2/_ipaddress.py first seen with mtime 1720604136.701769
DEBUG 2024-07-10 09:36:27,537 autoreload File /usr/local/lib/python3.9/site-packages/django/contrib/admin/views/__init__.py first seen with mtime 1720604143.091769
DEBUG 2024-07-10 09:36:27,537 autoreload File /usr/local/lib/python3.9/site-packages/django/core/handlers/wsgi.py first seen with mtime 1720604143.355769
DEBUG 2024-07-10 09:36:27,537 autoreload File /usr/local/lib/python3.9/site-packages/urllib3/util/ssl_match_hostname.py first seen with mtime 1720604136.376769
DEBUG 2024-07-10 09:36:27,537 autoreload File /usr/local/lib/python3.9/site-packages/django/db/models/fields/related_descriptors.py first seen with mtime 1720604143.376769
DEBUG 2024-07-10 09:36:27,538 autoreload File /usr/local/lib/python3.9/copy.py first seen with mtime 1719959275.0
DEBUG 2024-07-10 09:36:27,538 autoreload File /usr/local/lib/python3.9/site-packages/django/template/backends/base.py first seen with mtime 1720604143.392769
DEBUG 2024-07-10 09:36:27,538 autoreload File /usr/local/lib/python3.9/site-packages/django/contrib/messages/api.py first seen with mtime 1720604143.254769
DEBUG 2024-07-10 09:36:27,538 autoreload File /usr/local/lib/python3.9/site-packages/sqlparse/filters/aligned_indent.py first seen with mtime 1720604136.516769
DEBUG 2024-07-10 09:36:27,539 autoreload File /usr/local/lib/python3.9/importlib/machinery.py first seen with mtime 1719959276.0
DEBUG 2024-07-10 09:36:27,539 autoreload File /usr/local/lib/python3.9/site-packages/yaml/nodes.py first seen with mtime 1720604136.586769
DEBUG 2024-07-10 09:36:27,539 autoreload File /usr/local/lib/python3.9/lib-dynload/_datetime.cpython-39-aarch64-linux-gnu.so first seen with mtime 1719959266.0
DEBUG 2024-07-10 09:36:27,539 autoreload File /usr/local/lib/python3.9/site-packages/idna/__init__.py first seen with mtime 1720604138.533769
DEBUG 2024-07-10 09:36:27,540 autoreload File /usr/local/lib/python3.9/site-packages/django/db/migrations/migration.py first seen with mtime 1720604143.369769
DEBUG 2024-07-10 09:36:27,540 autoreload File /usr/local/lib/python3.9/site-packages/django/db/models/fields/files.py first seen with mtime 1720604143.375769
DEBUG 2024-07-10 09:36:27,540 autoreload File /usr/local/lib/python3.9/site-packages/django/core/files/storage/memory.py first seen with mtime 1720604143.354769
DEBUG 2024-07-10 09:36:27,540 autoreload File /usr/local/lib/python3.9/site-packages/django/contrib/postgres/fields/__init__.py first seen with mtime 1720604143.257769
DEBUG 2024-07-10 09:36:27,541 autoreload File /usr/local/lib/python3.9/site-packages/django/contrib/auth/apps.py first seen with mtime 1720604143.118769
DEBUG 2024-07-10 09:36:27,541 autoreload File /usr/local/lib/python3.9/site-packages/jinja2/defaults.py first seen with mtime 1720604138.8957691
DEBUG 2024-07-10 09:36:27,541 autoreload File /usr/local/lib/python3.9/site-packages/django/db/models/options.py first seen with mtime 1720604143.373769
DEBUG 2024-07-10 09:36:27,541 autoreload File /usr/local/lib/python3.9/site-packages/urllib3/util/__init__.py first seen with mtime 1720604136.375769
DEBUG 2024-07-10 09:36:27,541 autoreload File /usr/local/lib/python3.9/site-packages/django/contrib/postgres/lookups.py first seen with mtime 1720604143.256769
DEBUG 2024-07-10 09:36:27,542 autoreload File /usr/local/lib/python3.9/site-packages/rest_framework/utils/field_mapping.py first seen with mtime 1720604144.213769
DEBUG 2024-07-10 09:36:27,542 autoreload File /usr/local/lib/python3.9/site-packages/pytz/lazy.py first seen with mtime 1720604136.249769
DEBUG 2024-07-10 09:36:27,542 autoreload File /usr/local/lib/python3.9/site-packages/django/contrib/postgres/fields/ranges.py first seen with mtime 1720604143.257769
DEBUG 2024-07-10 09:36:27,542 autoreload File /usr/local/lib/python3.9/site-packages/django/utils/autoreload.py first seen with mtime 1720604143.396769
DEBUG 2024-07-10 09:36:27,543 autoreload File /usr/local/lib/python3.9/site-packages/django/contrib/admin/views/decorators.py first seen with mtime 1720604143.091769
DEBUG 2024-07-10 09:36:27,543 autoreload File /usr/local/lib/python3.9/site-packages/django/utils/timezone.py first seen with mtime 1720604143.400769
DEBUG 2024-07-10 09:36:27,543 autoreload File /usr/local/lib/python3.9/lib-dynload/zlib.cpython-39-aarch64-linux-gnu.so first seen with mtime 1719959268.0
DEBUG 2024-07-10 09:36:27,543 autoreload File /usr/local/lib/python3.9/site-packages/django/db/backends/base/creation.py first seen with mtime 1720604143.3627691
DEBUG 2024-07-10 09:36:27,544 autoreload File /usr/local/lib/python3.9/site-packages/rest_framework/utils/serializer_helpers.py first seen with mtime 1720604144.2147691
DEBUG 2024-07-10 09:36:27,544 autoreload File /usr/local/lib/python3.9/site-packages/django/utils/inspect.py first seen with mtime 1720604143.399769
DEBUG 2024-07-10 09:36:27,544 autoreload File /usr/local/lib/python3.9/site-packages/django/contrib/contenttypes/models.py first seen with mtime 1720604143.150769
DEBUG 2024-07-10 09:36:27,544 autoreload File /usr/local/lib/python3.9/site-packages/rest_framework/serializers.py first seen with mtime 1720604144.181769
DEBUG 2024-07-10 09:36:27,544 autoreload File /usr/local/lib/python3.9/site-packages/django/core/management/base.py first seen with mtime 1720604143.356769
DEBUG 2024-07-10 09:36:27,545 autoreload File /usr/local/lib/python3.9/asyncio/selector_events.py first seen with mtime 1719959277.0
DEBUG 2024-07-10 09:36:27,545 autoreload File /usr/local/lib/python3.9/site-packages/django/contrib/messages/apps.py first seen with mtime 1720604143.254769
DEBUG 2024-07-10 09:36:27,545 autoreload File /usr/local/lib/python3.9/site-packages/django/conf/__init__.py first seen with mtime 1720604142.9417691
DEBUG 2024-07-10 09:36:27,545 autoreload File /usr/local/lib/python3.9/email/parser.py first seen with mtime 1719959277.0
DEBUG 2024-07-10 09:36:27,546 autoreload File /usr/local/lib/python3.9/site-packages/django/contrib/postgres/search.py first seen with mtime 1720604143.256769
DEBUG 2024-07-10 09:36:27,546 autoreload File /usr/local/lib/python3.9/_markupbase.py first seen with mtime 1719959275.0
DEBUG 2024-07-10 09:36:27,546 autoreload File /usr/local/lib/python3.9/site-packages/drf_yasg/inspectors/field.py first seen with mtime 1720604145.302769
DEBUG 2024-07-10 09:36:27,547 autoreload File /usr/local/lib/python3.9/site-packages/django/contrib/admin/widgets.py first seen with mtime 1720604143.006769
DEBUG 2024-07-10 09:36:27,547 autoreload File /usr/local/lib/python3.9/site-packages/rest_framework/templates/rest_framework first seen with mtime 1720604144.212769
DEBUG 2024-07-10 09:36:27,548 autoreload File /usr/local/lib/python3.9/site-packages/rest_framework/templates/rest_framework/raw_data_form.html first seen with mtime 1720604144.208769
DEBUG 2024-07-10 09:36:27,548 autoreload File /usr/local/lib/python3.9/site-packages/rest_framework/templates/rest_framework/docs first seen with mtime 1720604144.209769
DEBUG 2024-07-10 09:36:27,548 autoreload File /usr/local/lib/python3.9/site-packages/rest_framework/templates/rest_framework/admin first seen with mtime 1720604144.208769
DEBUG 2024-07-10 09:36:27,548 autoreload File /usr/local/lib/python3.9/site-packages/rest_framework/templates/rest_framework/schema.js first seen with mtime 1720604144.208769
DEBUG 2024-07-10 09:36:27,549 autoreload File /usr/local/lib/python3.9/site-packages/rest_framework/templates/rest_framework/api.html first seen with mtime 1720604144.207769
DEBUG 2024-07-10 09:36:27,549 autoreload File /usr/local/lib/python3.9/site-packages/rest_framework/templates/rest_framework/admin.html first seen with mtime 1720604144.207769
DEBUG 2024-07-10 09:36:27,549 autoreload File /usr/local/lib/python3.9/site-packages/rest_framework/templates/rest_framework/vertical first seen with mtime 1720604144.213769
DEBUG 2024-07-10 09:36:27,549 autoreload File /usr/local/lib/python3.9/site-packages/rest_framework/templates/rest_framework/login_base.html first seen with mtime 1720604144.208769
DEBUG 2024-07-10 09:36:27,550 autoreload File /usr/local/lib/python3.9/site-packages/rest_framework/templates/rest_framework/pagination first seen with mtime 1720604144.212769
DEBUG 2024-07-10 09:36:27,550 autoreload File /usr/local/lib/python3.9/site-packages/rest_framework/templates/rest_framework/base.html first seen with mtime 1720604144.207769
DEBUG 2024-07-10 09:36:27,550 autoreload File /usr/local/lib/python3.9/site-packages/rest_framework/templates/rest_framework/login.html first seen with mtime 1720604144.207769
DEBUG 2024-07-10 09:36:27,551 autoreload File /usr/local/lib/python3.9/site-packages/rest_framework/templates/rest_framework/horizontal first seen with mtime 1720604144.211769
DEBUG 2024-07-10 09:36:27,551 autoreload File /usr/local/lib/python3.9/site-packages/rest_framework/templates/rest_framework/filters first seen with mtime 1720604144.210769
DEBUG 2024-07-10 09:36:27,551 autoreload File /usr/local/lib/python3.9/site-packages/rest_framework/templates/rest_framework/inline first seen with mtime 1720604144.212769
DEBUG 2024-07-10 09:36:27,551 autoreload File /usr/local/lib/python3.9/site-packages/rest_framework/templates/rest_framework/docs/langs first seen with mtime 1720604144.209769
DEBUG 2024-07-10 09:36:27,552 autoreload File /usr/local/lib/python3.9/site-packages/rest_framework/templates/rest_framework/docs/link.html first seen with mtime 1720604144.209769
DEBUG 2024-07-10 09:36:27,552 autoreload File /usr/local/lib/python3.9/site-packages/rest_framework/templates/rest_framework/docs/index.html first seen with mtime 1720604144.208769
DEBUG 2024-07-10 09:36:27,552 autoreload File /usr/local/lib/python3.9/site-packages/rest_framework/templates/rest_framework/docs/document.html first seen with mtime 1720604144.208769
DEBUG 2024-07-10 09:36:27,552 autoreload File /usr/local/lib/python3.9/site-packages/rest_framework/templates/rest_framework/docs/sidebar.html first seen with mtime 1720604144.209769
DEBUG 2024-07-10 09:36:27,553 autoreload File /usr/local/lib/python3.9/site-packages/rest_framework/templates/rest_framework/docs/interact.html first seen with mtime 1720604144.208769
DEBUG 2024-07-10 09:36:27,553 autoreload File /usr/local/lib/python3.9/site-packages/rest_framework/templates/rest_framework/docs/auth first seen with mtime 1720604144.209769
DEBUG 2024-07-10 09:36:27,553 autoreload File /usr/local/lib/python3.9/site-packages/rest_framework/templates/rest_framework/docs/error.html first seen with mtime 1720604144.208769
DEBUG 2024-07-10 09:36:27,553 autoreload File /usr/local/lib/python3.9/site-packages/rest_framework/templates/rest_framework/docs/langs/shell.html first seen with mtime 1720604144.209769
DEBUG 2024-07-10 09:36:27,554 autoreload File /usr/local/lib/python3.9/site-packages/rest_framework/templates/rest_framework/docs/langs/python.html first seen with mtime 1720604144.209769
DEBUG 2024-07-10 09:36:27,554 autoreload File /usr/local/lib/python3.9/site-packages/rest_framework/templates/rest_framework/docs/langs/shell-intro.html first seen with mtime 1720604144.209769
DEBUG 2024-07-10 09:36:27,554 autoreload File /usr/local/lib/python3.9/site-packages/rest_framework/templates/rest_framework/docs/langs/python-intro.html first seen with mtime 1720604144.209769
DEBUG 2024-07-10 09:36:27,554 autoreload File /usr/local/lib/python3.9/site-packages/rest_framework/templates/rest_framework/docs/langs/javascript.html first seen with mtime 1720604144.209769
DEBUG 2024-07-10 09:36:27,555 autoreload File /usr/local/lib/python3.9/site-packages/rest_framework/templates/rest_framework/docs/langs/javascript-intro.html first seen with mtime 1720604144.209769
DEBUG 2024-07-10 09:36:27,555 autoreload File /usr/local/lib/python3.9/site-packages/rest_framework/templates/rest_framework/docs/auth/token.html first seen with mtime 1720604144.209769
DEBUG 2024-07-10 09:36:27,555 autoreload File /usr/local/lib/python3.9/site-packages/rest_framework/templates/rest_framework/docs/auth/basic.html first seen with mtime 1720604144.209769
DEBUG 2024-07-10 09:36:27,555 autoreload File /usr/local/lib/python3.9/site-packages/rest_framework/templates/rest_framework/docs/auth/session.html first seen with mtime 1720604144.209769
DEBUG 2024-07-10 09:36:27,556 autoreload File /usr/local/lib/python3.9/site-packages/rest_framework/templates/rest_framework/admin/list.html first seen with mtime 1720604144.208769
DEBUG 2024-07-10 09:36:27,556 autoreload File /usr/local/lib/python3.9/site-packages/rest_framework/templates/rest_framework/admin/detail.html first seen with mtime 1720604144.208769
DEBUG 2024-07-10 09:36:27,556 autoreload File /usr/local/lib/python3.9/site-packages/rest_framework/templates/rest_framework/admin/list_value.html first seen with mtime 1720604144.208769
DEBUG 2024-07-10 09:36:27,556 autoreload File /usr/local/lib/python3.9/site-packages/rest_framework/templates/rest_framework/admin/dict_value.html first seen with mtime 1720604144.208769
DEBUG 2024-07-10 09:36:27,557 autoreload File /usr/local/lib/python3.9/site-packages/rest_framework/templates/rest_framework/admin/simple_list_value.html first seen with mtime 1720604144.208769
DEBUG 2024-07-10 09:36:27,557 autoreload File /usr/local/lib/python3.9/site-packages/rest_framework/templates/rest_framework/vertical/fieldset.html first seen with mtime 1720604144.212769
DEBUG 2024-07-10 09:36:27,557 autoreload File /usr/local/lib/python3.9/site-packages/rest_framework/templates/rest_framework/vertical/radio.html first seen with mtime 1720604144.213769
DEBUG 2024-07-10 09:36:27,557 autoreload File /usr/local/lib/python3.9/site-packages/rest_framework/templates/rest_framework/vertical/select.html first seen with mtime 1720604144.213769
DEBUG 2024-07-10 09:36:27,558 autoreload File /usr/local/lib/python3.9/site-packages/rest_framework/templates/rest_framework/vertical/dict_field.html first seen with mtime 1720604144.212769
DEBUG 2024-07-10 09:36:27,558 autoreload File /usr/local/lib/python3.9/site-packages/rest_framework/templates/rest_framework/vertical/list_field.html first seen with mtime 1720604144.212769
DEBUG 2024-07-10 09:36:27,558 autoreload File /usr/local/lib/python3.9/site-packages/rest_framework/templates/rest_framework/vertical/checkbox.html first seen with mtime 1720604144.212769
DEBUG 2024-07-10 09:36:27,558 autoreload File /usr/local/lib/python3.9/site-packages/rest_framework/templates/rest_framework/vertical/textarea.html first seen with mtime 1720604144.213769
DEBUG 2024-07-10 09:36:27,559 autoreload File /usr/local/lib/python3.9/site-packages/rest_framework/templates/rest_framework/vertical/checkbox_multiple.html first seen with mtime 1720604144.212769
DEBUG 2024-07-10 09:36:27,559 autoreload File /usr/local/lib/python3.9/site-packages/rest_framework/templates/rest_framework/vertical/form.html first seen with mtime 1720604144.212769
DEBUG 2024-07-10 09:36:27,559 autoreload File /usr/local/lib/python3.9/site-packages/rest_framework/templates/rest_framework/vertical/list_fieldset.html first seen with mtime 1720604144.212769
DEBUG 2024-07-10 09:36:27,559 autoreload File /usr/local/lib/python3.9/site-packages/rest_framework/templates/rest_framework/vertical/select_multiple.html first seen with mtime 1720604144.213769
DEBUG 2024-07-10 09:36:27,560 autoreload File /usr/local/lib/python3.9/site-packages/rest_framework/templates/rest_framework/vertical/input.html first seen with mtime 1720604144.212769
DEBUG 2024-07-10 09:36:27,560 autoreload File /usr/local/lib/python3.9/site-packages/rest_framework/templates/rest_framework/pagination/numbers.html first seen with mtime 1720604144.212769
DEBUG 2024-07-10 09:36:27,560 autoreload File /usr/local/lib/python3.9/site-packages/rest_framework/templates/rest_framework/pagination/previous_and_next.html first seen with mtime 1720604144.212769
DEBUG 2024-07-10 09:36:27,560 autoreload File /usr/local/lib/python3.9/site-packages/rest_framework/templates/rest_framework/horizontal/fieldset.html first seen with mtime 1720604144.210769
DEBUG 2024-07-10 09:36:27,561 autoreload File /usr/local/lib/python3.9/site-packages/rest_framework/templates/rest_framework/horizontal/radio.html first seen with mtime 1720604144.210769
DEBUG 2024-07-10 09:36:27,561 autoreload File /usr/local/lib/python3.9/site-packages/rest_framework/templates/rest_framework/horizontal/select.html first seen with mtime 1720604144.210769
DEBUG 2024-07-10 09:36:27,561 autoreload File /usr/local/lib/python3.9/site-packages/rest_framework/templates/rest_framework/horizontal/dict_field.html first seen with mtime 1720604144.210769
DEBUG 2024-07-10 09:36:27,561 autoreload File /usr/local/lib/python3.9/site-packages/rest_framework/templates/rest_framework/horizontal/list_field.html first seen with mtime 1720604144.210769
DEBUG 2024-07-10 09:36:27,561 autoreload File /usr/local/lib/python3.9/site-packages/rest_framework/templates/rest_framework/horizontal/checkbox.html first seen with mtime 1720604144.210769
DEBUG 2024-07-10 09:36:27,562 autoreload File /usr/local/lib/python3.9/site-packages/rest_framework/templates/rest_framework/horizontal/textarea.html first seen with mtime 1720604144.211769
DEBUG 2024-07-10 09:36:27,562 autoreload File /usr/local/lib/python3.9/site-packages/rest_framework/templates/rest_framework/horizontal/checkbox_multiple.html first seen with mtime 1720604144.210769
DEBUG 2024-07-10 09:36:27,562 autoreload File /usr/local/lib/python3.9/site-packages/rest_framework/templates/rest_framework/horizontal/form.html first seen with mtime 1720604144.210769
DEBUG 2024-07-10 09:36:27,562 autoreload File /usr/local/lib/python3.9/site-packages/rest_framework/templates/rest_framework/horizontal/list_fieldset.html first seen with mtime 1720604144.210769
DEBUG 2024-07-10 09:36:27,563 autoreload File /usr/local/lib/python3.9/site-packages/rest_framework/templates/rest_framework/horizontal/select_multiple.html first seen with mtime 1720604144.211769
DEBUG 2024-07-10 09:36:27,563 autoreload File /usr/local/lib/python3.9/site-packages/rest_framework/templates/rest_framework/horizontal/input.html first seen with mtime 1720604144.210769
DEBUG 2024-07-10 09:36:27,563 autoreload File /usr/local/lib/python3.9/site-packages/rest_framework/templates/rest_framework/filters/base.html first seen with mtime 1720604144.210769
DEBUG 2024-07-10 09:36:27,563 autoreload File /usr/local/lib/python3.9/site-packages/rest_framework/templates/rest_framework/filters/ordering.html first seen with mtime 1720604144.210769
DEBUG 2024-07-10 09:36:27,564 autoreload File /usr/local/lib/python3.9/site-packages/rest_framework/templates/rest_framework/filters/search.html first seen with mtime 1720604144.210769
DEBUG 2024-07-10 09:36:27,564 autoreload File /usr/local/lib/python3.9/site-packages/rest_framework/templates/rest_framework/inline/fieldset.html first seen with mtime 1720604144.211769
DEBUG 2024-07-10 09:36:27,564 autoreload File /usr/local/lib/python3.9/site-packages/rest_framework/templates/rest_framework/inline/radio.html first seen with mtime 1720604144.211769
DEBUG 2024-07-10 09:36:27,564 autoreload File /usr/local/lib/python3.9/site-packages/rest_framework/templates/rest_framework/inline/select.html first seen with mtime 1720604144.211769
DEBUG 2024-07-10 09:36:27,565 autoreload File /usr/local/lib/python3.9/site-packages/rest_framework/templates/rest_framework/inline/dict_field.html first seen with mtime 1720604144.211769
DEBUG 2024-07-10 09:36:27,565 autoreload File /usr/local/lib/python3.9/site-packages/rest_framework/templates/rest_framework/inline/list_field.html first seen with mtime 1720604144.211769
DEBUG 2024-07-10 09:36:27,565 autoreload File /usr/local/lib/python3.9/site-packages/rest_framework/templates/rest_framework/inline/checkbox.html first seen with mtime 1720604144.211769
DEBUG 2024-07-10 09:36:27,565 autoreload File /usr/local/lib/python3.9/site-packages/rest_framework/templates/rest_framework/inline/textarea.html first seen with mtime 1720604144.212769
DEBUG 2024-07-10 09:36:27,565 autoreload File /usr/local/lib/python3.9/site-packages/rest_framework/templates/rest_framework/inline/checkbox_multiple.html first seen with mtime 1720604144.211769
DEBUG 2024-07-10 09:36:27,566 autoreload File /usr/local/lib/python3.9/site-packages/rest_framework/templates/rest_framework/inline/form.html first seen with mtime 1720604144.211769
DEBUG 2024-07-10 09:36:27,566 autoreload File /usr/local/lib/python3.9/site-packages/rest_framework/templates/rest_framework/inline/list_fieldset.html first seen with mtime 1720604144.211769
DEBUG 2024-07-10 09:36:27,566 autoreload File /usr/local/lib/python3.9/site-packages/rest_framework/templates/rest_framework/inline/select_multiple.html first seen with mtime 1720604144.212769
DEBUG 2024-07-10 09:36:27,567 autoreload File /usr/local/lib/python3.9/site-packages/rest_framework/templates/rest_framework/inline/input.html first seen with mtime 1720604144.211769
DEBUG 2024-07-10 09:36:27,568 autoreload File /usr/local/lib/python3.9/site-packages/drf_yasg/templates/drf-yasg first seen with mtime 1720604145.381769
DEBUG 2024-07-10 09:36:27,569 autoreload File /usr/local/lib/python3.9/site-packages/drf_yasg/templates/drf-yasg/redoc-old.html first seen with mtime 1720604145.381769
DEBUG 2024-07-10 09:36:27,569 autoreload File /usr/local/lib/python3.9/site-packages/drf_yasg/templates/drf-yasg/redoc.html first seen with mtime 1720604145.381769
DEBUG 2024-07-10 09:36:27,569 autoreload File /usr/local/lib/python3.9/site-packages/drf_yasg/templates/drf-yasg/swagger-ui.html first seen with mtime 1720604145.381769
DEBUG 2024-07-10 09:36:27,570 autoreload File /usr/local/lib/python3.9/site-packages/rest_framework/locale/da/LC_MESSAGES/django.mo first seen with mtime 1720604144.185769
DEBUG 2024-07-10 09:36:27,570 autoreload File /usr/local/lib/python3.9/site-packages/rest_framework/locale/sl/LC_MESSAGES/django.mo first seen with mtime 1720604144.192769
DEBUG 2024-07-10 09:36:27,570 autoreload File /usr/local/lib/python3.9/site-packages/rest_framework/locale/es/LC_MESSAGES/django.mo first seen with mtime 1720604144.186769
DEBUG 2024-07-10 09:36:27,571 autoreload File /usr/local/lib/python3.9/site-packages/rest_framework/locale/pl/LC_MESSAGES/django.mo first seen with mtime 1720604144.190769
DEBUG 2024-07-10 09:36:27,571 autoreload File /usr/local/lib/python3.9/site-packages/rest_framework/locale/az/LC_MESSAGES/django.mo first seen with mtime 1720604144.184769
DEBUG 2024-07-10 09:36:27,571 autoreload File /usr/local/lib/python3.9/site-packages/rest_framework/locale/be/LC_MESSAGES/django.mo first seen with mtime 1720604144.184769
DEBUG 2024-07-10 09:36:27,572 autoreload File /usr/local/lib/python3.9/site-packages/rest_framework/locale/en/LC_MESSAGES/django.mo first seen with mtime 1720604144.186769
DEBUG 2024-07-10 09:36:27,572 autoreload File /usr/local/lib/python3.9/site-packages/rest_framework/locale/fr/LC_MESSAGES/django.mo first seen with mtime 1720604144.187769
DEBUG 2024-07-10 09:36:27,572 autoreload File /usr/local/lib/python3.9/site-packages/rest_framework/locale/hy/LC_MESSAGES/django.mo first seen with mtime 1720604144.188769
DEBUG 2024-07-10 09:36:27,573 autoreload File /usr/local/lib/python3.9/site-packages/rest_framework/locale/gl/LC_MESSAGES/django.mo first seen with mtime 1720604144.187769
DEBUG 2024-07-10 09:36:27,573 autoreload File /usr/local/lib/python3.9/site-packages/rest_framework/locale/ru_RU/LC_MESSAGES/django.mo first seen with mtime 1720604144.1917691
DEBUG 2024-07-10 09:36:27,573 autoreload File /usr/local/lib/python3.9/site-packages/rest_framework/locale/et/LC_MESSAGES/django.mo first seen with mtime 1720604144.186769
DEBUG 2024-07-10 09:36:27,573 autoreload File /usr/local/lib/python3.9/site-packages/rest_framework/locale/ach/LC_MESSAGES/django.mo first seen with mtime 1720604144.184769
DEBUG 2024-07-10 09:36:27,574 autoreload File /usr/local/lib/python3.9/site-packages/rest_framework/locale/ro/LC_MESSAGES/django.mo first seen with mtime 1720604144.1917691
DEBUG 2024-07-10 09:36:27,574 autoreload File /usr/local/lib/python3.9/site-packages/rest_framework/locale/ko_KR/LC_MESSAGES/django.mo first seen with mtime 1720604144.189769
DEBUG 2024-07-10 09:36:27,574 autoreload File /usr/local/lib/python3.9/site-packages/rest_framework/locale/zh_Hant/LC_MESSAGES/django.mo first seen with mtime 1720604144.193769
DEBUG 2024-07-10 09:36:27,575 autoreload File /usr/local/lib/python3.9/site-packages/rest_framework/locale/hu/LC_MESSAGES/django.mo first seen with mtime 1720604144.188769
DEBUG 2024-07-10 09:36:27,575 autoreload File /usr/local/lib/python3.9/site-packages/rest_framework/locale/en_US/LC_MESSAGES/django.mo first seen with mtime 1720604144.186769
DEBUG 2024-07-10 09:36:27,575 autoreload File /usr/local/lib/python3.9/site-packages/rest_framework/locale/lt/LC_MESSAGES/django.mo first seen with mtime 1720604144.189769
DEBUG 2024-07-10 09:36:27,575 autoreload File /usr/local/lib/python3.9/site-packages/rest_framework/locale/pt_BR/LC_MESSAGES/django.mo first seen with mtime 1720604144.1917691
DEBUG 2024-07-10 09:36:27,575 autoreload File /usr/local/lib/python3.9/site-packages/rest_framework/locale/lv/LC_MESSAGES/django.mo first seen with mtime 1720604144.189769
DEBUG 2024-07-10 09:36:27,576 autoreload File /usr/local/lib/python3.9/site-packages/rest_framework/locale/tr_TR/LC_MESSAGES/django.mo first seen with mtime 1720604144.192769
DEBUG 2024-07-10 09:36:27,576 autoreload File /usr/local/lib/python3.9/site-packages/rest_framework/locale/gl_ES/LC_MESSAGES/django.mo first seen with mtime 1720604144.188769
DEBUG 2024-07-10 09:36:27,576 autoreload File /usr/local/lib/python3.9/site-packages/rest_framework/locale/en_AU/LC_MESSAGES/django.mo first seen with mtime 1720604144.186769
DEBUG 2024-07-10 09:36:27,576 autoreload File /usr/local/lib/python3.9/site-packages/rest_framework/locale/de/LC_MESSAGES/django.mo first seen with mtime 1720604144.185769
DEBUG 2024-07-10 09:36:27,577 autoreload File /usr/local/lib/python3.9/site-packages/rest_framework/locale/th/LC_MESSAGES/django.mo first seen with mtime 1720604144.192769
DEBUG 2024-07-10 09:36:27,577 autoreload File /usr/local/lib/python3.9/site-packages/rest_framework/locale/en_CA/LC_MESSAGES/django.mo first seen with mtime 1720604144.186769
DEBUG 2024-07-10 09:36:27,577 autoreload File /usr/local/lib/python3.9/site-packages/rest_framework/locale/bg/LC_MESSAGES/django.mo first seen with mtime 1720604144.184769
DEBUG 2024-07-10 09:36:27,577 autoreload File /usr/local/lib/python3.9/site-packages/rest_framework/locale/sk/LC_MESSAGES/django.mo first seen with mtime 1720604144.1917691
DEBUG 2024-07-10 09:36:27,578 autoreload File /usr/local/lib/python3.9/site-packages/rest_framework/locale/fa/LC_MESSAGES/django.mo first seen with mtime 1720604144.187769
DEBUG 2024-07-10 09:36:27,578 autoreload File /usr/local/lib/python3.9/site-packages/rest_framework/locale/uk/LC_MESSAGES/django.mo first seen with mtime 1720604144.192769
DEBUG 2024-07-10 09:36:27,578 autoreload File /usr/local/lib/python3.9/site-packages/rest_framework/locale/tr/LC_MESSAGES/django.mo first seen with mtime 1720604144.192769
DEBUG 2024-07-10 09:36:27,579 autoreload File /usr/local/lib/python3.9/site-packages/rest_framework/locale/pt/LC_MESSAGES/django.mo first seen with mtime 1720604144.190769
DEBUG 2024-07-10 09:36:27,579 autoreload File /usr/local/lib/python3.9/site-packages/rest_framework/locale/zh_Hans/LC_MESSAGES/django.mo first seen with mtime 1720604144.193769
DEBUG 2024-07-10 09:36:27,579 autoreload File /usr/local/lib/python3.9/site-packages/rest_framework/locale/ne_NP/LC_MESSAGES/django.mo first seen with mtime 1720604144.190769
DEBUG 2024-07-10 09:36:27,579 autoreload File /usr/local/lib/python3.9/site-packages/rest_framework/locale/fr_CA/LC_MESSAGES/django.mo first seen with mtime 1720604144.187769
DEBUG 2024-07-10 09:36:27,580 autoreload File /usr/local/lib/python3.9/site-packages/rest_framework/locale/zh_TW/LC_MESSAGES/django.mo first seen with mtime 1720604144.193769
DEBUG 2024-07-10 09:36:27,580 autoreload File /usr/local/lib/python3.9/site-packages/rest_framework/locale/el/LC_MESSAGES/django.mo first seen with mtime 1720604144.185769
DEBUG 2024-07-10 09:36:27,580 autoreload File /usr/local/lib/python3.9/site-packages/rest_framework/locale/vi/LC_MESSAGES/django.mo first seen with mtime 1720604144.193769
DEBUG 2024-07-10 09:36:27,580 autoreload File /usr/local/lib/python3.9/site-packages/rest_framework/locale/ar/LC_MESSAGES/django.mo first seen with mtime 1720604144.184769
DEBUG 2024-07-10 09:36:27,581 autoreload File /usr/local/lib/python3.9/site-packages/rest_framework/locale/ja/LC_MESSAGES/django.mo first seen with mtime 1720604144.189769
DEBUG 2024-07-10 09:36:27,581 autoreload File /usr/local/lib/python3.9/site-packages/rest_framework/locale/no/LC_MESSAGES/django.mo first seen with mtime 1720604144.190769
DEBUG 2024-07-10 09:36:27,581 autoreload File /usr/local/lib/python3.9/site-packages/rest_framework/locale/he_IL/LC_MESSAGES/django.mo first seen with mtime 1720604144.188769
DEBUG 2024-07-10 09:36:27,582 autoreload File /usr/local/lib/python3.9/site-packages/rest_framework/locale/fa_IR/LC_MESSAGES/django.mo first seen with mtime 1720604144.187769
DEBUG 2024-07-10 09:36:27,582 autoreload File /usr/local/lib/python3.9/site-packages/rest_framework/locale/nb/LC_MESSAGES/django.mo first seen with mtime 1720604144.189769
DEBUG 2024-07-10 09:36:27,582 autoreload File /usr/local/lib/python3.9/site-packages/rest_framework/locale/nl/LC_MESSAGES/django.mo first seen with mtime 1720604144.190769
DEBUG 2024-07-10 09:36:27,583 autoreload File /usr/local/lib/python3.9/site-packages/rest_framework/locale/zh_CN/LC_MESSAGES/django.mo first seen with mtime 1720604144.193769
DEBUG 2024-07-10 09:36:27,583 autoreload File /usr/local/lib/python3.9/site-packages/rest_framework/locale/ru/LC_MESSAGES/django.mo first seen with mtime 1720604144.1917691
DEBUG 2024-07-10 09:36:27,583 autoreload File /usr/local/lib/python3.9/site-packages/rest_framework/locale/cs/LC_MESSAGES/django.mo first seen with mtime 1720604144.185769
DEBUG 2024-07-10 09:36:27,583 autoreload File /usr/local/lib/python3.9/site-packages/rest_framework/locale/nn/LC_MESSAGES/django.mo first seen with mtime 1720604144.190769
DEBUG 2024-07-10 09:36:27,584 autoreload File /usr/local/lib/python3.9/site-packages/rest_framework/locale/pt_PT/LC_MESSAGES/django.mo first seen with mtime 1720604144.1917691
DEBUG 2024-07-10 09:36:27,584 autoreload File /usr/local/lib/python3.9/site-packages/rest_framework/locale/sv/LC_MESSAGES/django.mo first seen with mtime 1720604144.192769
DEBUG 2024-07-10 09:36:27,584 autoreload File /usr/local/lib/python3.9/site-packages/rest_framework/locale/id/LC_MESSAGES/django.mo first seen with mtime 1720604144.188769
DEBUG 2024-07-10 09:36:27,584 autoreload File /usr/local/lib/python3.9/site-packages/rest_framework/locale/el_GR/LC_MESSAGES/django.mo first seen with mtime 1720604144.186769
DEBUG 2024-07-10 09:36:27,585 autoreload File /usr/local/lib/python3.9/site-packages/rest_framework/locale/ca/LC_MESSAGES/django.mo first seen with mtime 1720604144.185769
DEBUG 2024-07-10 09:36:27,585 autoreload File /usr/local/lib/python3.9/site-packages/rest_framework/locale/ca_ES/LC_MESSAGES/django.mo first seen with mtime 1720604144.185769
DEBUG 2024-07-10 09:36:27,585 autoreload File /usr/local/lib/python3.9/site-packages/rest_framework/locale/it/LC_MESSAGES/django.mo first seen with mtime 1720604144.188769
DEBUG 2024-07-10 09:36:27,585 autoreload File /usr/local/lib/python3.9/site-packages/rest_framework/locale/fi/LC_MESSAGES/django.mo first seen with mtime 1720604144.187769
DEBUG 2024-07-10 09:36:27,586 autoreload File /usr/local/lib/python3.9/site-packages/rest_framework/locale/mk/LC_MESSAGES/django.mo first seen with mtime 1720604144.189769
DEBUG 2024-07-10 09:36:28,638 autoreload File /usr/local/lib/python3.9/site-packages/django/contrib/contenttypes/migrations/__init__.py first seen with mtime 1720604143.171769
DEBUG 2024-07-10 09:36:28,639 autoreload File /usr/local/lib/python3.9/site-packages/django/contrib/auth/migrations/0012_alter_user_first_name_max_length.py first seen with mtime 1720604143.149769
DEBUG 2024-07-10 09:36:28,639 autoreload File /usr/local/lib/python3.9/site-packages/django/contrib/auth/migrations/0002_alter_permission_name_max_length.py first seen with mtime 1720604143.149769
DEBUG 2024-07-10 09:36:28,639 autoreload File /usr/local/lib/python3.9/site-packages/django/contrib/auth/migrations/0008_alter_user_username_max_length.py first seen with mtime 1720604143.149769
DEBUG 2024-07-10 09:36:28,640 autoreload File /usr/local/lib/python3.9/site-packages/rest_framework_simplejwt/token_blacklist/migrations/0002_outstandingtoken_jti_hex.py first seen with mtime 1720604145.417769
DEBUG 2024-07-10 09:36:28,640 autoreload File /app/apps/users/migrations/__init__.py first seen with mtime 1720512557.452112
DEBUG 2024-07-10 09:36:28,640 autoreload File /usr/local/lib/python3.9/site-packages/django/contrib/admin/migrations/0003_logentry_add_action_flag_choices.py first seen with mtime 1720604143.069769
DEBUG 2024-07-10 09:36:28,640 autoreload File /usr/local/lib/python3.9/site-packages/MySQLdb/connections.py first seen with mtime 1720604138.506769
DEBUG 2024-07-10 09:36:28,641 autoreload File /app/apps/entry/migrations/__init__.py first seen with mtime 1720164569.0874615
DEBUG 2024-07-10 09:36:28,641 autoreload File /usr/local/lib/python3.9/site-packages/rest_framework_simplejwt/token_blacklist/migrations/0001_initial.py first seen with mtime 1720604145.417769
DEBUG 2024-07-10 09:36:28,641 autoreload File /usr/local/lib/python3.9/site-packages/django/contrib/auth/migrations/0009_alter_user_last_name_max_length.py first seen with mtime 1720604143.149769
DEBUG 2024-07-10 09:36:28,642 autoreload File /usr/local/lib/python3.9/site-packages/django/contrib/auth/migrations/0005_alter_user_last_login_null.py first seen with mtime 1720604143.149769
DEBUG 2024-07-10 09:36:28,642 autoreload File /usr/local/lib/python3.9/site-packages/django/contrib/sessions/migrations/__init__.py first seen with mtime 1720604143.320769
DEBUG 2024-07-10 09:36:28,642 autoreload File /usr/local/lib/python3.9/site-packages/django/contrib/auth/migrations/0007_alter_validators_add_error_messages.py first seen with mtime 1720604143.149769
DEBUG 2024-07-10 09:36:28,643 autoreload File /usr/local/lib/python3.9/site-packages/rest_framework_simplejwt/token_blacklist/migrations/0003_auto_20171017_2007.py first seen with mtime 1720604145.417769
DEBUG 2024-07-10 09:36:28,643 autoreload File /usr/local/lib/python3.9/site-packages/django/contrib/admin/migrations/0001_initial.py first seen with mtime 1720604143.068769
DEBUG 2024-07-10 09:36:28,643 autoreload File /usr/local/lib/python3.9/site-packages/rest_framework_simplejwt/token_blacklist/migrations/0011_linearizes_history.py first seen with mtime 1720604145.417769
DEBUG 2024-07-10 09:36:28,644 autoreload File /usr/local/lib/python3.9/site-packages/django/contrib/auth/migrations/0001_initial.py first seen with mtime 1720604143.148769
DEBUG 2024-07-10 09:36:28,644 autoreload File /usr/local/lib/python3.9/site-packages/rest_framework_simplejwt/token_blacklist/migrations/0006_auto_20171017_2113.py first seen with mtime 1720604145.417769
DEBUG 2024-07-10 09:36:28,645 autoreload File /usr/local/lib/python3.9/site-packages/django/contrib/admin/migrations/0002_logentry_remove_auto_add.py first seen with mtime 1720604143.068769
DEBUG 2024-07-10 09:36:28,645 autoreload File /usr/local/lib/python3.9/site-packages/django/contrib/auth/migrations/0003_alter_user_email_max_length.py first seen with mtime 1720604143.149769
DEBUG 2024-07-10 09:36:28,645 autoreload File /usr/local/lib/python3.9/site-packages/django/contrib/contenttypes/migrations/0001_initial.py first seen with mtime 1720604143.171769
DEBUG 2024-07-10 09:36:28,645 autoreload File /usr/local/lib/python3.9/site-packages/django/contrib/sessions/backends/db.py first seen with mtime 1720604143.299769
DEBUG 2024-07-10 09:36:28,646 autoreload File /usr/local/lib/python3.9/site-packages/django/db/migrations/loader.py first seen with mtime 1720604143.369769
DEBUG 2024-07-10 09:36:28,646 autoreload File /usr/local/lib/python3.9/site-packages/MySQLdb/cursors.py first seen with mtime 1720604138.506769
DEBUG 2024-07-10 09:36:28,646 autoreload File /usr/local/lib/python3.9/site-packages/django/middleware/clickjacking.py first seen with mtime 1720604143.389769
DEBUG 2024-07-10 09:36:28,646 autoreload File /usr/local/lib/python3.9/site-packages/django/db/migrations/recorder.py first seen with mtime 1720604143.370769
DEBUG 2024-07-10 09:36:28,647 autoreload File /app/apps/users/migrations/0001_initial.py first seen with mtime 1720512557.4520702
DEBUG 2024-07-10 09:36:28,647 autoreload File /usr/local/lib/python3.9/site-packages/rest_framework_simplejwt/token_blacklist/migrations/0012_alter_outstandingtoken_user.py first seen with mtime 1720604145.417769
DEBUG 2024-07-10 09:36:28,647 autoreload File /app/apps/users/migrations/0002_rename_username_customuser_auth_id.py first seen with mtime 1720532565.3732274
DEBUG 2024-07-10 09:36:28,647 autoreload File /usr/local/lib/python3.9/site-packages/django/contrib/auth/migrations/0004_alter_user_username_opts.py first seen with mtime 1720604143.149769
DEBUG 2024-07-10 09:36:28,648 autoreload File /usr/local/lib/python3.9/site-packages/django/db/backends/mysql/compiler.py first seen with mtime 1720604143.364769
DEBUG 2024-07-10 09:36:28,648 autoreload File /app/apps/entry/migrations/0001_initial.py first seen with mtime 1720164569.0871913
DEBUG 2024-07-10 09:36:28,648 autoreload File /usr/local/lib/python3.9/site-packages/django/contrib/auth/migrations/0006_require_contenttypes_0002.py first seen with mtime 1720604143.149769
DEBUG 2024-07-10 09:36:28,649 autoreload File /usr/local/lib/python3.9/site-packages/django/contrib/contenttypes/migrations/0002_remove_content_type_name.py first seen with mtime 1720604143.171769
DEBUG 2024-07-10 09:36:28,649 autoreload File /usr/local/lib/python3.9/site-packages/django/contrib/sessions/migrations/0001_initial.py first seen with mtime 1720604143.319769
DEBUG 2024-07-10 09:36:28,649 autoreload File /app/config/wsgi.py first seen with mtime 1720164569.0903406
DEBUG 2024-07-10 09:36:28,649 autoreload File /usr/local/lib/python3.9/site-packages/rest_framework_simplejwt/token_blacklist/migrations/__init__.py first seen with mtime 1720604145.417769
DEBUG 2024-07-10 09:36:28,650 autoreload File /usr/local/lib/python3.9/site-packages/rest_framework_simplejwt/token_blacklist/migrations/0007_auto_20171017_2214.py first seen with mtime 1720604145.417769
DEBUG 2024-07-10 09:36:28,650 autoreload File /usr/local/lib/python3.9/site-packages/rest_framework_simplejwt/token_blacklist/migrations/0005_remove_outstandingtoken_jti.py first seen with mtime 1720604145.417769
DEBUG 2024-07-10 09:36:28,651 autoreload File /app/apps/users/migrations/0003_alter_customuser_table.py first seen with mtime 1720541168.632869
DEBUG 2024-07-10 09:36:28,651 autoreload File /usr/local/lib/python3.9/site-packages/django/contrib/admin/migrations/__init__.py first seen with mtime 1720604143.069769
DEBUG 2024-07-10 09:36:28,651 autoreload File /usr/local/lib/python3.9/site-packages/django/contrib/auth/migrations/0011_update_proxy_permissions.py first seen with mtime 1720604143.149769
DEBUG 2024-07-10 09:36:28,651 autoreload File /usr/local/lib/python3.9/site-packages/django/db/migrations/executor.py first seen with mtime 1720604143.369769
DEBUG 2024-07-10 09:36:28,652 autoreload File /usr/local/lib/python3.9/site-packages/rest_framework_simplejwt/token_blacklist/migrations/0004_auto_20171017_2013.py first seen with mtime 1720604145.417769
DEBUG 2024-07-10 09:36:28,652 autoreload File /usr/local/lib/python3.9/site-packages/django/db/migrations/graph.py first seen with mtime 1720604143.369769
DEBUG 2024-07-10 09:36:28,652 autoreload File /usr/local/lib/python3.9/site-packages/rest_framework_simplejwt/token_blacklist/migrations/0010_fix_migrate_to_bigautofield.py first seen with mtime 1720604145.417769
DEBUG 2024-07-10 09:36:28,652 autoreload File /usr/local/lib/python3.9/site-packages/django/contrib/auth/migrations/0010_alter_group_name_max_length.py first seen with mtime 1720604143.149769
DEBUG 2024-07-10 09:36:28,653 autoreload File /app/apps/entry/migrations/0003_options_regions_residences_types_delete_category.py first seen with mtime 1720532565.370296
DEBUG 2024-07-10 09:36:28,653 autoreload File /usr/local/lib/python3.9/site-packages/django/contrib/auth/migrations/__init__.py first seen with mtime 1720604143.149769
DEBUG 2024-07-10 09:36:28,653 autoreload File /usr/local/lib/python3.9/site-packages/django/db/models/sql/compiler.py first seen with mtime 1720604143.377769
DEBUG 2024-07-10 09:36:28,653 autoreload File /app/apps/entry/migrations/0002_category_monthly.py first seen with mtime 1720164569.0874157
DEBUG 2024-07-10 09:36:28,654 autoreload File /usr/local/lib/python3.9/site-packages/rest_framework_simplejwt/token_blacklist/migrations/0008_migrate_to_bigautofield.py first seen with mtime 1720604145.417769
INFO 2024-07-10 09:36:32,317 basehttp "GET /swagger/ HTTP/1.1" 200 2164
INFO 2024-07-10 09:36:32,468 basehttp "GET /static/drf-yasg/style.css HTTP/1.1" 200 1047
INFO 2024-07-10 09:36:32,470 basehttp "GET /static/drf-yasg/insQ.min.js HTTP/1.1" 200 2093
INFO 2024-07-10 09:36:32,482 basehttp "GET /static/drf-yasg/swagger-ui-init.js HTTP/1.1" 200 14964
INFO 2024-07-10 09:36:32,485 basehttp "GET /static/drf-yasg/immutable.min.js HTTP/1.1" 200 56904
INFO 2024-07-10 09:36:32,488 basehttp "GET /static/drf-yasg/swagger-ui-dist/swagger-ui.css HTTP/1.1" 200 145206
INFO 2024-07-10 09:36:32,493 basehttp "GET /static/drf-yasg/swagger-ui-dist/swagger-ui-standalone-preset.js HTTP/1.1" 200 322863
INFO 2024-07-10 09:36:32,497 basehttp "GET /static/drf-yasg/swagger-ui-dist/swagger-ui-bundle.js HTTP/1.1" 200 1046583
INFO 2024-07-10 09:36:32,709 basehttp "GET /swagger/?format=openapi HTTP/1.1" 200 6409
INFO 2024-07-10 09:36:32,709 basehttp "GET /static/drf-yasg/swagger-ui-dist/favicon-32x32.png HTTP/1.1" 200 628
DEBUG 2024-07-10 09:36:32,824 autoreload File /usr/local/lib/python3.9/site-packages/django/contrib/staticfiles/storage.py first seen with mtime 1720604143.343769
DEBUG 2024-07-10 09:36:32,825 autoreload File /usr/local/lib/python3.9/site-packages/django/template/context_processors.py first seen with mtime 1720604143.390769
DEBUG 2024-07-10 09:36:32,825 autoreload File /usr/local/lib/python3.9/site-packages/django/contrib/sessions/serializers.py first seen with mtime 1720604143.298769
DEBUG 2024-07-10 09:36:32,828 autoreload File /usr/local/lib/python3.9/site-packages/django/contrib/messages/context_processors.py first seen with mtime 1720604143.254769
DEBUG 2024-07-10 09:36:32,828 autoreload File /usr/local/lib/python3.9/site-packages/django/contrib/messages/storage/fallback.py first seen with mtime 1720604143.255769
DEBUG 2024-07-10 09:36:32,829 autoreload File /usr/local/lib/python3.9/site-packages/django/contrib/messages/storage/cookie.py first seen with mtime 1720604143.255769
DEBUG 2024-07-10 09:36:32,831 autoreload File /usr/local/lib/python3.9/site-packages/django/contrib/auth/context_processors.py first seen with mtime 1720604143.119769
DEBUG 2024-07-10 09:36:32,831 autoreload File /usr/local/lib/python3.9/site-packages/django/contrib/messages/storage/session.py first seen with mtime 1720604143.255769
DEBUG 2024-07-10 09:36:44,838 utils (0.008) 
                SELECT VERSION(),
                       @@sql_mode,
                       @@default_storage_engine,
                       @@sql_auto_is_null,
                       @@lower_case_table_names,
                       CONVERT_TZ('2001-01-01 01:00:00', 'UTC', 'UTC') IS NOT NULL
            ; args=None; alias=default
DEBUG 2024-07-10 09:36:44,846 utils (0.007) SET SESSION TRANSACTION ISOLATION LEVEL READ COMMITTED; args=None; alias=default
DEBUG 2024-07-10 09:36:44,856 utils (0.009) SELECT `users_table`.`last_login`, `users_table`.`is_superuser`, `users_table`.`id`, `users_table`.`auth_id`, `users_table`.`password`, `users_table`.`name`, `users_table`.`created_at`, `users_table`.`updated_at`, `users_table`.`deleted_at`, `users_table`.`is_active`, `users_table`.`is_staff` FROM `users_table` WHERE `users_table`.`auth_id` = 'abcd' LIMIT 21; args=('abcd',); alias=default
DEBUG 2024-07-10 09:36:44,879 utils (0.010) INSERT INTO `token_blacklist_outstandingtoken` (`user_id`, `jti`, `token`, `created_at`, `expires_at`) VALUES (13, '17f17daa4837456fb93b24b0dce75220', 'eyJhbGciOiJIUzI1NiIsInR5cCI6IkpXVCJ9.eyJ0b2tlbl90eXBlIjoicmVmcmVzaCIsImV4cCI6MTcyMDY5MDYwNCwiaWF0IjoxNzIwNjA0MjA0LCJqdGkiOiIxN2YxN2RhYTQ4Mzc0NTZmYjkzYjI0YjBkY2U3NTIyMCIsInVzZXJfaWQiOjEzfQ.6Iz6gX-WCtv-xUacW7BCLo_BYVPrLZJ7IuLGM1uqd5o', '2024-07-10 09:36:44.858495', '2024-07-11 09:36:44'); args=[13, '17f17daa4837456fb93b24b0dce75220', 'eyJhbGciOiJIUzI1NiIsInR5cCI6IkpXVCJ9.eyJ0b2tlbl90eXBlIjoicmVmcmVzaCIsImV4cCI6MTcyMDY5MDYwNCwiaWF0IjoxNzIwNjA0MjA0LCJqdGkiOiIxN2YxN2RhYTQ4Mzc0NTZmYjkzYjI0YjBkY2U3NTIyMCIsInVzZXJfaWQiOjEzfQ.6Iz6gX-WCtv-xUacW7BCLo_BYVPrLZJ7IuLGM1uqd5o', '2024-07-10 09:36:44.858495', '2024-07-11 09:36:44']; alias=default
INFO 2024-07-10 09:36:44,882 basehttp "POST /users/login/ HTTP/1.1" 200 498
DEBUG 2024-07-10 09:36:45,191 autoreload File /usr/local/lib/python3.9/site-packages/jwt/types.py first seen with mtime 1720604136.638769
DEBUG 2024-07-10 09:36:45,192 autoreload File /usr/local/lib/python3.9/site-packages/jwt/api_jwt.py first seen with mtime 1720604136.637769
DEBUG 2024-07-10 09:36:45,192 autoreload File /usr/local/lib/python3.9/site-packages/jwt/api_jwk.py first seen with mtime 1720604136.637769
DEBUG 2024-07-10 09:36:45,193 autoreload File /usr/local/lib/python3.9/site-packages/jwt/exceptions.py first seen with mtime 1720604136.637769
DEBUG 2024-07-10 09:36:45,193 autoreload File /usr/local/lib/python3.9/site-packages/jwt/jwk_set_cache.py first seen with mtime 1720604136.638769
DEBUG 2024-07-10 09:36:45,194 autoreload File /usr/local/lib/python3.9/site-packages/rest_framework_simplejwt/backends.py first seen with mtime 1720604145.410769
DEBUG 2024-07-10 09:36:45,194 autoreload File /usr/local/lib/python3.9/site-packages/rest_framework_simplejwt/state.py first seen with mtime 1720604145.410769
DEBUG 2024-07-10 09:36:45,194 autoreload File /usr/local/lib/python3.9/site-packages/jwt/__init__.py first seen with mtime 1720604136.637769
DEBUG 2024-07-10 09:36:45,197 autoreload File /usr/local/lib/python3.9/site-packages/jwt/algorithms.py first seen with mtime 1720604136.637769
DEBUG 2024-07-10 09:36:45,197 autoreload File /usr/local/lib/python3.9/site-packages/jwt/jwks_client.py first seen with mtime 1720604136.638769
DEBUG 2024-07-10 09:36:45,198 autoreload File /usr/local/lib/python3.9/site-packages/jwt/utils.py first seen with mtime 1720604136.638769
DEBUG 2024-07-10 09:36:45,199 autoreload File /usr/local/lib/python3.9/site-packages/jwt/warnings.py first seen with mtime 1720604136.638769
DEBUG 2024-07-10 09:36:45,199 autoreload File /usr/local/lib/python3.9/site-packages/jwt/api_jws.py first seen with mtime 1720604136.637769
DEBUG 2024-07-10 09:37:03,336 utils (0.007) SET SESSION TRANSACTION ISOLATION LEVEL READ COMMITTED; args=None; alias=default
DEBUG 2024-07-10 09:37:03,347 utils (0.008) SELECT `users_table`.`last_login`, `users_table`.`is_superuser`, `users_table`.`id`, `users_table`.`auth_id`, `users_table`.`password`, `users_table`.`name`, `users_table`.`created_at`, `users_table`.`updated_at`, `users_table`.`deleted_at`, `users_table`.`is_active`, `users_table`.`is_staff` FROM `users_table` WHERE `users_table`.`id` = 13 LIMIT 21; args=(13,); alias=default
INFO 2024-07-10 09:37:03,349 basehttp "DELETE /users/logout/ HTTP/1.1" 205 0
INFO 2024-07-10 09:37:09,355 basehttp "GET /swagger/ HTTP/1.1" 200 2164
INFO 2024-07-10 09:37:09,398 basehttp "GET /static/drf-yasg/insQ.min.js HTTP/1.1" 304 0
INFO 2024-07-10 09:37:09,398 basehttp "GET /static/drf-yasg/immutable.min.js HTTP/1.1" 304 0
INFO 2024-07-10 09:37:09,403 basehttp "GET /static/drf-yasg/swagger-ui-dist/swagger-ui-bundle.js HTTP/1.1" 304 0
INFO 2024-07-10 09:37:09,403 basehttp "GET /static/drf-yasg/style.css HTTP/1.1" 304 0
INFO 2024-07-10 09:37:09,404 basehttp "GET /static/drf-yasg/swagger-ui-dist/swagger-ui.css HTTP/1.1" 304 0
INFO 2024-07-10 09:37:09,404 basehttp "GET /static/drf-yasg/swagger-ui-dist/swagger-ui-standalone-preset.js HTTP/1.1" 304 0
INFO 2024-07-10 09:37:09,404 basehttp "GET /static/drf-yasg/swagger-ui-init.js HTTP/1.1" 304 0
INFO 2024-07-10 09:37:09,548 basehttp "GET /swagger/?format=openapi HTTP/1.1" 200 6409
INFO 2024-07-10 09:37:09,549 basehttp "GET /static/drf-yasg/swagger-ui-dist/favicon-32x32.png HTTP/1.1" 304 0
DEBUG 2024-07-10 09:37:23,191 utils (0.008) 
                SELECT VERSION(),
                       @@sql_mode,
                       @@default_storage_engine,
                       @@sql_auto_is_null,
                       @@lower_case_table_names,
                       CONVERT_TZ('2001-01-01 01:00:00', 'UTC', 'UTC') IS NOT NULL
            ; args=None; alias=default
DEBUG 2024-07-10 09:37:23,201 utils (0.008) SET SESSION TRANSACTION ISOLATION LEVEL READ COMMITTED; args=None; alias=default
DEBUG 2024-07-10 09:37:23,210 utils (0.008) SELECT `users_table`.`last_login`, `users_table`.`is_superuser`, `users_table`.`id`, `users_table`.`auth_id`, `users_table`.`password`, `users_table`.`name`, `users_table`.`created_at`, `users_table`.`updated_at`, `users_table`.`deleted_at`, `users_table`.`is_active`, `users_table`.`is_staff` FROM `users_table` WHERE `users_table`.`auth_id` = 'abcd' LIMIT 21; args=('abcd',); alias=default
DEBUG 2024-07-10 09:37:23,223 utils (0.011) INSERT INTO `token_blacklist_outstandingtoken` (`user_id`, `jti`, `token`, `created_at`, `expires_at`) VALUES (13, '7ab42c75bc27437d9eb46aa707e4d6a2', 'eyJhbGciOiJIUzI1NiIsInR5cCI6IkpXVCJ9.eyJ0b2tlbl90eXBlIjoicmVmcmVzaCIsImV4cCI6MTcyMDY5MDY0MywiaWF0IjoxNzIwNjA0MjQzLCJqdGkiOiI3YWI0MmM3NWJjMjc0MzdkOWViNDZhYTcwN2U0ZDZhMiIsInVzZXJfaWQiOjEzfQ.deU151J7xF_VVc8Pfo2ESMZqa4AwarOE9tQunb8Q1ro', '2024-07-10 09:37:23.211558', '2024-07-11 09:37:23'); args=[13, '7ab42c75bc27437d9eb46aa707e4d6a2', 'eyJhbGciOiJIUzI1NiIsInR5cCI6IkpXVCJ9.eyJ0b2tlbl90eXBlIjoicmVmcmVzaCIsImV4cCI6MTcyMDY5MDY0MywiaWF0IjoxNzIwNjA0MjQzLCJqdGkiOiI3YWI0MmM3NWJjMjc0MzdkOWViNDZhYTcwN2U0ZDZhMiIsInVzZXJfaWQiOjEzfQ.deU151J7xF_VVc8Pfo2ESMZqa4AwarOE9tQunb8Q1ro', '2024-07-10 09:37:23.211558', '2024-07-11 09:37:23']; alias=default
INFO 2024-07-10 09:37:23,226 basehttp "POST /users/login/ HTTP/1.1" 200 498
WARNING 2024-07-10 09:37:28,006 log Unauthorized: /users/logout/
WARNING 2024-07-10 09:37:28,007 basehttp "DELETE /users/logout/ HTTP/1.1" 401 58
